/home
└── data
    ├── Livox-SDK
    │   ├── CMakeLists.txt
    │   ├── Doxyfile
    │   ├── LICENSE.txt
    │   ├── README.md
    │   ├── README_CN.md
    │   ├── build
    │   │   ├── CMakeCache.txt
    │   │   ├── CMakeFiles
    │   │   │   ├── 3.16.3
    │   │   │   │   ├── CMakeCCompiler.cmake
    │   │   │   │   ├── CMakeCXXCompiler.cmake
    │   │   │   │   ├── CMakeDetermineCompilerABI_C.bin
    │   │   │   │   ├── CMakeDetermineCompilerABI_CXX.bin
    │   │   │   │   ├── CMakeSystem.cmake
    │   │   │   │   ├── CompilerIdC
    │   │   │   │   │   ├── CMakeCCompilerId.c
    │   │   │   │   │   ├── a.out
    │   │   │   │   │   └── tmp
    │   │   │   │   └── CompilerIdCXX
    │   │   │   │       ├── CMakeCXXCompilerId.cpp
    │   │   │   │       ├── a.out
    │   │   │   │       └── tmp
    │   │   │   ├── 3.24.0
    │   │   │   │   ├── CMakeCCompiler.cmake
    │   │   │   │   ├── CMakeCXXCompiler.cmake
    │   │   │   │   ├── CMakeDetermineCompilerABI_C.bin
    │   │   │   │   ├── CMakeDetermineCompilerABI_CXX.bin
    │   │   │   │   ├── CMakeSystem.cmake
    │   │   │   │   ├── CompilerIdC
    │   │   │   │   │   ├── CMakeCCompilerId.c
    │   │   │   │   │   ├── a.out
    │   │   │   │   │   └── tmp
    │   │   │   │   └── CompilerIdCXX
    │   │   │   │       ├── CMakeCXXCompilerId.cpp
    │   │   │   │       ├── a.out
    │   │   │   │       └── tmp
    │   │   │   ├── CMakeDirectoryInformation.cmake
    │   │   │   ├── CMakeOutput.log
    │   │   │   ├── CMakeTmp
    │   │   │   ├── Makefile.cmake
    │   │   │   ├── Makefile2
    │   │   │   ├── TargetDirectories.txt
    │   │   │   ├── cmake.check_cache
    │   │   │   ├── pkgRedirects
    │   │   │   └── progress.marks
    │   │   ├── Makefile
    │   │   ├── cmake_install.cmake
    │   │   ├── install_manifest.txt
    │   │   ├── notes.txt
    │   │   ├── sample
    │   │   │   ├── hub
    │   │   │   │   ├── CMakeFiles
    │   │   │   │   │   ├── CMakeDirectoryInformation.cmake
    │   │   │   │   │   ├── hub_sample.dir
    │   │   │   │   │   │   ├── C.includecache
    │   │   │   │   │   │   ├── DependInfo.cmake
    │   │   │   │   │   │   ├── build.make
    │   │   │   │   │   │   ├── cmake_clean.cmake
    │   │   │   │   │   │   ├── compiler_depend.internal
    │   │   │   │   │   │   ├── compiler_depend.make
    │   │   │   │   │   │   ├── compiler_depend.ts
    │   │   │   │   │   │   ├── depend.make
    │   │   │   │   │   │   ├── flags.make
    │   │   │   │   │   │   ├── link.txt
    │   │   │   │   │   │   ├── main.c.o
    │   │   │   │   │   │   ├── main.c.o.d
    │   │   │   │   │   │   └── progress.make
    │   │   │   │   │   └── progress.marks
    │   │   │   │   ├── Makefile
    │   │   │   │   ├── cmake_install.cmake
    │   │   │   │   └── hub_sample
    │   │   │   ├── hub_lvx_file
    │   │   │   │   ├── CMakeFiles
    │   │   │   │   │   ├── CMakeDirectoryInformation.cmake
    │   │   │   │   │   ├── hub_lvx_sample.dir
    │   │   │   │   │   │   ├── CXX.includecache
    │   │   │   │   │   │   ├── DependInfo.cmake
    │   │   │   │   │   │   ├── build.make
    │   │   │   │   │   │   ├── cmake_clean.cmake
    │   │   │   │   │   │   ├── compiler_depend.internal
    │   │   │   │   │   │   ├── compiler_depend.make
    │   │   │   │   │   │   ├── compiler_depend.ts
    │   │   │   │   │   │   ├── depend.make
    │   │   │   │   │   │   ├── flags.make
    │   │   │   │   │   │   ├── link.txt
    │   │   │   │   │   │   ├── lvx_file.cpp.o
    │   │   │   │   │   │   ├── lvx_file.cpp.o.d
    │   │   │   │   │   │   ├── main.cpp.o
    │   │   │   │   │   │   ├── main.cpp.o.d
    │   │   │   │   │   │   └── progress.make
    │   │   │   │   │   └── progress.marks
    │   │   │   │   ├── Makefile
    │   │   │   │   ├── cmake_install.cmake
    │   │   │   │   └── hub_lvx_sample
    │   │   │   ├── lidar
    │   │   │   │   ├── CMakeFiles
    │   │   │   │   │   ├── CMakeDirectoryInformation.cmake
    │   │   │   │   │   ├── lidar_sample.dir
    │   │   │   │   │   │   ├── C.includecache
    │   │   │   │   │   │   ├── DependInfo.cmake
    │   │   │   │   │   │   ├── build.make
    │   │   │   │   │   │   ├── cmake_clean.cmake
    │   │   │   │   │   │   ├── compiler_depend.internal
    │   │   │   │   │   │   ├── compiler_depend.make
    │   │   │   │   │   │   ├── compiler_depend.ts
    │   │   │   │   │   │   ├── depend.make
    │   │   │   │   │   │   ├── flags.make
    │   │   │   │   │   │   ├── link.txt
    │   │   │   │   │   │   ├── main.c.o
    │   │   │   │   │   │   ├── main.c.o.d
    │   │   │   │   │   │   └── progress.make
    │   │   │   │   │   └── progress.marks
    │   │   │   │   ├── Makefile
    │   │   │   │   ├── cmake_install.cmake
    │   │   │   │   └── lidar_sample
    │   │   │   └── lidar_lvx_file
    │   │   │       ├── CMakeFiles
    │   │   │       │   ├── CMakeDirectoryInformation.cmake
    │   │   │       │   ├── lidar_lvx_sample.dir
    │   │   │       │   │   ├── CXX.includecache
    │   │   │       │   │   ├── DependInfo.cmake
    │   │   │       │   │   ├── build.make
    │   │   │       │   │   ├── cmake_clean.cmake
    │   │   │       │   │   ├── compiler_depend.internal
    │   │   │       │   │   ├── compiler_depend.make
    │   │   │       │   │   ├── compiler_depend.ts
    │   │   │       │   │   ├── depend.make
    │   │   │       │   │   ├── flags.make
    │   │   │       │   │   ├── link.txt
    │   │   │       │   │   ├── lvx_file.cpp.o
    │   │   │       │   │   ├── lvx_file.cpp.o.d
    │   │   │       │   │   ├── main.cpp.o
    │   │   │       │   │   ├── main.cpp.o.d
    │   │   │       │   │   └── progress.make
    │   │   │       │   └── progress.marks
    │   │   │       ├── Makefile
    │   │   │       ├── cmake_install.cmake
    │   │   │       └── lidar_lvx_sample
    │   │   ├── sample_cc
    │   │   │   ├── hub
    │   │   │   │   ├── CMakeFiles
    │   │   │   │   │   ├── CMakeDirectoryInformation.cmake
    │   │   │   │   │   ├── hub_sample_cc.dir
    │   │   │   │   │   │   ├── CXX.includecache
    │   │   │   │   │   │   ├── DependInfo.cmake
    │   │   │   │   │   │   ├── build.make
    │   │   │   │   │   │   ├── cmake_clean.cmake
    │   │   │   │   │   │   ├── compiler_depend.internal
    │   │   │   │   │   │   ├── compiler_depend.make
    │   │   │   │   │   │   ├── compiler_depend.ts
    │   │   │   │   │   │   ├── depend.make
    │   │   │   │   │   │   ├── flags.make
    │   │   │   │   │   │   ├── lds_hub.cpp.o
    │   │   │   │   │   │   ├── lds_hub.cpp.o.d
    │   │   │   │   │   │   ├── link.txt
    │   │   │   │   │   │   ├── main.cpp.o
    │   │   │   │   │   │   ├── main.cpp.o.d
    │   │   │   │   │   │   └── progress.make
    │   │   │   │   │   └── progress.marks
    │   │   │   │   ├── Makefile
    │   │   │   │   ├── cmake_install.cmake
    │   │   │   │   └── hub_sample_cc
    │   │   │   ├── lidar
    │   │   │   │   ├── CMakeFiles
    │   │   │   │   │   ├── CMakeDirectoryInformation.cmake
    │   │   │   │   │   ├── lidar_sample_cc.dir
    │   │   │   │   │   │   ├── CXX.includecache
    │   │   │   │   │   │   ├── DependInfo.cmake
    │   │   │   │   │   │   ├── build.make
    │   │   │   │   │   │   ├── cmake_clean.cmake
    │   │   │   │   │   │   ├── compiler_depend.internal
    │   │   │   │   │   │   ├── compiler_depend.make
    │   │   │   │   │   │   ├── compiler_depend.ts
    │   │   │   │   │   │   ├── depend.make
    │   │   │   │   │   │   ├── flags.make
    │   │   │   │   │   │   ├── lds_lidar.cpp.o
    │   │   │   │   │   │   ├── lds_lidar.cpp.o.d
    │   │   │   │   │   │   ├── link.txt
    │   │   │   │   │   │   ├── main.cpp.o
    │   │   │   │   │   │   ├── main.cpp.o.d
    │   │   │   │   │   │   └── progress.make
    │   │   │   │   │   └── progress.marks
    │   │   │   │   ├── Makefile
    │   │   │   │   ├── cmake_install.cmake
    │   │   │   │   └── lidar_sample_cc
    │   │   │   ├── lidar_utc_sync
    │   │   │   │   ├── CMakeFiles
    │   │   │   │   │   ├── CMakeDirectoryInformation.cmake
    │   │   │   │   │   ├── lidar_utc_sync.dir
    │   │   │   │   │   │   ├── CXX.includecache
    │   │   │   │   │   │   ├── DependInfo.cmake
    │   │   │   │   │   │   ├── build.make
    │   │   │   │   │   │   ├── cmake_clean.cmake
    │   │   │   │   │   │   ├── compiler_depend.internal
    │   │   │   │   │   │   ├── compiler_depend.make
    │   │   │   │   │   │   ├── compiler_depend.ts
    │   │   │   │   │   │   ├── depend.make
    │   │   │   │   │   │   ├── flags.make
    │   │   │   │   │   │   ├── lds_lidar.cpp.o
    │   │   │   │   │   │   ├── lds_lidar.cpp.o.d
    │   │   │   │   │   │   ├── link.txt
    │   │   │   │   │   │   ├── main.cpp.o
    │   │   │   │   │   │   ├── main.cpp.o.d
    │   │   │   │   │   │   ├── progress.make
    │   │   │   │   │   │   ├── synchro.cpp.o
    │   │   │   │   │   │   └── synchro.cpp.o.d
    │   │   │   │   │   └── progress.marks
    │   │   │   │   ├── Makefile
    │   │   │   │   ├── cmake_install.cmake
    │   │   │   │   └── lidar_utc_sync
    │   │   │   └── trouble_shooting
    │   │   │       ├── CMakeFiles
    │   │   │       │   ├── CMakeDirectoryInformation.cmake
    │   │   │       │   ├── progress.marks
    │   │   │       │   └── trouble_shooting.dir
    │   │   │       │       ├── CXX.includecache
    │   │   │       │       ├── DependInfo.cmake
    │   │   │       │       ├── build.make
    │   │   │       │       ├── cmake_clean.cmake
    │   │   │       │       ├── compiler_depend.internal
    │   │   │       │       ├── compiler_depend.make
    │   │   │       │       ├── compiler_depend.ts
    │   │   │       │       ├── depend.make
    │   │   │       │       ├── flags.make
    │   │   │       │       ├── link.txt
    │   │   │       │       ├── main.cpp.o
    │   │   │       │       ├── main.cpp.o.d
    │   │   │       │       └── progress.make
    │   │   │       ├── Makefile
    │   │   │       ├── cmake_install.cmake
    │   │   │       └── trouble_shooting
    │   │   └── sdk_core
    │   │       ├── CMakeFiles
    │   │       │   ├── CMakeDirectoryInformation.cmake
    │   │       │   ├── livox_sdk_static.dir
    │   │       │   │   ├── CXX.includecache
    │   │       │   │   ├── DependInfo.cmake
    │   │       │   │   ├── build.make
    │   │       │   │   ├── cmake_clean.cmake
    │   │       │   │   ├── cmake_clean_target.cmake
    │   │       │   │   ├── compiler_depend.internal
    │   │       │   │   ├── compiler_depend.make
    │   │       │   │   ├── compiler_depend.ts
    │   │       │   │   ├── depend.make
    │   │       │   │   ├── flags.make
    │   │       │   │   ├── link.txt
    │   │       │   │   ├── progress.make
    │   │       │   │   └── src
    │   │       │   │       ├── base
    │   │       │   │       │   ├── io_loop.cpp.o
    │   │       │   │       │   ├── io_loop.cpp.o.d
    │   │       │   │       │   ├── io_thread.cpp.o
    │   │       │   │       │   ├── io_thread.cpp.o.d
    │   │       │   │       │   ├── logging.cpp.o
    │   │       │   │       │   ├── logging.cpp.o.d
    │   │       │   │       │   ├── multiple_io
    │   │       │   │       │   │   ├── multiple_io_base.cpp.o
    │   │       │   │       │   │   ├── multiple_io_base.cpp.o.d
    │   │       │   │       │   │   ├── multiple_io_epoll.cpp.o
    │   │       │   │       │   │   ├── multiple_io_epoll.cpp.o.d
    │   │       │   │       │   │   ├── multiple_io_kqueue.cpp.o
    │   │       │   │       │   │   ├── multiple_io_kqueue.cpp.o.d
    │   │       │   │       │   │   ├── multiple_io_poll.cpp.o
    │   │       │   │       │   │   ├── multiple_io_poll.cpp.o.d
    │   │       │   │       │   │   ├── multiple_io_select.cpp.o
    │   │       │   │       │   │   └── multiple_io_select.cpp.o.d
    │   │       │   │       │   ├── network
    │   │       │   │       │   │   └── unix
    │   │       │   │       │   │       ├── network_util.cpp.o
    │   │       │   │       │   │       └── network_util.cpp.o.d
    │   │       │   │       │   ├── thread_base.cpp.o
    │   │       │   │       │   ├── thread_base.cpp.o.d
    │   │       │   │       │   └── wake_up
    │   │       │   │       │       └── unix
    │   │       │   │       │           ├── wake_up_pipe.cpp.o
    │   │       │   │       │           └── wake_up_pipe.cpp.o.d
    │   │       │   │       ├── comm
    │   │       │   │       │   ├── comm_port.cpp.o
    │   │       │   │       │   ├── comm_port.cpp.o.d
    │   │       │   │       │   ├── sdk_protocol.cpp.o
    │   │       │   │       │   └── sdk_protocol.cpp.o.d
    │   │       │   │       ├── command_handler
    │   │       │   │       │   ├── command_channel.cpp.o
    │   │       │   │       │   ├── command_channel.cpp.o.d
    │   │       │   │       │   ├── command_handler.cpp.o
    │   │       │   │       │   ├── command_handler.cpp.o.d
    │   │       │   │       │   ├── command_impl.cpp.o
    │   │       │   │       │   ├── command_impl.cpp.o.d
    │   │       │   │       │   ├── hub_command_handler.cpp.o
    │   │       │   │       │   ├── hub_command_handler.cpp.o.d
    │   │       │   │       │   ├── lidar_command_handler.cpp.o
    │   │       │   │       │   └── lidar_command_handler.cpp.o.d
    │   │       │   │       ├── data_handler
    │   │       │   │       │   ├── data_handler.cpp.o
    │   │       │   │       │   ├── data_handler.cpp.o.d
    │   │       │   │       │   ├── hub_data_handler.cpp.o
    │   │       │   │       │   ├── hub_data_handler.cpp.o.d
    │   │       │   │       │   ├── lidar_data_handler.cpp.o
    │   │       │   │       │   └── lidar_data_handler.cpp.o.d
    │   │       │   │       ├── device_discovery.cpp.o
    │   │       │   │       ├── device_discovery.cpp.o.d
    │   │       │   │       ├── device_manager.cpp.o
    │   │       │   │       ├── device_manager.cpp.o.d
    │   │       │   │       ├── livox_sdk.cpp.o
    │   │       │   │       ├── livox_sdk.cpp.o.d
    │   │       │   │       └── third_party
    │   │       │   │           └── FastCRC
    │   │       │   │               ├── FastCRCsw.cpp.o
    │   │       │   │               └── FastCRCsw.cpp.o.d
    │   │       │   └── progress.marks
    │   │       ├── Makefile
    │   │       ├── cmake_install.cmake
    │   │       └── liblivox_sdk_static.a
    │   ├── doc
    │   │   └── images
    │   │       ├── 1.png
    │   │       ├── broadcast_code.png
    │   │       ├── sample.png
    │   │       ├── sdk.png
    │   │       └── sdk_init.png
    │   ├── sample
    │   │   ├── hub
    │   │   │   ├── CMakeLists.txt
    │   │   │   └── main.c
    │   │   ├── hub_lvx_file
    │   │   │   ├── CMakeLists.txt
    │   │   │   ├── lvx_file.cpp
    │   │   │   ├── lvx_file.h
    │   │   │   └── main.cpp
    │   │   ├── lidar
    │   │   │   ├── CMakeLists.txt
    │   │   │   └── main.c
    │   │   └── lidar_lvx_file
    │   │       ├── CMakeLists.txt
    │   │       ├── lvx_file.cpp
    │   │       ├── lvx_file.h
    │   │       ├── main.cpp
    │   │       └── third_party
    │   │           └── rapidxml
    │   │               ├── rapidxml.hpp
    │   │               ├── rapidxml_iterators.hpp
    │   │               ├── rapidxml_print.hpp
    │   │               └── rapidxml_utils.hpp
    │   ├── sample_cc
    │   │   ├── hub
    │   │   │   ├── CMakeLists.txt
    │   │   │   ├── lds_hub.cpp
    │   │   │   ├── lds_hub.h
    │   │   │   └── main.cpp
    │   │   ├── lidar
    │   │   │   ├── CMakeLists.txt
    │   │   │   ├── lds_lidar.cpp
    │   │   │   ├── lds_lidar.h
    │   │   │   └── main.cpp
    │   │   ├── lidar_utc_sync
    │   │   │   ├── CMakeLists.txt
    │   │   │   ├── lds_lidar.cpp
    │   │   │   ├── lds_lidar.h
    │   │   │   ├── main.cpp
    │   │   │   ├── synchro.cpp
    │   │   │   └── synchro.h
    │   │   └── trouble_shooting
    │   │       ├── CMakeLists.txt
    │   │       └── main.cpp
    │   └── sdk_core
    │       ├── CMakeLists.txt
    │       ├── include
    │       │   ├── comm
    │       │   │   ├── comm_port.h
    │       │   │   └── protocol.h
    │       │   ├── config.h
    │       │   ├── livox_def.h
    │       │   ├── livox_sdk.h
    │       │   └── third_party
    │       │       ├── FastCRC
    │       │       │   └── FastCRC.h
    │       │       ├── cmdline
    │       │       │   └── cmdline.h
    │       │       └── spdlog
    │       │           └── spdlog
    │       │               ├── async.h
    │       │               ├── async_logger.h
    │       │               ├── common.h
    │       │               ├── details
    │       │               │   ├── async_logger_impl.h
    │       │               │   ├── circular_q.h
    │       │               │   ├── console_globals.h
    │       │               │   ├── file_helper.h
    │       │               │   ├── fmt_helper.h
    │       │               │   ├── log_msg.h
    │       │               │   ├── logger_impl.h
    │       │               │   ├── mpmc_blocking_q.h
    │       │               │   ├── null_mutex.h
    │       │               │   ├── os.h
    │       │               │   ├── pattern_formatter.h
    │       │               │   ├── periodic_worker.h
    │       │               │   ├── registry.h
    │       │               │   └── thread_pool.h
    │       │               ├── fmt
    │       │               │   ├── bin_to_hex.h
    │       │               │   ├── bundled
    │       │               │   │   ├── LICENSE.rst
    │       │               │   │   ├── chrono.h
    │       │               │   │   ├── color.h
    │       │               │   │   ├── core.h
    │       │               │   │   ├── format-inl.h
    │       │               │   │   ├── format.h
    │       │               │   │   ├── locale.h
    │       │               │   │   ├── ostream.h
    │       │               │   │   ├── posix.h
    │       │               │   │   ├── printf.h
    │       │               │   │   ├── ranges.h
    │       │               │   │   └── time.h
    │       │               │   ├── fmt.h
    │       │               │   └── ostr.h
    │       │               ├── formatter.h
    │       │               ├── logger.h
    │       │               ├── sinks
    │       │               │   ├── android_sink.h
    │       │               │   ├── ansicolor_sink.h
    │       │               │   ├── base_sink.h
    │       │               │   ├── basic_file_sink.h
    │       │               │   ├── daily_file_sink.h
    │       │               │   ├── dist_sink.h
    │       │               │   ├── msvc_sink.h
    │       │               │   ├── null_sink.h
    │       │               │   ├── ostream_sink.h
    │       │               │   ├── rotating_file_sink.h
    │       │               │   ├── sink.h
    │       │               │   ├── stdout_color_sinks.h
    │       │               │   ├── stdout_sinks.h
    │       │               │   ├── syslog_sink.h
    │       │               │   └── wincolor_sink.h
    │       │               ├── spdlog.h
    │       │               ├── tweakme.h
    │       │               └── version.h
    │       └── src
    │           ├── base
    │           │   ├── command_callback.h
    │           │   ├── io_loop.cpp
    │           │   ├── io_loop.h
    │           │   ├── io_thread.cpp
    │           │   ├── io_thread.h
    │           │   ├── logging.cpp
    │           │   ├── logging.h
    │           │   ├── multiple_io
    │           │   │   ├── multiple_io_base.cpp
    │           │   │   ├── multiple_io_base.h
    │           │   │   ├── multiple_io_epoll.cpp
    │           │   │   ├── multiple_io_epoll.h
    │           │   │   ├── multiple_io_factory.h
    │           │   │   ├── multiple_io_kqueue.cpp
    │           │   │   ├── multiple_io_kqueue.h
    │           │   │   ├── multiple_io_poll.cpp
    │           │   │   ├── multiple_io_poll.h
    │           │   │   ├── multiple_io_select.cpp
    │           │   │   └── multiple_io_select.h
    │           │   ├── network
    │           │   │   ├── network_util.h
    │           │   │   ├── unix
    │           │   │   │   └── network_util.cpp
    │           │   │   └── win
    │           │   │       └── network_util.cpp
    │           │   ├── noncopyable.h
    │           │   ├── thread_base.cpp
    │           │   ├── thread_base.h
    │           │   └── wake_up
    │           │       ├── unix
    │           │       │   └── wake_up_pipe.cpp
    │           │       ├── wake_up_pipe.h
    │           │       └── win
    │           │           └── wake_up_pipe.cpp
    │           ├── comm
    │           │   ├── comm_port.cpp
    │           │   ├── sdk_protocol.cpp
    │           │   └── sdk_protocol.h
    │           ├── command_handler
    │           │   ├── command_channel.cpp
    │           │   ├── command_channel.h
    │           │   ├── command_handler.cpp
    │           │   ├── command_handler.h
    │           │   ├── command_impl.cpp
    │           │   ├── command_impl.h
    │           │   ├── hub_command_handler.cpp
    │           │   ├── hub_command_handler.h
    │           │   ├── lidar_command_handler.cpp
    │           │   └── lidar_command_handler.h
    │           ├── data_handler
    │           │   ├── data_handler.cpp
    │           │   ├── data_handler.h
    │           │   ├── hub_data_handler.cpp
    │           │   ├── hub_data_handler.h
    │           │   ├── lidar_data_handler.cpp
    │           │   └── lidar_data_handler.h
    │           ├── device_discovery.cpp
    │           ├── device_discovery.h
    │           ├── device_manager.cpp
    │           ├── device_manager.h
    │           ├── livox_sdk.cpp
    │           └── third_party
    │               └── FastCRC
    │                   ├── FastCRC_tables.hpp
    │                   ├── FastCRCsw.cpp
    │                   ├── LICENSE.md
    │                   └── README.md
    ├── Sophus
    │   ├── CMakeLists.txt
    │   ├── README
    │   ├── SophusConfig.cmake.in
    │   ├── build
    │   │   ├── CMakeCache.txt
    │   │   ├── CMakeFiles
    │   │   │   ├── 3.24.0
    │   │   │   │   ├── CMakeCCompiler.cmake
    │   │   │   │   ├── CMakeCXXCompiler.cmake
    │   │   │   │   ├── CMakeDetermineCompilerABI_C.bin
    │   │   │   │   ├── CMakeDetermineCompilerABI_CXX.bin
    │   │   │   │   ├── CMakeSystem.cmake
    │   │   │   │   ├── CompilerIdC
    │   │   │   │   │   ├── CMakeCCompilerId.c
    │   │   │   │   │   ├── a.out
    │   │   │   │   │   └── tmp
    │   │   │   │   └── CompilerIdCXX
    │   │   │   │       ├── CMakeCXXCompilerId.cpp
    │   │   │   │       ├── a.out
    │   │   │   │       └── tmp
    │   │   │   ├── CMakeDirectoryInformation.cmake
    │   │   │   ├── CMakeOutput.log
    │   │   │   ├── CMakeTmp
    │   │   │   ├── Makefile.cmake
    │   │   │   ├── Makefile2
    │   │   │   ├── Sophus.dir
    │   │   │   │   ├── DependInfo.cmake
    │   │   │   │   ├── build.make
    │   │   │   │   ├── cmake_clean.cmake
    │   │   │   │   ├── compiler_depend.internal
    │   │   │   │   ├── compiler_depend.make
    │   │   │   │   ├── compiler_depend.ts
    │   │   │   │   ├── depend.make
    │   │   │   │   ├── flags.make
    │   │   │   │   ├── link.txt
    │   │   │   │   ├── progress.make
    │   │   │   │   └── sophus
    │   │   │   │       ├── scso3.cpp.o
    │   │   │   │       ├── scso3.cpp.o.d
    │   │   │   │       ├── se2.cpp.o
    │   │   │   │       ├── se2.cpp.o.d
    │   │   │   │       ├── se3.cpp.o
    │   │   │   │       ├── se3.cpp.o.d
    │   │   │   │       ├── sim3.cpp.o
    │   │   │   │       ├── sim3.cpp.o.d
    │   │   │   │       ├── so2.cpp.o
    │   │   │   │       ├── so2.cpp.o.d
    │   │   │   │       ├── so3.cpp.o
    │   │   │   │       └── so3.cpp.o.d
    │   │   │   ├── TargetDirectories.txt
    │   │   │   ├── cmake.check_cache
    │   │   │   ├── pkgRedirects
    │   │   │   ├── progress.marks
    │   │   │   ├── test_scso3.dir
    │   │   │   │   ├── DependInfo.cmake
    │   │   │   │   ├── build.make
    │   │   │   │   ├── cmake_clean.cmake
    │   │   │   │   ├── compiler_depend.internal
    │   │   │   │   ├── compiler_depend.make
    │   │   │   │   ├── compiler_depend.ts
    │   │   │   │   ├── depend.make
    │   │   │   │   ├── flags.make
    │   │   │   │   ├── link.txt
    │   │   │   │   ├── progress.make
    │   │   │   │   └── sophus
    │   │   │   │       ├── test_scso3.cpp.o
    │   │   │   │       └── test_scso3.cpp.o.d
    │   │   │   ├── test_se2.dir
    │   │   │   │   ├── DependInfo.cmake
    │   │   │   │   ├── build.make
    │   │   │   │   ├── cmake_clean.cmake
    │   │   │   │   ├── compiler_depend.internal
    │   │   │   │   ├── compiler_depend.make
    │   │   │   │   ├── compiler_depend.ts
    │   │   │   │   ├── depend.make
    │   │   │   │   ├── flags.make
    │   │   │   │   ├── link.txt
    │   │   │   │   ├── progress.make
    │   │   │   │   └── sophus
    │   │   │   │       ├── test_se2.cpp.o
    │   │   │   │       └── test_se2.cpp.o.d
    │   │   │   ├── test_se3.dir
    │   │   │   │   ├── DependInfo.cmake
    │   │   │   │   ├── build.make
    │   │   │   │   ├── cmake_clean.cmake
    │   │   │   │   ├── compiler_depend.internal
    │   │   │   │   ├── compiler_depend.make
    │   │   │   │   ├── compiler_depend.ts
    │   │   │   │   ├── depend.make
    │   │   │   │   ├── flags.make
    │   │   │   │   ├── link.txt
    │   │   │   │   ├── progress.make
    │   │   │   │   └── sophus
    │   │   │   │       ├── test_se3.cpp.o
    │   │   │   │       └── test_se3.cpp.o.d
    │   │   │   ├── test_sim3.dir
    │   │   │   │   ├── DependInfo.cmake
    │   │   │   │   ├── build.make
    │   │   │   │   ├── cmake_clean.cmake
    │   │   │   │   ├── compiler_depend.internal
    │   │   │   │   ├── compiler_depend.make
    │   │   │   │   ├── compiler_depend.ts
    │   │   │   │   ├── depend.make
    │   │   │   │   ├── flags.make
    │   │   │   │   ├── link.txt
    │   │   │   │   ├── progress.make
    │   │   │   │   └── sophus
    │   │   │   │       ├── test_sim3.cpp.o
    │   │   │   │       └── test_sim3.cpp.o.d
    │   │   │   ├── test_so2.dir
    │   │   │   │   ├── DependInfo.cmake
    │   │   │   │   ├── build.make
    │   │   │   │   ├── cmake_clean.cmake
    │   │   │   │   ├── compiler_depend.internal
    │   │   │   │   ├── compiler_depend.make
    │   │   │   │   ├── compiler_depend.ts
    │   │   │   │   ├── depend.make
    │   │   │   │   ├── flags.make
    │   │   │   │   ├── link.txt
    │   │   │   │   ├── progress.make
    │   │   │   │   └── sophus
    │   │   │   │       ├── test_so2.cpp.o
    │   │   │   │       └── test_so2.cpp.o.d
    │   │   │   └── test_so3.dir
    │   │   │       ├── DependInfo.cmake
    │   │   │       ├── build.make
    │   │   │       ├── cmake_clean.cmake
    │   │   │       ├── compiler_depend.internal
    │   │   │       ├── compiler_depend.make
    │   │   │       ├── compiler_depend.ts
    │   │   │       ├── depend.make
    │   │   │       ├── flags.make
    │   │   │       ├── link.txt
    │   │   │       ├── progress.make
    │   │   │       └── sophus
    │   │   │           ├── test_so3.cpp.o
    │   │   │           └── test_so3.cpp.o.d
    │   │   ├── CTestTestfile.cmake
    │   │   ├── Makefile
    │   │   ├── SophusConfig.cmake
    │   │   ├── cmake_install.cmake
    │   │   ├── install_manifest.txt
    │   │   ├── libSophus.so
    │   │   ├── test_scso3
    │   │   ├── test_se2
    │   │   ├── test_se3
    │   │   ├── test_sim3
    │   │   ├── test_so2
    │   │   └── test_so3
    │   ├── cmake_modules
    │   │   └── FindEigen3.cmake
    │   └── sophus
    │       ├── scso3.cpp
    │       ├── scso3.h
    │       ├── se2.cpp
    │       ├── se2.h
    │       ├── se3.cpp
    │       ├── se3.h
    │       ├── sim3.cpp
    │       ├── sim3.h
    │       ├── so2.cpp
    │       ├── so2.h
    │       ├── so3.cpp
    │       ├── so3.h
    │       ├── test_scso3.cpp
    │       ├── test_se2.cpp
    │       ├── test_se3.cpp
    │       ├── test_sim3.cpp
    │       ├── test_so2.cpp
    │       └── test_so3.cpp
    ├── cmake-3.24.0-linux-x86_64.tar.gz
    ├── eigen-3.4.0
    │   ├── CMakeLists.txt
    │   ├── COPYING.APACHE
    │   ├── COPYING.BSD
    │   ├── COPYING.GPL
    │   ├── COPYING.LGPL
    │   ├── COPYING.MINPACK
    │   ├── COPYING.MPL2
    │   ├── COPYING.README
    │   ├── CTestConfig.cmake
    │   ├── CTestCustom.cmake.in
    │   ├── Eigen
    │   │   ├── Cholesky
    │   │   ├── CholmodSupport
    │   │   ├── Core
    │   │   ├── Dense
    │   │   ├── Eigen
    │   │   ├── Eigenvalues
    │   │   ├── Geometry
    │   │   ├── Householder
    │   │   ├── IterativeLinearSolvers
    │   │   ├── Jacobi
    │   │   ├── KLUSupport
    │   │   ├── LU
    │   │   ├── MetisSupport
    │   │   ├── OrderingMethods
    │   │   ├── PaStiXSupport
    │   │   ├── PardisoSupport
    │   │   ├── QR
    │   │   ├── QtAlignedMalloc
    │   │   ├── SPQRSupport
    │   │   ├── SVD
    │   │   ├── Sparse
    │   │   ├── SparseCholesky
    │   │   ├── SparseCore
    │   │   ├── SparseLU
    │   │   ├── SparseQR
    │   │   ├── StdDeque
    │   │   ├── StdList
    │   │   ├── StdVector
    │   │   ├── SuperLUSupport
    │   │   ├── UmfPackSupport
    │   │   └── src
    │   │       ├── Cholesky
    │   │       │   ├── LDLT.h
    │   │       │   ├── LLT.h
    │   │       │   └── LLT_LAPACKE.h
    │   │       ├── CholmodSupport
    │   │       │   └── CholmodSupport.h
    │   │       ├── Core
    │   │       │   ├── ArithmeticSequence.h
    │   │       │   ├── Array.h
    │   │       │   ├── ArrayBase.h
    │   │       │   ├── ArrayWrapper.h
    │   │       │   ├── Assign.h
    │   │       │   ├── AssignEvaluator.h
    │   │       │   ├── Assign_MKL.h
    │   │       │   ├── BandMatrix.h
    │   │       │   ├── Block.h
    │   │       │   ├── BooleanRedux.h
    │   │       │   ├── CommaInitializer.h
    │   │       │   ├── ConditionEstimator.h
    │   │       │   ├── CoreEvaluators.h
    │   │       │   ├── CoreIterators.h
    │   │       │   ├── CwiseBinaryOp.h
    │   │       │   ├── CwiseNullaryOp.h
    │   │       │   ├── CwiseTernaryOp.h
    │   │       │   ├── CwiseUnaryOp.h
    │   │       │   ├── CwiseUnaryView.h
    │   │       │   ├── DenseBase.h
    │   │       │   ├── DenseCoeffsBase.h
    │   │       │   ├── DenseStorage.h
    │   │       │   ├── Diagonal.h
    │   │       │   ├── DiagonalMatrix.h
    │   │       │   ├── DiagonalProduct.h
    │   │       │   ├── Dot.h
    │   │       │   ├── EigenBase.h
    │   │       │   ├── ForceAlignedAccess.h
    │   │       │   ├── Fuzzy.h
    │   │       │   ├── GeneralProduct.h
    │   │       │   ├── GenericPacketMath.h
    │   │       │   ├── GlobalFunctions.h
    │   │       │   ├── IO.h
    │   │       │   ├── IndexedView.h
    │   │       │   ├── Inverse.h
    │   │       │   ├── Map.h
    │   │       │   ├── MapBase.h
    │   │       │   ├── MathFunctions.h
    │   │       │   ├── MathFunctionsImpl.h
    │   │       │   ├── Matrix.h
    │   │       │   ├── MatrixBase.h
    │   │       │   ├── NestByValue.h
    │   │       │   ├── NoAlias.h
    │   │       │   ├── NumTraits.h
    │   │       │   ├── PartialReduxEvaluator.h
    │   │       │   ├── PermutationMatrix.h
    │   │       │   ├── PlainObjectBase.h
    │   │       │   ├── Product.h
    │   │       │   ├── ProductEvaluators.h
    │   │       │   ├── Random.h
    │   │       │   ├── Redux.h
    │   │       │   ├── Ref.h
    │   │       │   ├── Replicate.h
    │   │       │   ├── Reshaped.h
    │   │       │   ├── ReturnByValue.h
    │   │       │   ├── Reverse.h
    │   │       │   ├── Select.h
    │   │       │   ├── SelfAdjointView.h
    │   │       │   ├── SelfCwiseBinaryOp.h
    │   │       │   ├── Solve.h
    │   │       │   ├── SolveTriangular.h
    │   │       │   ├── SolverBase.h
    │   │       │   ├── StableNorm.h
    │   │       │   ├── StlIterators.h
    │   │       │   ├── Stride.h
    │   │       │   ├── Swap.h
    │   │       │   ├── Transpose.h
    │   │       │   ├── Transpositions.h
    │   │       │   ├── TriangularMatrix.h
    │   │       │   ├── VectorBlock.h
    │   │       │   ├── VectorwiseOp.h
    │   │       │   ├── Visitor.h
    │   │       │   ├── arch
    │   │       │   │   ├── AVX
    │   │       │   │   │   ├── Complex.h
    │   │       │   │   │   ├── MathFunctions.h
    │   │       │   │   │   ├── PacketMath.h
    │   │       │   │   │   └── TypeCasting.h
    │   │       │   │   ├── AVX512
    │   │       │   │   │   ├── Complex.h
    │   │       │   │   │   ├── MathFunctions.h
    │   │       │   │   │   ├── PacketMath.h
    │   │       │   │   │   └── TypeCasting.h
    │   │       │   │   ├── AltiVec
    │   │       │   │   │   ├── Complex.h
    │   │       │   │   │   ├── MathFunctions.h
    │   │       │   │   │   ├── MatrixProduct.h
    │   │       │   │   │   ├── MatrixProductCommon.h
    │   │       │   │   │   ├── MatrixProductMMA.h
    │   │       │   │   │   └── PacketMath.h
    │   │       │   │   ├── CUDA
    │   │       │   │   │   └── Complex.h
    │   │       │   │   ├── Default
    │   │       │   │   │   ├── BFloat16.h
    │   │       │   │   │   ├── ConjHelper.h
    │   │       │   │   │   ├── GenericPacketMathFunctions.h
    │   │       │   │   │   ├── GenericPacketMathFunctionsFwd.h
    │   │       │   │   │   ├── Half.h
    │   │       │   │   │   ├── Settings.h
    │   │       │   │   │   └── TypeCasting.h
    │   │       │   │   ├── GPU
    │   │       │   │   │   ├── MathFunctions.h
    │   │       │   │   │   ├── PacketMath.h
    │   │       │   │   │   └── TypeCasting.h
    │   │       │   │   ├── HIP
    │   │       │   │   │   └── hcc
    │   │       │   │   │       └── math_constants.h
    │   │       │   │   ├── MSA
    │   │       │   │   │   ├── Complex.h
    │   │       │   │   │   ├── MathFunctions.h
    │   │       │   │   │   └── PacketMath.h
    │   │       │   │   ├── NEON
    │   │       │   │   │   ├── Complex.h
    │   │       │   │   │   ├── GeneralBlockPanelKernel.h
    │   │       │   │   │   ├── MathFunctions.h
    │   │       │   │   │   ├── PacketMath.h
    │   │       │   │   │   └── TypeCasting.h
    │   │       │   │   ├── SSE
    │   │       │   │   │   ├── Complex.h
    │   │       │   │   │   ├── MathFunctions.h
    │   │       │   │   │   ├── PacketMath.h
    │   │       │   │   │   └── TypeCasting.h
    │   │       │   │   ├── SVE
    │   │       │   │   │   ├── MathFunctions.h
    │   │       │   │   │   ├── PacketMath.h
    │   │       │   │   │   └── TypeCasting.h
    │   │       │   │   ├── SYCL
    │   │       │   │   │   ├── InteropHeaders.h
    │   │       │   │   │   ├── MathFunctions.h
    │   │       │   │   │   ├── PacketMath.h
    │   │       │   │   │   ├── SyclMemoryModel.h
    │   │       │   │   │   └── TypeCasting.h
    │   │       │   │   └── ZVector
    │   │       │   │       ├── Complex.h
    │   │       │   │       ├── MathFunctions.h
    │   │       │   │       └── PacketMath.h
    │   │       │   ├── functors
    │   │       │   │   ├── AssignmentFunctors.h
    │   │       │   │   ├── BinaryFunctors.h
    │   │       │   │   ├── NullaryFunctors.h
    │   │       │   │   ├── StlFunctors.h
    │   │       │   │   ├── TernaryFunctors.h
    │   │       │   │   └── UnaryFunctors.h
    │   │       │   ├── products
    │   │       │   │   ├── GeneralBlockPanelKernel.h
    │   │       │   │   ├── GeneralMatrixMatrix.h
    │   │       │   │   ├── GeneralMatrixMatrixTriangular.h
    │   │       │   │   ├── GeneralMatrixMatrixTriangular_BLAS.h
    │   │       │   │   ├── GeneralMatrixMatrix_BLAS.h
    │   │       │   │   ├── GeneralMatrixVector.h
    │   │       │   │   ├── GeneralMatrixVector_BLAS.h
    │   │       │   │   ├── Parallelizer.h
    │   │       │   │   ├── SelfadjointMatrixMatrix.h
    │   │       │   │   ├── SelfadjointMatrixMatrix_BLAS.h
    │   │       │   │   ├── SelfadjointMatrixVector.h
    │   │       │   │   ├── SelfadjointMatrixVector_BLAS.h
    │   │       │   │   ├── SelfadjointProduct.h
    │   │       │   │   ├── SelfadjointRank2Update.h
    │   │       │   │   ├── TriangularMatrixMatrix.h
    │   │       │   │   ├── TriangularMatrixMatrix_BLAS.h
    │   │       │   │   ├── TriangularMatrixVector.h
    │   │       │   │   ├── TriangularMatrixVector_BLAS.h
    │   │       │   │   ├── TriangularSolverMatrix.h
    │   │       │   │   ├── TriangularSolverMatrix_BLAS.h
    │   │       │   │   └── TriangularSolverVector.h
    │   │       │   └── util
    │   │       │       ├── BlasUtil.h
    │   │       │       ├── ConfigureVectorization.h
    │   │       │       ├── Constants.h
    │   │       │       ├── DisableStupidWarnings.h
    │   │       │       ├── ForwardDeclarations.h
    │   │       │       ├── IndexedViewHelper.h
    │   │       │       ├── IntegralConstant.h
    │   │       │       ├── MKL_support.h
    │   │       │       ├── Macros.h
    │   │       │       ├── Memory.h
    │   │       │       ├── Meta.h
    │   │       │       ├── NonMPL2.h
    │   │       │       ├── ReenableStupidWarnings.h
    │   │       │       ├── ReshapedHelper.h
    │   │       │       ├── StaticAssert.h
    │   │       │       ├── SymbolicIndex.h
    │   │       │       └── XprHelper.h
    │   │       ├── Eigenvalues
    │   │       │   ├── ComplexEigenSolver.h
    │   │       │   ├── ComplexSchur.h
    │   │       │   ├── ComplexSchur_LAPACKE.h
    │   │       │   ├── EigenSolver.h
    │   │       │   ├── GeneralizedEigenSolver.h
    │   │       │   ├── GeneralizedSelfAdjointEigenSolver.h
    │   │       │   ├── HessenbergDecomposition.h
    │   │       │   ├── MatrixBaseEigenvalues.h
    │   │       │   ├── RealQZ.h
    │   │       │   ├── RealSchur.h
    │   │       │   ├── RealSchur_LAPACKE.h
    │   │       │   ├── SelfAdjointEigenSolver.h
    │   │       │   ├── SelfAdjointEigenSolver_LAPACKE.h
    │   │       │   └── Tridiagonalization.h
    │   │       ├── Geometry
    │   │       │   ├── AlignedBox.h
    │   │       │   ├── AngleAxis.h
    │   │       │   ├── EulerAngles.h
    │   │       │   ├── Homogeneous.h
    │   │       │   ├── Hyperplane.h
    │   │       │   ├── OrthoMethods.h
    │   │       │   ├── ParametrizedLine.h
    │   │       │   ├── Quaternion.h
    │   │       │   ├── Rotation2D.h
    │   │       │   ├── RotationBase.h
    │   │       │   ├── Scaling.h
    │   │       │   ├── Transform.h
    │   │       │   ├── Translation.h
    │   │       │   ├── Umeyama.h
    │   │       │   └── arch
    │   │       │       └── Geometry_SIMD.h
    │   │       ├── Householder
    │   │       │   ├── BlockHouseholder.h
    │   │       │   ├── Householder.h
    │   │       │   └── HouseholderSequence.h
    │   │       ├── IterativeLinearSolvers
    │   │       │   ├── BasicPreconditioners.h
    │   │       │   ├── BiCGSTAB.h
    │   │       │   ├── ConjugateGradient.h
    │   │       │   ├── IncompleteCholesky.h
    │   │       │   ├── IncompleteLUT.h
    │   │       │   ├── IterativeSolverBase.h
    │   │       │   ├── LeastSquareConjugateGradient.h
    │   │       │   └── SolveWithGuess.h
    │   │       ├── Jacobi
    │   │       │   └── Jacobi.h
    │   │       ├── KLUSupport
    │   │       │   └── KLUSupport.h
    │   │       ├── LU
    │   │       │   ├── Determinant.h
    │   │       │   ├── FullPivLU.h
    │   │       │   ├── InverseImpl.h
    │   │       │   ├── PartialPivLU.h
    │   │       │   ├── PartialPivLU_LAPACKE.h
    │   │       │   └── arch
    │   │       │       └── InverseSize4.h
    │   │       ├── MetisSupport
    │   │       │   └── MetisSupport.h
    │   │       ├── OrderingMethods
    │   │       │   ├── Amd.h
    │   │       │   ├── Eigen_Colamd.h
    │   │       │   └── Ordering.h
    │   │       ├── PaStiXSupport
    │   │       │   └── PaStiXSupport.h
    │   │       ├── PardisoSupport
    │   │       │   └── PardisoSupport.h
    │   │       ├── QR
    │   │       │   ├── ColPivHouseholderQR.h
    │   │       │   ├── ColPivHouseholderQR_LAPACKE.h
    │   │       │   ├── CompleteOrthogonalDecomposition.h
    │   │       │   ├── FullPivHouseholderQR.h
    │   │       │   ├── HouseholderQR.h
    │   │       │   └── HouseholderQR_LAPACKE.h
    │   │       ├── SPQRSupport
    │   │       │   └── SuiteSparseQRSupport.h
    │   │       ├── SVD
    │   │       │   ├── BDCSVD.h
    │   │       │   ├── JacobiSVD.h
    │   │       │   ├── JacobiSVD_LAPACKE.h
    │   │       │   ├── SVDBase.h
    │   │       │   └── UpperBidiagonalization.h
    │   │       ├── SparseCholesky
    │   │       │   ├── SimplicialCholesky.h
    │   │       │   └── SimplicialCholesky_impl.h
    │   │       ├── SparseCore
    │   │       │   ├── AmbiVector.h
    │   │       │   ├── CompressedStorage.h
    │   │       │   ├── ConservativeSparseSparseProduct.h
    │   │       │   ├── MappedSparseMatrix.h
    │   │       │   ├── SparseAssign.h
    │   │       │   ├── SparseBlock.h
    │   │       │   ├── SparseColEtree.h
    │   │       │   ├── SparseCompressedBase.h
    │   │       │   ├── SparseCwiseBinaryOp.h
    │   │       │   ├── SparseCwiseUnaryOp.h
    │   │       │   ├── SparseDenseProduct.h
    │   │       │   ├── SparseDiagonalProduct.h
    │   │       │   ├── SparseDot.h
    │   │       │   ├── SparseFuzzy.h
    │   │       │   ├── SparseMap.h
    │   │       │   ├── SparseMatrix.h
    │   │       │   ├── SparseMatrixBase.h
    │   │       │   ├── SparsePermutation.h
    │   │       │   ├── SparseProduct.h
    │   │       │   ├── SparseRedux.h
    │   │       │   ├── SparseRef.h
    │   │       │   ├── SparseSelfAdjointView.h
    │   │       │   ├── SparseSolverBase.h
    │   │       │   ├── SparseSparseProductWithPruning.h
    │   │       │   ├── SparseTranspose.h
    │   │       │   ├── SparseTriangularView.h
    │   │       │   ├── SparseUtil.h
    │   │       │   ├── SparseVector.h
    │   │       │   ├── SparseView.h
    │   │       │   └── TriangularSolver.h
    │   │       ├── SparseLU
    │   │       │   ├── SparseLU.h
    │   │       │   ├── SparseLUImpl.h
    │   │       │   ├── SparseLU_Memory.h
    │   │       │   ├── SparseLU_Structs.h
    │   │       │   ├── SparseLU_SupernodalMatrix.h
    │   │       │   ├── SparseLU_Utils.h
    │   │       │   ├── SparseLU_column_bmod.h
    │   │       │   ├── SparseLU_column_dfs.h
    │   │       │   ├── SparseLU_copy_to_ucol.h
    │   │       │   ├── SparseLU_gemm_kernel.h
    │   │       │   ├── SparseLU_heap_relax_snode.h
    │   │       │   ├── SparseLU_kernel_bmod.h
    │   │       │   ├── SparseLU_panel_bmod.h
    │   │       │   ├── SparseLU_panel_dfs.h
    │   │       │   ├── SparseLU_pivotL.h
    │   │       │   ├── SparseLU_pruneL.h
    │   │       │   └── SparseLU_relax_snode.h
    │   │       ├── SparseQR
    │   │       │   └── SparseQR.h
    │   │       ├── StlSupport
    │   │       │   ├── StdDeque.h
    │   │       │   ├── StdList.h
    │   │       │   ├── StdVector.h
    │   │       │   └── details.h
    │   │       ├── SuperLUSupport
    │   │       │   └── SuperLUSupport.h
    │   │       ├── UmfPackSupport
    │   │       │   └── UmfPackSupport.h
    │   │       ├── misc
    │   │       │   ├── Image.h
    │   │       │   ├── Kernel.h
    │   │       │   ├── RealSvd2x2.h
    │   │       │   ├── blas.h
    │   │       │   ├── lapack.h
    │   │       │   ├── lapacke.h
    │   │       │   └── lapacke_mangling.h
    │   │       └── plugins
    │   │           ├── ArrayCwiseBinaryOps.h
    │   │           ├── ArrayCwiseUnaryOps.h
    │   │           ├── BlockMethods.h
    │   │           ├── CommonCwiseBinaryOps.h
    │   │           ├── CommonCwiseUnaryOps.h
    │   │           ├── IndexedViewMethods.h
    │   │           ├── MatrixCwiseBinaryOps.h
    │   │           ├── MatrixCwiseUnaryOps.h
    │   │           └── ReshapedMethods.h
    │   ├── INSTALL
    │   ├── README.md
    │   ├── bench
    │   │   ├── BenchSparseUtil.h
    │   │   ├── BenchTimer.h
    │   │   ├── BenchUtil.h
    │   │   ├── README.txt
    │   │   ├── analyze-blocking-sizes.cpp
    │   │   ├── basicbench.cxxlist
    │   │   ├── basicbenchmark.cpp
    │   │   ├── basicbenchmark.h
    │   │   ├── benchBlasGemm.cpp
    │   │   ├── benchCholesky.cpp
    │   │   ├── benchEigenSolver.cpp
    │   │   ├── benchFFT.cpp
    │   │   ├── benchGeometry.cpp
    │   │   ├── benchVecAdd.cpp
    │   │   ├── bench_gemm.cpp
    │   │   ├── bench_move_semantics.cpp
    │   │   ├── bench_multi_compilers.sh
    │   │   ├── bench_norm.cpp
    │   │   ├── bench_reverse.cpp
    │   │   ├── bench_sum.cpp
    │   │   ├── bench_unrolling
    │   │   ├── benchmark-blocking-sizes.cpp
    │   │   ├── benchmark.cpp
    │   │   ├── benchmarkSlice.cpp
    │   │   ├── benchmarkX.cpp
    │   │   ├── benchmarkXcwise.cpp
    │   │   ├── benchmark_suite
    │   │   ├── btl
    │   │   │   ├── CMakeLists.txt
    │   │   │   ├── COPYING
    │   │   │   ├── README
    │   │   │   ├── actions
    │   │   │   │   ├── action_aat_product.hh
    │   │   │   │   ├── action_ata_product.hh
    │   │   │   │   ├── action_atv_product.hh
    │   │   │   │   ├── action_axpby.hh
    │   │   │   │   ├── action_axpy.hh
    │   │   │   │   ├── action_cholesky.hh
    │   │   │   │   ├── action_ger.hh
    │   │   │   │   ├── action_hessenberg.hh
    │   │   │   │   ├── action_lu_decomp.hh
    │   │   │   │   ├── action_lu_solve.hh
    │   │   │   │   ├── action_matrix_matrix_product.hh
    │   │   │   │   ├── action_matrix_matrix_product_bis.hh
    │   │   │   │   ├── action_matrix_vector_product.hh
    │   │   │   │   ├── action_partial_lu.hh
    │   │   │   │   ├── action_rot.hh
    │   │   │   │   ├── action_symv.hh
    │   │   │   │   ├── action_syr2.hh
    │   │   │   │   ├── action_trisolve.hh
    │   │   │   │   ├── action_trisolve_matrix.hh
    │   │   │   │   ├── action_trmm.hh
    │   │   │   │   └── basic_actions.hh
    │   │   │   ├── cmake
    │   │   │   │   ├── FindACML.cmake
    │   │   │   │   ├── FindATLAS.cmake
    │   │   │   │   ├── FindBLAZE.cmake
    │   │   │   │   ├── FindBlitz.cmake
    │   │   │   │   ├── FindCBLAS.cmake
    │   │   │   │   ├── FindGMM.cmake
    │   │   │   │   ├── FindMKL.cmake
    │   │   │   │   ├── FindMTL4.cmake
    │   │   │   │   ├── FindOPENBLAS.cmake
    │   │   │   │   ├── FindPackageHandleStandardArgs.cmake
    │   │   │   │   ├── FindTvmet.cmake
    │   │   │   │   └── MacroOptionalAddSubdirectory.cmake
    │   │   │   ├── data
    │   │   │   │   ├── CMakeLists.txt
    │   │   │   │   ├── action_settings.txt
    │   │   │   │   ├── gnuplot_common_settings.hh
    │   │   │   │   ├── go_mean
    │   │   │   │   ├── mean.cxx
    │   │   │   │   ├── mk_gnuplot_script.sh
    │   │   │   │   ├── mk_mean_script.sh
    │   │   │   │   ├── mk_new_gnuplot.sh
    │   │   │   │   ├── perlib_plot_settings.txt
    │   │   │   │   ├── regularize.cxx
    │   │   │   │   ├── smooth.cxx
    │   │   │   │   └── smooth_all.sh
    │   │   │   ├── generic_bench
    │   │   │   │   ├── bench.hh
    │   │   │   │   ├── bench_parameter.hh
    │   │   │   │   ├── btl.hh
    │   │   │   │   ├── init
    │   │   │   │   │   ├── init_function.hh
    │   │   │   │   │   ├── init_matrix.hh
    │   │   │   │   │   └── init_vector.hh
    │   │   │   │   ├── static
    │   │   │   │   │   ├── bench_static.hh
    │   │   │   │   │   ├── intel_bench_fixed_size.hh
    │   │   │   │   │   └── static_size_generator.hh
    │   │   │   │   ├── timers
    │   │   │   │   │   ├── STL_perf_analyzer.hh
    │   │   │   │   │   ├── STL_timer.hh
    │   │   │   │   │   ├── mixed_perf_analyzer.hh
    │   │   │   │   │   ├── portable_perf_analyzer.hh
    │   │   │   │   │   ├── portable_perf_analyzer_old.hh
    │   │   │   │   │   ├── portable_timer.hh
    │   │   │   │   │   ├── x86_perf_analyzer.hh
    │   │   │   │   │   └── x86_timer.hh
    │   │   │   │   └── utils
    │   │   │   │       ├── size_lin_log.hh
    │   │   │   │       ├── size_log.hh
    │   │   │   │       ├── utilities.h
    │   │   │   │       └── xy_file.hh
    │   │   │   └── libs
    │   │   │       ├── BLAS
    │   │   │       │   ├── CMakeLists.txt
    │   │   │       │   ├── blas.h
    │   │   │       │   ├── blas_interface.hh
    │   │   │       │   ├── blas_interface_impl.hh
    │   │   │       │   ├── c_interface_base.h
    │   │   │       │   └── main.cpp
    │   │   │       ├── STL
    │   │   │       │   ├── CMakeLists.txt
    │   │   │       │   ├── STL_interface.hh
    │   │   │       │   └── main.cpp
    │   │   │       ├── blaze
    │   │   │       │   ├── CMakeLists.txt
    │   │   │       │   ├── blaze_interface.hh
    │   │   │       │   └── main.cpp
    │   │   │       ├── blitz
    │   │   │       │   ├── CMakeLists.txt
    │   │   │       │   ├── blitz_LU_solve_interface.hh
    │   │   │       │   ├── blitz_interface.hh
    │   │   │       │   ├── btl_blitz.cpp
    │   │   │       │   ├── btl_tiny_blitz.cpp
    │   │   │       │   └── tiny_blitz_interface.hh
    │   │   │       ├── eigen2
    │   │   │       │   ├── CMakeLists.txt
    │   │   │       │   ├── btl_tiny_eigen2.cpp
    │   │   │       │   ├── eigen2_interface.hh
    │   │   │       │   ├── main_adv.cpp
    │   │   │       │   ├── main_linear.cpp
    │   │   │       │   ├── main_matmat.cpp
    │   │   │       │   └── main_vecmat.cpp
    │   │   │       ├── eigen3
    │   │   │       │   ├── CMakeLists.txt
    │   │   │       │   ├── btl_tiny_eigen3.cpp
    │   │   │       │   ├── eigen3_interface.hh
    │   │   │       │   ├── main_adv.cpp
    │   │   │       │   ├── main_linear.cpp
    │   │   │       │   ├── main_matmat.cpp
    │   │   │       │   └── main_vecmat.cpp
    │   │   │       ├── gmm
    │   │   │       │   ├── CMakeLists.txt
    │   │   │       │   ├── gmm_LU_solve_interface.hh
    │   │   │       │   ├── gmm_interface.hh
    │   │   │       │   └── main.cpp
    │   │   │       ├── mtl4
    │   │   │       │   ├── CMakeLists.txt
    │   │   │       │   ├── main.cpp
    │   │   │       │   ├── mtl4_LU_solve_interface.hh
    │   │   │       │   └── mtl4_interface.hh
    │   │   │       ├── tensors
    │   │   │       │   ├── CMakeLists.txt
    │   │   │       │   ├── main_linear.cpp
    │   │   │       │   ├── main_matmat.cpp
    │   │   │       │   ├── main_vecmat.cpp
    │   │   │       │   └── tensor_interface.hh
    │   │   │       ├── tvmet
    │   │   │       │   ├── CMakeLists.txt
    │   │   │       │   ├── main.cpp
    │   │   │       │   └── tvmet_interface.hh
    │   │   │       └── ublas
    │   │   │           ├── CMakeLists.txt
    │   │   │           ├── main.cpp
    │   │   │           └── ublas_interface.hh
    │   │   ├── check_cache_queries.cpp
    │   │   ├── dense_solvers.cpp
    │   │   ├── eig33.cpp
    │   │   ├── geometry.cpp
    │   │   ├── perf_monitoring
    │   │   │   ├── changesets.txt
    │   │   │   ├── gemm.cpp
    │   │   │   ├── gemm_common.h
    │   │   │   ├── gemm_settings.txt
    │   │   │   ├── gemm_square_settings.txt
    │   │   │   ├── gemv.cpp
    │   │   │   ├── gemv_common.h
    │   │   │   ├── gemv_settings.txt
    │   │   │   ├── gemv_square_settings.txt
    │   │   │   ├── gemvt.cpp
    │   │   │   ├── lazy_gemm.cpp
    │   │   │   ├── lazy_gemm_settings.txt
    │   │   │   ├── llt.cpp
    │   │   │   ├── make_plot.sh
    │   │   │   ├── resources
    │   │   │   │   ├── chart_footer.html
    │   │   │   │   ├── chart_header.html
    │   │   │   │   ├── footer.html
    │   │   │   │   ├── header.html
    │   │   │   │   ├── s1.js
    │   │   │   │   └── s2.js
    │   │   │   ├── run.sh
    │   │   │   ├── runall.sh
    │   │   │   ├── trmv_lo.cpp
    │   │   │   ├── trmv_lot.cpp
    │   │   │   ├── trmv_up.cpp
    │   │   │   └── trmv_upt.cpp
    │   │   ├── product_threshold.cpp
    │   │   ├── quat_slerp.cpp
    │   │   ├── quatmul.cpp
    │   │   ├── sparse_cholesky.cpp
    │   │   ├── sparse_dense_product.cpp
    │   │   ├── sparse_lu.cpp
    │   │   ├── sparse_product.cpp
    │   │   ├── sparse_randomsetter.cpp
    │   │   ├── sparse_setter.cpp
    │   │   ├── sparse_transpose.cpp
    │   │   ├── sparse_trisolver.cpp
    │   │   ├── spbench
    │   │   │   ├── CMakeLists.txt
    │   │   │   ├── sp_solver.cpp
    │   │   │   ├── spbench.dtd
    │   │   │   ├── spbenchsolver.cpp
    │   │   │   ├── spbenchsolver.h
    │   │   │   ├── spbenchstyle.h
    │   │   │   └── test_sparseLU.cpp
    │   │   ├── spmv.cpp
    │   │   ├── tensors
    │   │   │   ├── README
    │   │   │   ├── benchmark.h
    │   │   │   ├── benchmark_main.cc
    │   │   │   ├── contraction_benchmarks_cpu.cc
    │   │   │   ├── eigen_sycl_bench.sh
    │   │   │   ├── eigen_sycl_bench_contract.sh
    │   │   │   ├── tensor_benchmarks.h
    │   │   │   ├── tensor_benchmarks_cpu.cc
    │   │   │   ├── tensor_benchmarks_fp16_gpu.cu
    │   │   │   ├── tensor_benchmarks_gpu.cu
    │   │   │   ├── tensor_benchmarks_sycl.cc
    │   │   │   └── tensor_contract_sycl_bench.cc
    │   │   └── vdw_new.cpp
    │   ├── blas
    │   │   ├── BandTriangularSolver.h
    │   │   ├── CMakeLists.txt
    │   │   ├── GeneralRank1Update.h
    │   │   ├── PackedSelfadjointProduct.h
    │   │   ├── PackedTriangularMatrixVector.h
    │   │   ├── PackedTriangularSolverVector.h
    │   │   ├── README.txt
    │   │   ├── Rank2Update.h
    │   │   ├── common.h
    │   │   ├── complex_double.cpp
    │   │   ├── complex_single.cpp
    │   │   ├── double.cpp
    │   │   ├── f2c
    │   │   │   ├── chbmv.c
    │   │   │   ├── chpmv.c
    │   │   │   ├── complexdots.c
    │   │   │   ├── ctbmv.c
    │   │   │   ├── d_cnjg.c
    │   │   │   ├── datatypes.h
    │   │   │   ├── drotm.c
    │   │   │   ├── drotmg.c
    │   │   │   ├── dsbmv.c
    │   │   │   ├── dspmv.c
    │   │   │   ├── dtbmv.c
    │   │   │   ├── lsame.c
    │   │   │   ├── r_cnjg.c
    │   │   │   ├── srotm.c
    │   │   │   ├── srotmg.c
    │   │   │   ├── ssbmv.c
    │   │   │   ├── sspmv.c
    │   │   │   ├── stbmv.c
    │   │   │   ├── zhbmv.c
    │   │   │   ├── zhpmv.c
    │   │   │   └── ztbmv.c
    │   │   ├── fortran
    │   │   │   └── complexdots.f
    │   │   ├── level1_cplx_impl.h
    │   │   ├── level1_impl.h
    │   │   ├── level1_real_impl.h
    │   │   ├── level2_cplx_impl.h
    │   │   ├── level2_impl.h
    │   │   ├── level2_real_impl.h
    │   │   ├── level3_impl.h
    │   │   ├── single.cpp
    │   │   ├── testing
    │   │   │   ├── CMakeLists.txt
    │   │   │   ├── cblat1.f
    │   │   │   ├── cblat2.dat
    │   │   │   ├── cblat2.f
    │   │   │   ├── cblat3.dat
    │   │   │   ├── cblat3.f
    │   │   │   ├── dblat1.f
    │   │   │   ├── dblat2.dat
    │   │   │   ├── dblat2.f
    │   │   │   ├── dblat3.dat
    │   │   │   ├── dblat3.f
    │   │   │   ├── runblastest.sh
    │   │   │   ├── sblat1.f
    │   │   │   ├── sblat2.dat
    │   │   │   ├── sblat2.f
    │   │   │   ├── sblat3.dat
    │   │   │   ├── sblat3.f
    │   │   │   ├── zblat1.f
    │   │   │   ├── zblat2.dat
    │   │   │   ├── zblat2.f
    │   │   │   ├── zblat3.dat
    │   │   │   └── zblat3.f
    │   │   └── xerbla.cpp
    │   ├── build
    │   │   ├── CMakeCache.txt
    │   │   ├── CMakeFiles
    │   │   │   ├── 3.16.3
    │   │   │   │   ├── CMakeCCompiler.cmake
    │   │   │   │   ├── CMakeCXXCompiler.cmake
    │   │   │   │   ├── CMakeDetermineCompilerABI_C.bin
    │   │   │   │   ├── CMakeDetermineCompilerABI_CXX.bin
    │   │   │   │   ├── CMakeSystem.cmake
    │   │   │   │   ├── CompilerIdC
    │   │   │   │   │   ├── CMakeCCompilerId.c
    │   │   │   │   │   ├── a.out
    │   │   │   │   │   └── tmp
    │   │   │   │   └── CompilerIdCXX
    │   │   │   │       ├── CMakeCXXCompilerId.cpp
    │   │   │   │       ├── a.out
    │   │   │   │       └── tmp
    │   │   │   ├── CMakeDirectoryInformation.cmake
    │   │   │   ├── CMakeError.log
    │   │   │   ├── CMakeOutput.log
    │   │   │   ├── CMakeRuleHashes.txt
    │   │   │   ├── CMakeTmp
    │   │   │   ├── Continuous.dir
    │   │   │   │   ├── DependInfo.cmake
    │   │   │   │   ├── build.make
    │   │   │   │   ├── cmake_clean.cmake
    │   │   │   │   └── progress.make
    │   │   │   ├── ContinuousBuild.dir
    │   │   │   │   ├── DependInfo.cmake
    │   │   │   │   ├── build.make
    │   │   │   │   ├── cmake_clean.cmake
    │   │   │   │   └── progress.make
    │   │   │   ├── ContinuousConfigure.dir
    │   │   │   │   ├── DependInfo.cmake
    │   │   │   │   ├── build.make
    │   │   │   │   ├── cmake_clean.cmake
    │   │   │   │   └── progress.make
    │   │   │   ├── ContinuousCoverage.dir
    │   │   │   │   ├── DependInfo.cmake
    │   │   │   │   ├── build.make
    │   │   │   │   ├── cmake_clean.cmake
    │   │   │   │   └── progress.make
    │   │   │   ├── ContinuousMemCheck.dir
    │   │   │   │   ├── DependInfo.cmake
    │   │   │   │   ├── build.make
    │   │   │   │   ├── cmake_clean.cmake
    │   │   │   │   └── progress.make
    │   │   │   ├── ContinuousStart.dir
    │   │   │   │   ├── DependInfo.cmake
    │   │   │   │   ├── build.make
    │   │   │   │   ├── cmake_clean.cmake
    │   │   │   │   └── progress.make
    │   │   │   ├── ContinuousSubmit.dir
    │   │   │   │   ├── DependInfo.cmake
    │   │   │   │   ├── build.make
    │   │   │   │   ├── cmake_clean.cmake
    │   │   │   │   └── progress.make
    │   │   │   ├── ContinuousTest.dir
    │   │   │   │   ├── DependInfo.cmake
    │   │   │   │   ├── build.make
    │   │   │   │   ├── cmake_clean.cmake
    │   │   │   │   └── progress.make
    │   │   │   ├── ContinuousUpdate.dir
    │   │   │   │   ├── DependInfo.cmake
    │   │   │   │   ├── build.make
    │   │   │   │   ├── cmake_clean.cmake
    │   │   │   │   └── progress.make
    │   │   │   ├── Experimental.dir
    │   │   │   │   ├── DependInfo.cmake
    │   │   │   │   ├── build.make
    │   │   │   │   ├── cmake_clean.cmake
    │   │   │   │   └── progress.make
    │   │   │   ├── ExperimentalBuild.dir
    │   │   │   │   ├── DependInfo.cmake
    │   │   │   │   ├── build.make
    │   │   │   │   ├── cmake_clean.cmake
    │   │   │   │   └── progress.make
    │   │   │   ├── ExperimentalConfigure.dir
    │   │   │   │   ├── DependInfo.cmake
    │   │   │   │   ├── build.make
    │   │   │   │   ├── cmake_clean.cmake
    │   │   │   │   └── progress.make
    │   │   │   ├── ExperimentalCoverage.dir
    │   │   │   │   ├── DependInfo.cmake
    │   │   │   │   ├── build.make
    │   │   │   │   ├── cmake_clean.cmake
    │   │   │   │   └── progress.make
    │   │   │   ├── ExperimentalMemCheck.dir
    │   │   │   │   ├── DependInfo.cmake
    │   │   │   │   ├── build.make
    │   │   │   │   ├── cmake_clean.cmake
    │   │   │   │   └── progress.make
    │   │   │   ├── ExperimentalStart.dir
    │   │   │   │   ├── DependInfo.cmake
    │   │   │   │   ├── build.make
    │   │   │   │   ├── cmake_clean.cmake
    │   │   │   │   └── progress.make
    │   │   │   ├── ExperimentalSubmit.dir
    │   │   │   │   ├── DependInfo.cmake
    │   │   │   │   ├── build.make
    │   │   │   │   ├── cmake_clean.cmake
    │   │   │   │   └── progress.make
    │   │   │   ├── ExperimentalTest.dir
    │   │   │   │   ├── DependInfo.cmake
    │   │   │   │   ├── build.make
    │   │   │   │   ├── cmake_clean.cmake
    │   │   │   │   └── progress.make
    │   │   │   ├── ExperimentalUpdate.dir
    │   │   │   │   ├── DependInfo.cmake
    │   │   │   │   ├── build.make
    │   │   │   │   ├── cmake_clean.cmake
    │   │   │   │   └── progress.make
    │   │   │   ├── Export
    │   │   │   │   └── share
    │   │   │   │       └── eigen3
    │   │   │   │           └── cmake
    │   │   │   │               └── Eigen3Targets.cmake
    │   │   │   ├── Makefile.cmake
    │   │   │   ├── Makefile2
    │   │   │   ├── Nightly.dir
    │   │   │   │   ├── DependInfo.cmake
    │   │   │   │   ├── build.make
    │   │   │   │   ├── cmake_clean.cmake
    │   │   │   │   └── progress.make
    │   │   │   ├── NightlyBuild.dir
    │   │   │   │   ├── DependInfo.cmake
    │   │   │   │   ├── build.make
    │   │   │   │   ├── cmake_clean.cmake
    │   │   │   │   └── progress.make
    │   │   │   ├── NightlyConfigure.dir
    │   │   │   │   ├── DependInfo.cmake
    │   │   │   │   ├── build.make
    │   │   │   │   ├── cmake_clean.cmake
    │   │   │   │   └── progress.make
    │   │   │   ├── NightlyCoverage.dir
    │   │   │   │   ├── DependInfo.cmake
    │   │   │   │   ├── build.make
    │   │   │   │   ├── cmake_clean.cmake
    │   │   │   │   └── progress.make
    │   │   │   ├── NightlyMemCheck.dir
    │   │   │   │   ├── DependInfo.cmake
    │   │   │   │   ├── build.make
    │   │   │   │   ├── cmake_clean.cmake
    │   │   │   │   └── progress.make
    │   │   │   ├── NightlyMemoryCheck.dir
    │   │   │   │   ├── DependInfo.cmake
    │   │   │   │   ├── build.make
    │   │   │   │   ├── cmake_clean.cmake
    │   │   │   │   └── progress.make
    │   │   │   ├── NightlyStart.dir
    │   │   │   │   ├── DependInfo.cmake
    │   │   │   │   ├── build.make
    │   │   │   │   ├── cmake_clean.cmake
    │   │   │   │   └── progress.make
    │   │   │   ├── NightlySubmit.dir
    │   │   │   │   ├── DependInfo.cmake
    │   │   │   │   ├── build.make
    │   │   │   │   ├── cmake_clean.cmake
    │   │   │   │   └── progress.make
    │   │   │   ├── NightlyTest.dir
    │   │   │   │   ├── DependInfo.cmake
    │   │   │   │   ├── build.make
    │   │   │   │   ├── cmake_clean.cmake
    │   │   │   │   └── progress.make
    │   │   │   ├── NightlyUpdate.dir
    │   │   │   │   ├── DependInfo.cmake
    │   │   │   │   ├── build.make
    │   │   │   │   ├── cmake_clean.cmake
    │   │   │   │   └── progress.make
    │   │   │   ├── TargetDirectories.txt
    │   │   │   ├── buildtests.dir
    │   │   │   │   ├── DependInfo.cmake
    │   │   │   │   ├── build.make
    │   │   │   │   ├── cmake_clean.cmake
    │   │   │   │   └── progress.make
    │   │   │   ├── check.dir
    │   │   │   │   ├── DependInfo.cmake
    │   │   │   │   ├── build.make
    │   │   │   │   ├── cmake_clean.cmake
    │   │   │   │   └── progress.make
    │   │   │   ├── cmake.check_cache
    │   │   │   ├── progress.marks
    │   │   │   └── uninstall.dir
    │   │   │       ├── DependInfo.cmake
    │   │   │       ├── build.make
    │   │   │       ├── cmake_clean.cmake
    │   │   │       └── progress.make
    │   │   ├── CTestCustom.cmake
    │   │   ├── CTestTestfile.cmake
    │   │   ├── DartConfiguration.tcl
    │   │   ├── Eigen3Config.cmake
    │   │   ├── Eigen3ConfigVersion.cmake
    │   │   ├── Eigen3Targets.cmake
    │   │   ├── Makefile
    │   │   ├── Testing
    │   │   │   └── Temporary
    │   │   ├── bench
    │   │   │   └── spbench
    │   │   │       ├── CMakeFiles
    │   │   │       │   ├── CMakeDirectoryInformation.cmake
    │   │   │       │   ├── progress.marks
    │   │   │       │   ├── spbenchsolver.dir
    │   │   │       │   │   ├── DependInfo.cmake
    │   │   │       │   │   ├── build.make
    │   │   │       │   │   ├── cmake_clean.cmake
    │   │   │       │   │   ├── depend.make
    │   │   │       │   │   ├── flags.make
    │   │   │       │   │   ├── link.txt
    │   │   │       │   │   └── progress.make
    │   │   │       │   ├── spsolver.dir
    │   │   │       │   │   ├── DependInfo.cmake
    │   │   │       │   │   ├── build.make
    │   │   │       │   │   ├── cmake_clean.cmake
    │   │   │       │   │   ├── depend.make
    │   │   │       │   │   ├── flags.make
    │   │   │       │   │   ├── link.txt
    │   │   │       │   │   └── progress.make
    │   │   │       │   └── test_sparseLU.dir
    │   │   │       │       ├── DependInfo.cmake
    │   │   │       │       ├── build.make
    │   │   │       │       ├── cmake_clean.cmake
    │   │   │       │       ├── depend.make
    │   │   │       │       ├── flags.make
    │   │   │       │       ├── link.txt
    │   │   │       │       └── progress.make
    │   │   │       ├── CTestTestfile.cmake
    │   │   │       ├── Makefile
    │   │   │       └── cmake_install.cmake
    │   │   ├── blas
    │   │   │   ├── CMakeFiles
    │   │   │   │   ├── CMakeDirectoryInformation.cmake
    │   │   │   │   ├── blas.dir
    │   │   │   │   │   ├── DependInfo.cmake
    │   │   │   │   │   ├── build.make
    │   │   │   │   │   ├── cmake_clean.cmake
    │   │   │   │   │   └── progress.make
    │   │   │   │   ├── eigen_blas.dir
    │   │   │   │   │   ├── DependInfo.cmake
    │   │   │   │   │   ├── build.make
    │   │   │   │   │   ├── cmake_clean.cmake
    │   │   │   │   │   ├── depend.make
    │   │   │   │   │   ├── f2c
    │   │   │   │   │   ├── flags.make
    │   │   │   │   │   ├── link.txt
    │   │   │   │   │   └── progress.make
    │   │   │   │   ├── eigen_blas_static.dir
    │   │   │   │   │   ├── DependInfo.cmake
    │   │   │   │   │   ├── build.make
    │   │   │   │   │   ├── cmake_clean.cmake
    │   │   │   │   │   ├── cmake_clean_target.cmake
    │   │   │   │   │   ├── depend.make
    │   │   │   │   │   ├── f2c
    │   │   │   │   │   ├── flags.make
    │   │   │   │   │   ├── link.txt
    │   │   │   │   │   └── progress.make
    │   │   │   │   └── progress.marks
    │   │   │   ├── CTestTestfile.cmake
    │   │   │   ├── Makefile
    │   │   │   └── cmake_install.cmake
    │   │   ├── buildtests.sh
    │   │   ├── cdashtesting.cmake
    │   │   ├── check.sh
    │   │   ├── cmake_install.cmake
    │   │   ├── debug.sh
    │   │   ├── demos
    │   │   │   ├── CMakeFiles
    │   │   │   │   ├── CMakeDirectoryInformation.cmake
    │   │   │   │   ├── demos.dir
    │   │   │   │   │   ├── DependInfo.cmake
    │   │   │   │   │   ├── build.make
    │   │   │   │   │   ├── cmake_clean.cmake
    │   │   │   │   │   └── progress.make
    │   │   │   │   └── progress.marks
    │   │   │   ├── CTestTestfile.cmake
    │   │   │   ├── Makefile
    │   │   │   └── cmake_install.cmake
    │   │   ├── doc
    │   │   │   ├── CMakeFiles
    │   │   │   │   ├── CMakeDirectoryInformation.cmake
    │   │   │   │   ├── all_examples.dir
    │   │   │   │   │   ├── DependInfo.cmake
    │   │   │   │   │   ├── build.make
    │   │   │   │   │   ├── cmake_clean.cmake
    │   │   │   │   │   └── progress.make
    │   │   │   │   ├── doc-eigen-prerequisites.dir
    │   │   │   │   │   ├── DependInfo.cmake
    │   │   │   │   │   ├── build.make
    │   │   │   │   │   ├── cmake_clean.cmake
    │   │   │   │   │   └── progress.make
    │   │   │   │   ├── doc-unsupported-prerequisites.dir
    │   │   │   │   │   ├── DependInfo.cmake
    │   │   │   │   │   ├── build.make
    │   │   │   │   │   ├── cmake_clean.cmake
    │   │   │   │   │   └── progress.make
    │   │   │   │   ├── doc.dir
    │   │   │   │   │   ├── DependInfo.cmake
    │   │   │   │   │   ├── build.make
    │   │   │   │   │   ├── cmake_clean.cmake
    │   │   │   │   │   └── progress.make
    │   │   │   │   └── progress.marks
    │   │   │   ├── Doxyfile
    │   │   │   ├── Doxyfile-unsupported
    │   │   │   ├── Makefile
    │   │   │   ├── cmake_install.cmake
    │   │   │   ├── eigendoxy_footer.html
    │   │   │   ├── eigendoxy_header.html
    │   │   │   ├── eigendoxy_layout.xml
    │   │   │   ├── examples
    │   │   │   │   ├── CMakeFiles
    │   │   │   │   │   ├── CMakeDirectoryInformation.cmake
    │   │   │   │   │   ├── CustomizingEigen_Inheritance.dir
    │   │   │   │   │   │   ├── DependInfo.cmake
    │   │   │   │   │   │   ├── build.make
    │   │   │   │   │   │   ├── cmake_clean.cmake
    │   │   │   │   │   │   ├── depend.make
    │   │   │   │   │   │   ├── flags.make
    │   │   │   │   │   │   ├── link.txt
    │   │   │   │   │   │   └── progress.make
    │   │   │   │   │   ├── Cwise_erf.dir
    │   │   │   │   │   │   ├── DependInfo.cmake
    │   │   │   │   │   │   ├── build.make
    │   │   │   │   │   │   ├── cmake_clean.cmake
    │   │   │   │   │   │   ├── depend.make
    │   │   │   │   │   │   ├── flags.make
    │   │   │   │   │   │   ├── link.txt
    │   │   │   │   │   │   └── progress.make
    │   │   │   │   │   ├── Cwise_erfc.dir
    │   │   │   │   │   │   ├── DependInfo.cmake
    │   │   │   │   │   │   ├── build.make
    │   │   │   │   │   │   ├── cmake_clean.cmake
    │   │   │   │   │   │   ├── depend.make
    │   │   │   │   │   │   ├── flags.make
    │   │   │   │   │   │   ├── link.txt
    │   │   │   │   │   │   └── progress.make
    │   │   │   │   │   ├── Cwise_lgamma.dir
    │   │   │   │   │   │   ├── DependInfo.cmake
    │   │   │   │   │   │   ├── build.make
    │   │   │   │   │   │   ├── cmake_clean.cmake
    │   │   │   │   │   │   ├── depend.make
    │   │   │   │   │   │   ├── flags.make
    │   │   │   │   │   │   ├── link.txt
    │   │   │   │   │   │   └── progress.make
    │   │   │   │   │   ├── DenseBase_middleCols_int.dir
    │   │   │   │   │   │   ├── DependInfo.cmake
    │   │   │   │   │   │   ├── build.make
    │   │   │   │   │   │   ├── cmake_clean.cmake
    │   │   │   │   │   │   ├── depend.make
    │   │   │   │   │   │   ├── flags.make
    │   │   │   │   │   │   ├── link.txt
    │   │   │   │   │   │   └── progress.make
    │   │   │   │   │   ├── DenseBase_middleRows_int.dir
    │   │   │   │   │   │   ├── DependInfo.cmake
    │   │   │   │   │   │   ├── build.make
    │   │   │   │   │   │   ├── cmake_clean.cmake
    │   │   │   │   │   │   ├── depend.make
    │   │   │   │   │   │   ├── flags.make
    │   │   │   │   │   │   ├── link.txt
    │   │   │   │   │   │   └── progress.make
    │   │   │   │   │   ├── DenseBase_template_int_middleCols.dir
    │   │   │   │   │   │   ├── DependInfo.cmake
    │   │   │   │   │   │   ├── build.make
    │   │   │   │   │   │   ├── cmake_clean.cmake
    │   │   │   │   │   │   ├── depend.make
    │   │   │   │   │   │   ├── flags.make
    │   │   │   │   │   │   ├── link.txt
    │   │   │   │   │   │   └── progress.make
    │   │   │   │   │   ├── DenseBase_template_int_middleRows.dir
    │   │   │   │   │   │   ├── DependInfo.cmake
    │   │   │   │   │   │   ├── build.make
    │   │   │   │   │   │   ├── cmake_clean.cmake
    │   │   │   │   │   │   ├── depend.make
    │   │   │   │   │   │   ├── flags.make
    │   │   │   │   │   │   ├── link.txt
    │   │   │   │   │   │   └── progress.make
    │   │   │   │   │   ├── QuickStart_example.dir
    │   │   │   │   │   │   ├── DependInfo.cmake
    │   │   │   │   │   │   ├── build.make
    │   │   │   │   │   │   ├── cmake_clean.cmake
    │   │   │   │   │   │   ├── depend.make
    │   │   │   │   │   │   ├── flags.make
    │   │   │   │   │   │   ├── link.txt
    │   │   │   │   │   │   └── progress.make
    │   │   │   │   │   ├── QuickStart_example2_dynamic.dir
    │   │   │   │   │   │   ├── DependInfo.cmake
    │   │   │   │   │   │   ├── build.make
    │   │   │   │   │   │   ├── cmake_clean.cmake
    │   │   │   │   │   │   ├── depend.make
    │   │   │   │   │   │   ├── flags.make
    │   │   │   │   │   │   ├── link.txt
    │   │   │   │   │   │   └── progress.make
    │   │   │   │   │   ├── QuickStart_example2_fixed.dir
    │   │   │   │   │   │   ├── DependInfo.cmake
    │   │   │   │   │   │   ├── build.make
    │   │   │   │   │   │   ├── cmake_clean.cmake
    │   │   │   │   │   │   ├── depend.make
    │   │   │   │   │   │   ├── flags.make
    │   │   │   │   │   │   ├── link.txt
    │   │   │   │   │   │   └── progress.make
    │   │   │   │   │   ├── TemplateKeyword_flexible.dir
    │   │   │   │   │   │   ├── DependInfo.cmake
    │   │   │   │   │   │   ├── build.make
    │   │   │   │   │   │   ├── cmake_clean.cmake
    │   │   │   │   │   │   ├── depend.make
    │   │   │   │   │   │   ├── flags.make
    │   │   │   │   │   │   ├── link.txt
    │   │   │   │   │   │   └── progress.make
    │   │   │   │   │   ├── TemplateKeyword_simple.dir
    │   │   │   │   │   │   ├── DependInfo.cmake
    │   │   │   │   │   │   ├── build.make
    │   │   │   │   │   │   ├── cmake_clean.cmake
    │   │   │   │   │   │   ├── depend.make
    │   │   │   │   │   │   ├── flags.make
    │   │   │   │   │   │   ├── link.txt
    │   │   │   │   │   │   └── progress.make
    │   │   │   │   │   ├── TutorialInplaceLU.dir
    │   │   │   │   │   │   ├── DependInfo.cmake
    │   │   │   │   │   │   ├── build.make
    │   │   │   │   │   │   ├── cmake_clean.cmake
    │   │   │   │   │   │   ├── depend.make
    │   │   │   │   │   │   ├── flags.make
    │   │   │   │   │   │   ├── link.txt
    │   │   │   │   │   │   └── progress.make
    │   │   │   │   │   ├── TutorialLinAlgComputeTwice.dir
    │   │   │   │   │   │   ├── DependInfo.cmake
    │   │   │   │   │   │   ├── build.make
    │   │   │   │   │   │   ├── cmake_clean.cmake
    │   │   │   │   │   │   ├── depend.make
    │   │   │   │   │   │   ├── flags.make
    │   │   │   │   │   │   ├── link.txt
    │   │   │   │   │   │   └── progress.make
    │   │   │   │   │   ├── TutorialLinAlgExComputeSolveError.dir
    │   │   │   │   │   │   ├── DependInfo.cmake
    │   │   │   │   │   │   ├── build.make
    │   │   │   │   │   │   ├── cmake_clean.cmake
    │   │   │   │   │   │   ├── depend.make
    │   │   │   │   │   │   ├── flags.make
    │   │   │   │   │   │   ├── link.txt
    │   │   │   │   │   │   └── progress.make
    │   │   │   │   │   ├── TutorialLinAlgExSolveColPivHouseholderQR.dir
    │   │   │   │   │   │   ├── DependInfo.cmake
    │   │   │   │   │   │   ├── build.make
    │   │   │   │   │   │   ├── cmake_clean.cmake
    │   │   │   │   │   │   ├── depend.make
    │   │   │   │   │   │   ├── flags.make
    │   │   │   │   │   │   ├── link.txt
    │   │   │   │   │   │   └── progress.make
    │   │   │   │   │   ├── TutorialLinAlgExSolveLDLT.dir
    │   │   │   │   │   │   ├── DependInfo.cmake
    │   │   │   │   │   │   ├── build.make
    │   │   │   │   │   │   ├── cmake_clean.cmake
    │   │   │   │   │   │   ├── depend.make
    │   │   │   │   │   │   ├── flags.make
    │   │   │   │   │   │   ├── link.txt
    │   │   │   │   │   │   └── progress.make
    │   │   │   │   │   ├── TutorialLinAlgInverseDeterminant.dir
    │   │   │   │   │   │   ├── DependInfo.cmake
    │   │   │   │   │   │   ├── build.make
    │   │   │   │   │   │   ├── cmake_clean.cmake
    │   │   │   │   │   │   ├── depend.make
    │   │   │   │   │   │   ├── flags.make
    │   │   │   │   │   │   ├── link.txt
    │   │   │   │   │   │   └── progress.make
    │   │   │   │   │   ├── TutorialLinAlgRankRevealing.dir
    │   │   │   │   │   │   ├── DependInfo.cmake
    │   │   │   │   │   │   ├── build.make
    │   │   │   │   │   │   ├── cmake_clean.cmake
    │   │   │   │   │   │   ├── depend.make
    │   │   │   │   │   │   ├── flags.make
    │   │   │   │   │   │   ├── link.txt
    │   │   │   │   │   │   └── progress.make
    │   │   │   │   │   ├── TutorialLinAlgSVDSolve.dir
    │   │   │   │   │   │   ├── DependInfo.cmake
    │   │   │   │   │   │   ├── build.make
    │   │   │   │   │   │   ├── cmake_clean.cmake
    │   │   │   │   │   │   ├── depend.make
    │   │   │   │   │   │   ├── flags.make
    │   │   │   │   │   │   ├── link.txt
    │   │   │   │   │   │   └── progress.make
    │   │   │   │   │   ├── TutorialLinAlgSelfAdjointEigenSolver.dir
    │   │   │   │   │   │   ├── DependInfo.cmake
    │   │   │   │   │   │   ├── build.make
    │   │   │   │   │   │   ├── cmake_clean.cmake
    │   │   │   │   │   │   ├── depend.make
    │   │   │   │   │   │   ├── flags.make
    │   │   │   │   │   │   ├── link.txt
    │   │   │   │   │   │   └── progress.make
    │   │   │   │   │   ├── TutorialLinAlgSetThreshold.dir
    │   │   │   │   │   │   ├── DependInfo.cmake
    │   │   │   │   │   │   ├── build.make
    │   │   │   │   │   │   ├── cmake_clean.cmake
    │   │   │   │   │   │   ├── depend.make
    │   │   │   │   │   │   ├── flags.make
    │   │   │   │   │   │   ├── link.txt
    │   │   │   │   │   │   └── progress.make
    │   │   │   │   │   ├── Tutorial_ArrayClass_accessors.dir
    │   │   │   │   │   │   ├── DependInfo.cmake
    │   │   │   │   │   │   ├── build.make
    │   │   │   │   │   │   ├── cmake_clean.cmake
    │   │   │   │   │   │   ├── depend.make
    │   │   │   │   │   │   ├── flags.make
    │   │   │   │   │   │   ├── link.txt
    │   │   │   │   │   │   └── progress.make
    │   │   │   │   │   ├── Tutorial_ArrayClass_addition.dir
    │   │   │   │   │   │   ├── DependInfo.cmake
    │   │   │   │   │   │   ├── build.make
    │   │   │   │   │   │   ├── cmake_clean.cmake
    │   │   │   │   │   │   ├── depend.make
    │   │   │   │   │   │   ├── flags.make
    │   │   │   │   │   │   ├── link.txt
    │   │   │   │   │   │   └── progress.make
    │   │   │   │   │   ├── Tutorial_ArrayClass_cwise_other.dir
    │   │   │   │   │   │   ├── DependInfo.cmake
    │   │   │   │   │   │   ├── build.make
    │   │   │   │   │   │   ├── cmake_clean.cmake
    │   │   │   │   │   │   ├── depend.make
    │   │   │   │   │   │   ├── flags.make
    │   │   │   │   │   │   ├── link.txt
    │   │   │   │   │   │   └── progress.make
    │   │   │   │   │   ├── Tutorial_ArrayClass_interop.dir
    │   │   │   │   │   │   ├── DependInfo.cmake
    │   │   │   │   │   │   ├── build.make
    │   │   │   │   │   │   ├── cmake_clean.cmake
    │   │   │   │   │   │   ├── depend.make
    │   │   │   │   │   │   ├── flags.make
    │   │   │   │   │   │   ├── link.txt
    │   │   │   │   │   │   └── progress.make
    │   │   │   │   │   ├── Tutorial_ArrayClass_interop_matrix.dir
    │   │   │   │   │   │   ├── DependInfo.cmake
    │   │   │   │   │   │   ├── build.make
    │   │   │   │   │   │   ├── cmake_clean.cmake
    │   │   │   │   │   │   ├── depend.make
    │   │   │   │   │   │   ├── flags.make
    │   │   │   │   │   │   ├── link.txt
    │   │   │   │   │   │   └── progress.make
    │   │   │   │   │   ├── Tutorial_ArrayClass_mult.dir
    │   │   │   │   │   │   ├── DependInfo.cmake
    │   │   │   │   │   │   ├── build.make
    │   │   │   │   │   │   ├── cmake_clean.cmake
    │   │   │   │   │   │   ├── depend.make
    │   │   │   │   │   │   ├── flags.make
    │   │   │   │   │   │   ├── link.txt
    │   │   │   │   │   │   └── progress.make
    │   │   │   │   │   ├── Tutorial_BlockOperations_block_assignment.dir
    │   │   │   │   │   │   ├── DependInfo.cmake
    │   │   │   │   │   │   ├── build.make
    │   │   │   │   │   │   ├── cmake_clean.cmake
    │   │   │   │   │   │   ├── depend.make
    │   │   │   │   │   │   ├── flags.make
    │   │   │   │   │   │   ├── link.txt
    │   │   │   │   │   │   └── progress.make
    │   │   │   │   │   ├── Tutorial_BlockOperations_colrow.dir
    │   │   │   │   │   │   ├── DependInfo.cmake
    │   │   │   │   │   │   ├── build.make
    │   │   │   │   │   │   ├── cmake_clean.cmake
    │   │   │   │   │   │   ├── depend.make
    │   │   │   │   │   │   ├── flags.make
    │   │   │   │   │   │   ├── link.txt
    │   │   │   │   │   │   └── progress.make
    │   │   │   │   │   ├── Tutorial_BlockOperations_corner.dir
    │   │   │   │   │   │   ├── DependInfo.cmake
    │   │   │   │   │   │   ├── build.make
    │   │   │   │   │   │   ├── cmake_clean.cmake
    │   │   │   │   │   │   ├── depend.make
    │   │   │   │   │   │   ├── flags.make
    │   │   │   │   │   │   ├── link.txt
    │   │   │   │   │   │   └── progress.make
    │   │   │   │   │   ├── Tutorial_BlockOperations_print_block.dir
    │   │   │   │   │   │   ├── DependInfo.cmake
    │   │   │   │   │   │   ├── build.make
    │   │   │   │   │   │   ├── cmake_clean.cmake
    │   │   │   │   │   │   ├── depend.make
    │   │   │   │   │   │   ├── flags.make
    │   │   │   │   │   │   ├── link.txt
    │   │   │   │   │   │   └── progress.make
    │   │   │   │   │   ├── Tutorial_BlockOperations_vector.dir
    │   │   │   │   │   │   ├── DependInfo.cmake
    │   │   │   │   │   │   ├── build.make
    │   │   │   │   │   │   ├── cmake_clean.cmake
    │   │   │   │   │   │   ├── depend.make
    │   │   │   │   │   │   ├── flags.make
    │   │   │   │   │   │   ├── link.txt
    │   │   │   │   │   │   └── progress.make
    │   │   │   │   │   ├── Tutorial_PartialLU_solve.dir
    │   │   │   │   │   │   ├── DependInfo.cmake
    │   │   │   │   │   │   ├── build.make
    │   │   │   │   │   │   ├── cmake_clean.cmake
    │   │   │   │   │   │   ├── depend.make
    │   │   │   │   │   │   ├── flags.make
    │   │   │   │   │   │   ├── link.txt
    │   │   │   │   │   │   └── progress.make
    │   │   │   │   │   ├── Tutorial_ReductionsVisitorsBroadcasting_broadcast_1nn.dir
    │   │   │   │   │   │   ├── DependInfo.cmake
    │   │   │   │   │   │   ├── build.make
    │   │   │   │   │   │   ├── cmake_clean.cmake
    │   │   │   │   │   │   ├── depend.make
    │   │   │   │   │   │   ├── flags.make
    │   │   │   │   │   │   ├── link.txt
    │   │   │   │   │   │   └── progress.make
    │   │   │   │   │   ├── Tutorial_ReductionsVisitorsBroadcasting_broadcast_simple.dir
    │   │   │   │   │   │   ├── DependInfo.cmake
    │   │   │   │   │   │   ├── build.make
    │   │   │   │   │   │   ├── cmake_clean.cmake
    │   │   │   │   │   │   ├── depend.make
    │   │   │   │   │   │   ├── flags.make
    │   │   │   │   │   │   ├── link.txt
    │   │   │   │   │   │   └── progress.make
    │   │   │   │   │   ├── Tutorial_ReductionsVisitorsBroadcasting_broadcast_simple_rowwise.dir
    │   │   │   │   │   │   ├── DependInfo.cmake
    │   │   │   │   │   │   ├── build.make
    │   │   │   │   │   │   ├── cmake_clean.cmake
    │   │   │   │   │   │   ├── depend.make
    │   │   │   │   │   │   ├── flags.make
    │   │   │   │   │   │   ├── link.txt
    │   │   │   │   │   │   └── progress.make
    │   │   │   │   │   ├── Tutorial_ReductionsVisitorsBroadcasting_colwise.dir
    │   │   │   │   │   │   ├── DependInfo.cmake
    │   │   │   │   │   │   ├── build.make
    │   │   │   │   │   │   ├── cmake_clean.cmake
    │   │   │   │   │   │   ├── depend.make
    │   │   │   │   │   │   ├── flags.make
    │   │   │   │   │   │   ├── link.txt
    │   │   │   │   │   │   └── progress.make
    │   │   │   │   │   ├── Tutorial_ReductionsVisitorsBroadcasting_maxnorm.dir
    │   │   │   │   │   │   ├── DependInfo.cmake
    │   │   │   │   │   │   ├── build.make
    │   │   │   │   │   │   ├── cmake_clean.cmake
    │   │   │   │   │   │   ├── depend.make
    │   │   │   │   │   │   ├── flags.make
    │   │   │   │   │   │   ├── link.txt
    │   │   │   │   │   │   └── progress.make
    │   │   │   │   │   ├── Tutorial_ReductionsVisitorsBroadcasting_reductions_bool.dir
    │   │   │   │   │   │   ├── DependInfo.cmake
    │   │   │   │   │   │   ├── build.make
    │   │   │   │   │   │   ├── cmake_clean.cmake
    │   │   │   │   │   │   ├── depend.make
    │   │   │   │   │   │   ├── flags.make
    │   │   │   │   │   │   ├── link.txt
    │   │   │   │   │   │   └── progress.make
    │   │   │   │   │   ├── Tutorial_ReductionsVisitorsBroadcasting_reductions_norm.dir
    │   │   │   │   │   │   ├── DependInfo.cmake
    │   │   │   │   │   │   ├── build.make
    │   │   │   │   │   │   ├── cmake_clean.cmake
    │   │   │   │   │   │   ├── depend.make
    │   │   │   │   │   │   ├── flags.make
    │   │   │   │   │   │   ├── link.txt
    │   │   │   │   │   │   └── progress.make
    │   │   │   │   │   ├── Tutorial_ReductionsVisitorsBroadcasting_reductions_operatornorm.dir
    │   │   │   │   │   │   ├── DependInfo.cmake
    │   │   │   │   │   │   ├── build.make
    │   │   │   │   │   │   ├── cmake_clean.cmake
    │   │   │   │   │   │   ├── depend.make
    │   │   │   │   │   │   ├── flags.make
    │   │   │   │   │   │   ├── link.txt
    │   │   │   │   │   │   └── progress.make
    │   │   │   │   │   ├── Tutorial_ReductionsVisitorsBroadcasting_rowwise.dir
    │   │   │   │   │   │   ├── DependInfo.cmake
    │   │   │   │   │   │   ├── build.make
    │   │   │   │   │   │   ├── cmake_clean.cmake
    │   │   │   │   │   │   ├── depend.make
    │   │   │   │   │   │   ├── flags.make
    │   │   │   │   │   │   ├── link.txt
    │   │   │   │   │   │   └── progress.make
    │   │   │   │   │   ├── Tutorial_ReductionsVisitorsBroadcasting_visitors.dir
    │   │   │   │   │   │   ├── DependInfo.cmake
    │   │   │   │   │   │   ├── build.make
    │   │   │   │   │   │   ├── cmake_clean.cmake
    │   │   │   │   │   │   ├── depend.make
    │   │   │   │   │   │   ├── flags.make
    │   │   │   │   │   │   ├── link.txt
    │   │   │   │   │   │   └── progress.make
    │   │   │   │   │   ├── Tutorial_simple_example_dynamic_size.dir
    │   │   │   │   │   │   ├── DependInfo.cmake
    │   │   │   │   │   │   ├── build.make
    │   │   │   │   │   │   ├── cmake_clean.cmake
    │   │   │   │   │   │   ├── depend.make
    │   │   │   │   │   │   ├── flags.make
    │   │   │   │   │   │   ├── link.txt
    │   │   │   │   │   │   └── progress.make
    │   │   │   │   │   ├── Tutorial_simple_example_fixed_size.dir
    │   │   │   │   │   │   ├── DependInfo.cmake
    │   │   │   │   │   │   ├── build.make
    │   │   │   │   │   │   ├── cmake_clean.cmake
    │   │   │   │   │   │   ├── depend.make
    │   │   │   │   │   │   ├── flags.make
    │   │   │   │   │   │   ├── link.txt
    │   │   │   │   │   │   └── progress.make
    │   │   │   │   │   ├── class_Block.dir
    │   │   │   │   │   │   ├── DependInfo.cmake
    │   │   │   │   │   │   ├── build.make
    │   │   │   │   │   │   ├── cmake_clean.cmake
    │   │   │   │   │   │   ├── depend.make
    │   │   │   │   │   │   ├── flags.make
    │   │   │   │   │   │   ├── link.txt
    │   │   │   │   │   │   └── progress.make
    │   │   │   │   │   ├── class_CwiseBinaryOp.dir
    │   │   │   │   │   │   ├── DependInfo.cmake
    │   │   │   │   │   │   ├── build.make
    │   │   │   │   │   │   ├── cmake_clean.cmake
    │   │   │   │   │   │   ├── depend.make
    │   │   │   │   │   │   ├── flags.make
    │   │   │   │   │   │   ├── link.txt
    │   │   │   │   │   │   └── progress.make
    │   │   │   │   │   ├── class_CwiseUnaryOp.dir
    │   │   │   │   │   │   ├── DependInfo.cmake
    │   │   │   │   │   │   ├── build.make
    │   │   │   │   │   │   ├── cmake_clean.cmake
    │   │   │   │   │   │   ├── depend.make
    │   │   │   │   │   │   ├── flags.make
    │   │   │   │   │   │   ├── link.txt
    │   │   │   │   │   │   └── progress.make
    │   │   │   │   │   ├── class_CwiseUnaryOp_ptrfun.dir
    │   │   │   │   │   │   ├── DependInfo.cmake
    │   │   │   │   │   │   ├── build.make
    │   │   │   │   │   │   ├── cmake_clean.cmake
    │   │   │   │   │   │   ├── depend.make
    │   │   │   │   │   │   ├── flags.make
    │   │   │   │   │   │   ├── link.txt
    │   │   │   │   │   │   └── progress.make
    │   │   │   │   │   ├── class_FixedBlock.dir
    │   │   │   │   │   │   ├── DependInfo.cmake
    │   │   │   │   │   │   ├── build.make
    │   │   │   │   │   │   ├── cmake_clean.cmake
    │   │   │   │   │   │   ├── depend.make
    │   │   │   │   │   │   ├── flags.make
    │   │   │   │   │   │   ├── link.txt
    │   │   │   │   │   │   └── progress.make
    │   │   │   │   │   ├── class_FixedReshaped.dir
    │   │   │   │   │   │   ├── DependInfo.cmake
    │   │   │   │   │   │   ├── build.make
    │   │   │   │   │   │   ├── cmake_clean.cmake
    │   │   │   │   │   │   ├── depend.make
    │   │   │   │   │   │   ├── flags.make
    │   │   │   │   │   │   ├── link.txt
    │   │   │   │   │   │   └── progress.make
    │   │   │   │   │   ├── class_FixedVectorBlock.dir
    │   │   │   │   │   │   ├── DependInfo.cmake
    │   │   │   │   │   │   ├── build.make
    │   │   │   │   │   │   ├── cmake_clean.cmake
    │   │   │   │   │   │   ├── depend.make
    │   │   │   │   │   │   ├── flags.make
    │   │   │   │   │   │   ├── link.txt
    │   │   │   │   │   │   └── progress.make
    │   │   │   │   │   ├── class_Reshaped.dir
    │   │   │   │   │   │   ├── DependInfo.cmake
    │   │   │   │   │   │   ├── build.make
    │   │   │   │   │   │   ├── cmake_clean.cmake
    │   │   │   │   │   │   ├── depend.make
    │   │   │   │   │   │   ├── flags.make
    │   │   │   │   │   │   ├── link.txt
    │   │   │   │   │   │   └── progress.make
    │   │   │   │   │   ├── class_VectorBlock.dir
    │   │   │   │   │   │   ├── DependInfo.cmake
    │   │   │   │   │   │   ├── build.make
    │   │   │   │   │   │   ├── cmake_clean.cmake
    │   │   │   │   │   │   ├── depend.make
    │   │   │   │   │   │   ├── flags.make
    │   │   │   │   │   │   ├── link.txt
    │   │   │   │   │   │   └── progress.make
    │   │   │   │   │   ├── function_taking_eigenbase.dir
    │   │   │   │   │   │   ├── DependInfo.cmake
    │   │   │   │   │   │   ├── build.make
    │   │   │   │   │   │   ├── cmake_clean.cmake
    │   │   │   │   │   │   ├── depend.make
    │   │   │   │   │   │   ├── flags.make
    │   │   │   │   │   │   ├── link.txt
    │   │   │   │   │   │   └── progress.make
    │   │   │   │   │   ├── function_taking_ref.dir
    │   │   │   │   │   │   ├── DependInfo.cmake
    │   │   │   │   │   │   ├── build.make
    │   │   │   │   │   │   ├── cmake_clean.cmake
    │   │   │   │   │   │   ├── depend.make
    │   │   │   │   │   │   ├── flags.make
    │   │   │   │   │   │   ├── link.txt
    │   │   │   │   │   │   └── progress.make
    │   │   │   │   │   ├── make_circulant.dir
    │   │   │   │   │   │   ├── DependInfo.cmake
    │   │   │   │   │   │   ├── build.make
    │   │   │   │   │   │   ├── cmake_clean.cmake
    │   │   │   │   │   │   ├── depend.make
    │   │   │   │   │   │   ├── flags.make
    │   │   │   │   │   │   ├── link.txt
    │   │   │   │   │   │   └── progress.make
    │   │   │   │   │   ├── make_circulant2.dir
    │   │   │   │   │   │   ├── DependInfo.cmake
    │   │   │   │   │   │   ├── build.make
    │   │   │   │   │   │   ├── cmake_clean.cmake
    │   │   │   │   │   │   ├── depend.make
    │   │   │   │   │   │   ├── flags.make
    │   │   │   │   │   │   ├── link.txt
    │   │   │   │   │   │   └── progress.make
    │   │   │   │   │   ├── matrixfree_cg.dir
    │   │   │   │   │   │   ├── DependInfo.cmake
    │   │   │   │   │   │   ├── build.make
    │   │   │   │   │   │   ├── cmake_clean.cmake
    │   │   │   │   │   │   ├── depend.make
    │   │   │   │   │   │   ├── flags.make
    │   │   │   │   │   │   ├── link.txt
    │   │   │   │   │   │   └── progress.make
    │   │   │   │   │   ├── nullary_indexing.dir
    │   │   │   │   │   │   ├── DependInfo.cmake
    │   │   │   │   │   │   ├── build.make
    │   │   │   │   │   │   ├── cmake_clean.cmake
    │   │   │   │   │   │   ├── depend.make
    │   │   │   │   │   │   ├── flags.make
    │   │   │   │   │   │   ├── link.txt
    │   │   │   │   │   │   └── progress.make
    │   │   │   │   │   ├── progress.marks
    │   │   │   │   │   ├── tut_arithmetic_add_sub.dir
    │   │   │   │   │   │   ├── DependInfo.cmake
    │   │   │   │   │   │   ├── build.make
    │   │   │   │   │   │   ├── cmake_clean.cmake
    │   │   │   │   │   │   ├── depend.make
    │   │   │   │   │   │   ├── flags.make
    │   │   │   │   │   │   ├── link.txt
    │   │   │   │   │   │   └── progress.make
    │   │   │   │   │   ├── tut_arithmetic_dot_cross.dir
    │   │   │   │   │   │   ├── DependInfo.cmake
    │   │   │   │   │   │   ├── build.make
    │   │   │   │   │   │   ├── cmake_clean.cmake
    │   │   │   │   │   │   ├── depend.make
    │   │   │   │   │   │   ├── flags.make
    │   │   │   │   │   │   ├── link.txt
    │   │   │   │   │   │   └── progress.make
    │   │   │   │   │   ├── tut_arithmetic_matrix_mul.dir
    │   │   │   │   │   │   ├── DependInfo.cmake
    │   │   │   │   │   │   ├── build.make
    │   │   │   │   │   │   ├── cmake_clean.cmake
    │   │   │   │   │   │   ├── depend.make
    │   │   │   │   │   │   ├── flags.make
    │   │   │   │   │   │   ├── link.txt
    │   │   │   │   │   │   └── progress.make
    │   │   │   │   │   ├── tut_arithmetic_redux_basic.dir
    │   │   │   │   │   │   ├── DependInfo.cmake
    │   │   │   │   │   │   ├── build.make
    │   │   │   │   │   │   ├── cmake_clean.cmake
    │   │   │   │   │   │   ├── depend.make
    │   │   │   │   │   │   ├── flags.make
    │   │   │   │   │   │   ├── link.txt
    │   │   │   │   │   │   └── progress.make
    │   │   │   │   │   ├── tut_arithmetic_scalar_mul_div.dir
    │   │   │   │   │   │   ├── DependInfo.cmake
    │   │   │   │   │   │   ├── build.make
    │   │   │   │   │   │   ├── cmake_clean.cmake
    │   │   │   │   │   │   ├── depend.make
    │   │   │   │   │   │   ├── flags.make
    │   │   │   │   │   │   ├── link.txt
    │   │   │   │   │   │   └── progress.make
    │   │   │   │   │   ├── tut_matrix_coefficient_accessors.dir
    │   │   │   │   │   │   ├── DependInfo.cmake
    │   │   │   │   │   │   ├── build.make
    │   │   │   │   │   │   ├── cmake_clean.cmake
    │   │   │   │   │   │   ├── depend.make
    │   │   │   │   │   │   ├── flags.make
    │   │   │   │   │   │   ├── link.txt
    │   │   │   │   │   │   └── progress.make
    │   │   │   │   │   ├── tut_matrix_resize.dir
    │   │   │   │   │   │   ├── DependInfo.cmake
    │   │   │   │   │   │   ├── build.make
    │   │   │   │   │   │   ├── cmake_clean.cmake
    │   │   │   │   │   │   ├── depend.make
    │   │   │   │   │   │   ├── flags.make
    │   │   │   │   │   │   ├── link.txt
    │   │   │   │   │   │   └── progress.make
    │   │   │   │   │   └── tut_matrix_resize_fixed_size.dir
    │   │   │   │   │       ├── DependInfo.cmake
    │   │   │   │   │       ├── build.make
    │   │   │   │   │       ├── cmake_clean.cmake
    │   │   │   │   │       ├── depend.make
    │   │   │   │   │       ├── flags.make
    │   │   │   │   │       ├── link.txt
    │   │   │   │   │       └── progress.make
    │   │   │   │   ├── Makefile
    │   │   │   │   └── cmake_install.cmake
    │   │   │   ├── snippets
    │   │   │   │   ├── CMakeFiles
    │   │   │   │   │   ├── CMakeDirectoryInformation.cmake
    │   │   │   │   │   ├── all_snippets.dir
    │   │   │   │   │   │   ├── DependInfo.cmake
    │   │   │   │   │   │   ├── build.make
    │   │   │   │   │   │   ├── cmake_clean.cmake
    │   │   │   │   │   │   └── progress.make
    │   │   │   │   │   ├── compile_AngleAxis_mimic_euler.dir
    │   │   │   │   │   │   ├── DependInfo.cmake
    │   │   │   │   │   │   ├── build.make
    │   │   │   │   │   │   ├── cmake_clean.cmake
    │   │   │   │   │   │   ├── depend.make
    │   │   │   │   │   │   ├── flags.make
    │   │   │   │   │   │   ├── link.txt
    │   │   │   │   │   │   └── progress.make
    │   │   │   │   │   ├── compile_Array_initializer_list_23_cxx11.dir
    │   │   │   │   │   │   ├── DependInfo.cmake
    │   │   │   │   │   │   ├── build.make
    │   │   │   │   │   │   ├── cmake_clean.cmake
    │   │   │   │   │   │   ├── depend.make
    │   │   │   │   │   │   ├── flags.make
    │   │   │   │   │   │   ├── link.txt
    │   │   │   │   │   │   └── progress.make
    │   │   │   │   │   ├── compile_Array_initializer_list_vector_cxx11.dir
    │   │   │   │   │   │   ├── DependInfo.cmake
    │   │   │   │   │   │   ├── build.make
    │   │   │   │   │   │   ├── cmake_clean.cmake
    │   │   │   │   │   │   ├── depend.make
    │   │   │   │   │   │   ├── flags.make
    │   │   │   │   │   │   ├── link.txt
    │   │   │   │   │   │   └── progress.make
    │   │   │   │   │   ├── compile_Array_variadic_ctor_cxx11.dir
    │   │   │   │   │   │   ├── DependInfo.cmake
    │   │   │   │   │   │   ├── build.make
    │   │   │   │   │   │   ├── cmake_clean.cmake
    │   │   │   │   │   │   ├── depend.make
    │   │   │   │   │   │   ├── flags.make
    │   │   │   │   │   │   ├── link.txt
    │   │   │   │   │   │   └── progress.make
    │   │   │   │   │   ├── compile_BiCGSTAB_simple.dir
    │   │   │   │   │   │   ├── DependInfo.cmake
    │   │   │   │   │   │   ├── build.make
    │   │   │   │   │   │   ├── cmake_clean.cmake
    │   │   │   │   │   │   ├── depend.make
    │   │   │   │   │   │   ├── flags.make
    │   │   │   │   │   │   ├── link.txt
    │   │   │   │   │   │   └── progress.make
    │   │   │   │   │   ├── compile_BiCGSTAB_step_by_step.dir
    │   │   │   │   │   │   ├── DependInfo.cmake
    │   │   │   │   │   │   ├── build.make
    │   │   │   │   │   │   ├── cmake_clean.cmake
    │   │   │   │   │   │   ├── depend.make
    │   │   │   │   │   │   ├── flags.make
    │   │   │   │   │   │   ├── link.txt
    │   │   │   │   │   │   └── progress.make
    │   │   │   │   │   ├── compile_ColPivHouseholderQR_solve.dir
    │   │   │   │   │   │   ├── DependInfo.cmake
    │   │   │   │   │   │   ├── build.make
    │   │   │   │   │   │   ├── cmake_clean.cmake
    │   │   │   │   │   │   ├── depend.make
    │   │   │   │   │   │   ├── flags.make
    │   │   │   │   │   │   ├── link.txt
    │   │   │   │   │   │   └── progress.make
    │   │   │   │   │   ├── compile_ComplexEigenSolver_compute.dir
    │   │   │   │   │   │   ├── DependInfo.cmake
    │   │   │   │   │   │   ├── build.make
    │   │   │   │   │   │   ├── cmake_clean.cmake
    │   │   │   │   │   │   ├── depend.make
    │   │   │   │   │   │   ├── flags.make
    │   │   │   │   │   │   ├── link.txt
    │   │   │   │   │   │   └── progress.make
    │   │   │   │   │   ├── compile_ComplexEigenSolver_eigenvalues.dir
    │   │   │   │   │   │   ├── DependInfo.cmake
    │   │   │   │   │   │   ├── build.make
    │   │   │   │   │   │   ├── cmake_clean.cmake
    │   │   │   │   │   │   ├── depend.make
    │   │   │   │   │   │   ├── flags.make
    │   │   │   │   │   │   ├── link.txt
    │   │   │   │   │   │   └── progress.make
    │   │   │   │   │   ├── compile_ComplexEigenSolver_eigenvectors.dir
    │   │   │   │   │   │   ├── DependInfo.cmake
    │   │   │   │   │   │   ├── build.make
    │   │   │   │   │   │   ├── cmake_clean.cmake
    │   │   │   │   │   │   ├── depend.make
    │   │   │   │   │   │   ├── flags.make
    │   │   │   │   │   │   ├── link.txt
    │   │   │   │   │   │   └── progress.make
    │   │   │   │   │   ├── compile_ComplexSchur_compute.dir
    │   │   │   │   │   │   ├── DependInfo.cmake
    │   │   │   │   │   │   ├── build.make
    │   │   │   │   │   │   ├── cmake_clean.cmake
    │   │   │   │   │   │   ├── depend.make
    │   │   │   │   │   │   ├── flags.make
    │   │   │   │   │   │   ├── link.txt
    │   │   │   │   │   │   └── progress.make
    │   │   │   │   │   ├── compile_ComplexSchur_matrixT.dir
    │   │   │   │   │   │   ├── DependInfo.cmake
    │   │   │   │   │   │   ├── build.make
    │   │   │   │   │   │   ├── cmake_clean.cmake
    │   │   │   │   │   │   ├── depend.make
    │   │   │   │   │   │   ├── flags.make
    │   │   │   │   │   │   ├── link.txt
    │   │   │   │   │   │   └── progress.make
    │   │   │   │   │   ├── compile_ComplexSchur_matrixU.dir
    │   │   │   │   │   │   ├── DependInfo.cmake
    │   │   │   │   │   │   ├── build.make
    │   │   │   │   │   │   ├── cmake_clean.cmake
    │   │   │   │   │   │   ├── depend.make
    │   │   │   │   │   │   ├── flags.make
    │   │   │   │   │   │   ├── link.txt
    │   │   │   │   │   │   └── progress.make
    │   │   │   │   │   ├── compile_Cwise_abs.dir
    │   │   │   │   │   │   ├── DependInfo.cmake
    │   │   │   │   │   │   ├── build.make
    │   │   │   │   │   │   ├── cmake_clean.cmake
    │   │   │   │   │   │   ├── depend.make
    │   │   │   │   │   │   ├── flags.make
    │   │   │   │   │   │   ├── link.txt
    │   │   │   │   │   │   └── progress.make
    │   │   │   │   │   ├── compile_Cwise_abs2.dir
    │   │   │   │   │   │   ├── DependInfo.cmake
    │   │   │   │   │   │   ├── build.make
    │   │   │   │   │   │   ├── cmake_clean.cmake
    │   │   │   │   │   │   ├── depend.make
    │   │   │   │   │   │   ├── flags.make
    │   │   │   │   │   │   ├── link.txt
    │   │   │   │   │   │   └── progress.make
    │   │   │   │   │   ├── compile_Cwise_acos.dir
    │   │   │   │   │   │   ├── DependInfo.cmake
    │   │   │   │   │   │   ├── build.make
    │   │   │   │   │   │   ├── cmake_clean.cmake
    │   │   │   │   │   │   ├── depend.make
    │   │   │   │   │   │   ├── flags.make
    │   │   │   │   │   │   ├── link.txt
    │   │   │   │   │   │   └── progress.make
    │   │   │   │   │   ├── compile_Cwise_arg.dir
    │   │   │   │   │   │   ├── DependInfo.cmake
    │   │   │   │   │   │   ├── build.make
    │   │   │   │   │   │   ├── cmake_clean.cmake
    │   │   │   │   │   │   ├── depend.make
    │   │   │   │   │   │   ├── flags.make
    │   │   │   │   │   │   ├── link.txt
    │   │   │   │   │   │   └── progress.make
    │   │   │   │   │   ├── compile_Cwise_array_power_array.dir
    │   │   │   │   │   │   ├── DependInfo.cmake
    │   │   │   │   │   │   ├── build.make
    │   │   │   │   │   │   ├── cmake_clean.cmake
    │   │   │   │   │   │   ├── depend.make
    │   │   │   │   │   │   ├── flags.make
    │   │   │   │   │   │   ├── link.txt
    │   │   │   │   │   │   └── progress.make
    │   │   │   │   │   ├── compile_Cwise_asin.dir
    │   │   │   │   │   │   ├── DependInfo.cmake
    │   │   │   │   │   │   ├── build.make
    │   │   │   │   │   │   ├── cmake_clean.cmake
    │   │   │   │   │   │   ├── depend.make
    │   │   │   │   │   │   ├── flags.make
    │   │   │   │   │   │   ├── link.txt
    │   │   │   │   │   │   └── progress.make
    │   │   │   │   │   ├── compile_Cwise_atan.dir
    │   │   │   │   │   │   ├── DependInfo.cmake
    │   │   │   │   │   │   ├── build.make
    │   │   │   │   │   │   ├── cmake_clean.cmake
    │   │   │   │   │   │   ├── depend.make
    │   │   │   │   │   │   ├── flags.make
    │   │   │   │   │   │   ├── link.txt
    │   │   │   │   │   │   └── progress.make
    │   │   │   │   │   ├── compile_Cwise_boolean_and.dir
    │   │   │   │   │   │   ├── DependInfo.cmake
    │   │   │   │   │   │   ├── build.make
    │   │   │   │   │   │   ├── cmake_clean.cmake
    │   │   │   │   │   │   ├── depend.make
    │   │   │   │   │   │   ├── flags.make
    │   │   │   │   │   │   ├── link.txt
    │   │   │   │   │   │   └── progress.make
    │   │   │   │   │   ├── compile_Cwise_boolean_not.dir
    │   │   │   │   │   │   ├── DependInfo.cmake
    │   │   │   │   │   │   ├── build.make
    │   │   │   │   │   │   ├── cmake_clean.cmake
    │   │   │   │   │   │   ├── depend.make
    │   │   │   │   │   │   ├── flags.make
    │   │   │   │   │   │   ├── link.txt
    │   │   │   │   │   │   └── progress.make
    │   │   │   │   │   ├── compile_Cwise_boolean_or.dir
    │   │   │   │   │   │   ├── DependInfo.cmake
    │   │   │   │   │   │   ├── build.make
    │   │   │   │   │   │   ├── cmake_clean.cmake
    │   │   │   │   │   │   ├── depend.make
    │   │   │   │   │   │   ├── flags.make
    │   │   │   │   │   │   ├── link.txt
    │   │   │   │   │   │   └── progress.make
    │   │   │   │   │   ├── compile_Cwise_boolean_xor.dir
    │   │   │   │   │   │   ├── DependInfo.cmake
    │   │   │   │   │   │   ├── build.make
    │   │   │   │   │   │   ├── cmake_clean.cmake
    │   │   │   │   │   │   ├── depend.make
    │   │   │   │   │   │   ├── flags.make
    │   │   │   │   │   │   ├── link.txt
    │   │   │   │   │   │   └── progress.make
    │   │   │   │   │   ├── compile_Cwise_ceil.dir
    │   │   │   │   │   │   ├── DependInfo.cmake
    │   │   │   │   │   │   ├── build.make
    │   │   │   │   │   │   ├── cmake_clean.cmake
    │   │   │   │   │   │   ├── depend.make
    │   │   │   │   │   │   ├── flags.make
    │   │   │   │   │   │   ├── link.txt
    │   │   │   │   │   │   └── progress.make
    │   │   │   │   │   ├── compile_Cwise_cos.dir
    │   │   │   │   │   │   ├── DependInfo.cmake
    │   │   │   │   │   │   ├── build.make
    │   │   │   │   │   │   ├── cmake_clean.cmake
    │   │   │   │   │   │   ├── depend.make
    │   │   │   │   │   │   ├── flags.make
    │   │   │   │   │   │   ├── link.txt
    │   │   │   │   │   │   └── progress.make
    │   │   │   │   │   ├── compile_Cwise_cosh.dir
    │   │   │   │   │   │   ├── DependInfo.cmake
    │   │   │   │   │   │   ├── build.make
    │   │   │   │   │   │   ├── cmake_clean.cmake
    │   │   │   │   │   │   ├── depend.make
    │   │   │   │   │   │   ├── flags.make
    │   │   │   │   │   │   ├── link.txt
    │   │   │   │   │   │   └── progress.make
    │   │   │   │   │   ├── compile_Cwise_cube.dir
    │   │   │   │   │   │   ├── DependInfo.cmake
    │   │   │   │   │   │   ├── build.make
    │   │   │   │   │   │   ├── cmake_clean.cmake
    │   │   │   │   │   │   ├── depend.make
    │   │   │   │   │   │   ├── flags.make
    │   │   │   │   │   │   ├── link.txt
    │   │   │   │   │   │   └── progress.make
    │   │   │   │   │   ├── compile_Cwise_equal_equal.dir
    │   │   │   │   │   │   ├── DependInfo.cmake
    │   │   │   │   │   │   ├── build.make
    │   │   │   │   │   │   ├── cmake_clean.cmake
    │   │   │   │   │   │   ├── depend.make
    │   │   │   │   │   │   ├── flags.make
    │   │   │   │   │   │   ├── link.txt
    │   │   │   │   │   │   └── progress.make
    │   │   │   │   │   ├── compile_Cwise_exp.dir
    │   │   │   │   │   │   ├── DependInfo.cmake
    │   │   │   │   │   │   ├── build.make
    │   │   │   │   │   │   ├── cmake_clean.cmake
    │   │   │   │   │   │   ├── depend.make
    │   │   │   │   │   │   ├── flags.make
    │   │   │   │   │   │   ├── link.txt
    │   │   │   │   │   │   └── progress.make
    │   │   │   │   │   ├── compile_Cwise_floor.dir
    │   │   │   │   │   │   ├── DependInfo.cmake
    │   │   │   │   │   │   ├── build.make
    │   │   │   │   │   │   ├── cmake_clean.cmake
    │   │   │   │   │   │   ├── depend.make
    │   │   │   │   │   │   ├── flags.make
    │   │   │   │   │   │   ├── link.txt
    │   │   │   │   │   │   └── progress.make
    │   │   │   │   │   ├── compile_Cwise_greater.dir
    │   │   │   │   │   │   ├── DependInfo.cmake
    │   │   │   │   │   │   ├── build.make
    │   │   │   │   │   │   ├── cmake_clean.cmake
    │   │   │   │   │   │   ├── depend.make
    │   │   │   │   │   │   ├── flags.make
    │   │   │   │   │   │   ├── link.txt
    │   │   │   │   │   │   └── progress.make
    │   │   │   │   │   ├── compile_Cwise_greater_equal.dir
    │   │   │   │   │   │   ├── DependInfo.cmake
    │   │   │   │   │   │   ├── build.make
    │   │   │   │   │   │   ├── cmake_clean.cmake
    │   │   │   │   │   │   ├── depend.make
    │   │   │   │   │   │   ├── flags.make
    │   │   │   │   │   │   ├── link.txt
    │   │   │   │   │   │   └── progress.make
    │   │   │   │   │   ├── compile_Cwise_inverse.dir
    │   │   │   │   │   │   ├── DependInfo.cmake
    │   │   │   │   │   │   ├── build.make
    │   │   │   │   │   │   ├── cmake_clean.cmake
    │   │   │   │   │   │   ├── depend.make
    │   │   │   │   │   │   ├── flags.make
    │   │   │   │   │   │   ├── link.txt
    │   │   │   │   │   │   └── progress.make
    │   │   │   │   │   ├── compile_Cwise_isFinite.dir
    │   │   │   │   │   │   ├── DependInfo.cmake
    │   │   │   │   │   │   ├── build.make
    │   │   │   │   │   │   ├── cmake_clean.cmake
    │   │   │   │   │   │   ├── depend.make
    │   │   │   │   │   │   ├── flags.make
    │   │   │   │   │   │   ├── link.txt
    │   │   │   │   │   │   └── progress.make
    │   │   │   │   │   ├── compile_Cwise_isInf.dir
    │   │   │   │   │   │   ├── DependInfo.cmake
    │   │   │   │   │   │   ├── build.make
    │   │   │   │   │   │   ├── cmake_clean.cmake
    │   │   │   │   │   │   ├── depend.make
    │   │   │   │   │   │   ├── flags.make
    │   │   │   │   │   │   ├── link.txt
    │   │   │   │   │   │   └── progress.make
    │   │   │   │   │   ├── compile_Cwise_isNaN.dir
    │   │   │   │   │   │   ├── DependInfo.cmake
    │   │   │   │   │   │   ├── build.make
    │   │   │   │   │   │   ├── cmake_clean.cmake
    │   │   │   │   │   │   ├── depend.make
    │   │   │   │   │   │   ├── flags.make
    │   │   │   │   │   │   ├── link.txt
    │   │   │   │   │   │   └── progress.make
    │   │   │   │   │   ├── compile_Cwise_less.dir
    │   │   │   │   │   │   ├── DependInfo.cmake
    │   │   │   │   │   │   ├── build.make
    │   │   │   │   │   │   ├── cmake_clean.cmake
    │   │   │   │   │   │   ├── depend.make
    │   │   │   │   │   │   ├── flags.make
    │   │   │   │   │   │   ├── link.txt
    │   │   │   │   │   │   └── progress.make
    │   │   │   │   │   ├── compile_Cwise_less_equal.dir
    │   │   │   │   │   │   ├── DependInfo.cmake
    │   │   │   │   │   │   ├── build.make
    │   │   │   │   │   │   ├── cmake_clean.cmake
    │   │   │   │   │   │   ├── depend.make
    │   │   │   │   │   │   ├── flags.make
    │   │   │   │   │   │   ├── link.txt
    │   │   │   │   │   │   └── progress.make
    │   │   │   │   │   ├── compile_Cwise_log.dir
    │   │   │   │   │   │   ├── DependInfo.cmake
    │   │   │   │   │   │   ├── build.make
    │   │   │   │   │   │   ├── cmake_clean.cmake
    │   │   │   │   │   │   ├── depend.make
    │   │   │   │   │   │   ├── flags.make
    │   │   │   │   │   │   ├── link.txt
    │   │   │   │   │   │   └── progress.make
    │   │   │   │   │   ├── compile_Cwise_log10.dir
    │   │   │   │   │   │   ├── DependInfo.cmake
    │   │   │   │   │   │   ├── build.make
    │   │   │   │   │   │   ├── cmake_clean.cmake
    │   │   │   │   │   │   ├── depend.make
    │   │   │   │   │   │   ├── flags.make
    │   │   │   │   │   │   ├── link.txt
    │   │   │   │   │   │   └── progress.make
    │   │   │   │   │   ├── compile_Cwise_max.dir
    │   │   │   │   │   │   ├── DependInfo.cmake
    │   │   │   │   │   │   ├── build.make
    │   │   │   │   │   │   ├── cmake_clean.cmake
    │   │   │   │   │   │   ├── depend.make
    │   │   │   │   │   │   ├── flags.make
    │   │   │   │   │   │   ├── link.txt
    │   │   │   │   │   │   └── progress.make
    │   │   │   │   │   ├── compile_Cwise_min.dir
    │   │   │   │   │   │   ├── DependInfo.cmake
    │   │   │   │   │   │   ├── build.make
    │   │   │   │   │   │   ├── cmake_clean.cmake
    │   │   │   │   │   │   ├── depend.make
    │   │   │   │   │   │   ├── flags.make
    │   │   │   │   │   │   ├── link.txt
    │   │   │   │   │   │   └── progress.make
    │   │   │   │   │   ├── compile_Cwise_minus.dir
    │   │   │   │   │   │   ├── DependInfo.cmake
    │   │   │   │   │   │   ├── build.make
    │   │   │   │   │   │   ├── cmake_clean.cmake
    │   │   │   │   │   │   ├── depend.make
    │   │   │   │   │   │   ├── flags.make
    │   │   │   │   │   │   ├── link.txt
    │   │   │   │   │   │   └── progress.make
    │   │   │   │   │   ├── compile_Cwise_minus_equal.dir
    │   │   │   │   │   │   ├── DependInfo.cmake
    │   │   │   │   │   │   ├── build.make
    │   │   │   │   │   │   ├── cmake_clean.cmake
    │   │   │   │   │   │   ├── depend.make
    │   │   │   │   │   │   ├── flags.make
    │   │   │   │   │   │   ├── link.txt
    │   │   │   │   │   │   └── progress.make
    │   │   │   │   │   ├── compile_Cwise_not_equal.dir
    │   │   │   │   │   │   ├── DependInfo.cmake
    │   │   │   │   │   │   ├── build.make
    │   │   │   │   │   │   ├── cmake_clean.cmake
    │   │   │   │   │   │   ├── depend.make
    │   │   │   │   │   │   ├── flags.make
    │   │   │   │   │   │   ├── link.txt
    │   │   │   │   │   │   └── progress.make
    │   │   │   │   │   ├── compile_Cwise_plus.dir
    │   │   │   │   │   │   ├── DependInfo.cmake
    │   │   │   │   │   │   ├── build.make
    │   │   │   │   │   │   ├── cmake_clean.cmake
    │   │   │   │   │   │   ├── depend.make
    │   │   │   │   │   │   ├── flags.make
    │   │   │   │   │   │   ├── link.txt
    │   │   │   │   │   │   └── progress.make
    │   │   │   │   │   ├── compile_Cwise_plus_equal.dir
    │   │   │   │   │   │   ├── DependInfo.cmake
    │   │   │   │   │   │   ├── build.make
    │   │   │   │   │   │   ├── cmake_clean.cmake
    │   │   │   │   │   │   ├── depend.make
    │   │   │   │   │   │   ├── flags.make
    │   │   │   │   │   │   ├── link.txt
    │   │   │   │   │   │   └── progress.make
    │   │   │   │   │   ├── compile_Cwise_pow.dir
    │   │   │   │   │   │   ├── DependInfo.cmake
    │   │   │   │   │   │   ├── build.make
    │   │   │   │   │   │   ├── cmake_clean.cmake
    │   │   │   │   │   │   ├── depend.make
    │   │   │   │   │   │   ├── flags.make
    │   │   │   │   │   │   ├── link.txt
    │   │   │   │   │   │   └── progress.make
    │   │   │   │   │   ├── compile_Cwise_product.dir
    │   │   │   │   │   │   ├── DependInfo.cmake
    │   │   │   │   │   │   ├── build.make
    │   │   │   │   │   │   ├── cmake_clean.cmake
    │   │   │   │   │   │   ├── depend.make
    │   │   │   │   │   │   ├── flags.make
    │   │   │   │   │   │   ├── link.txt
    │   │   │   │   │   │   └── progress.make
    │   │   │   │   │   ├── compile_Cwise_quotient.dir
    │   │   │   │   │   │   ├── DependInfo.cmake
    │   │   │   │   │   │   ├── build.make
    │   │   │   │   │   │   ├── cmake_clean.cmake
    │   │   │   │   │   │   ├── depend.make
    │   │   │   │   │   │   ├── flags.make
    │   │   │   │   │   │   ├── link.txt
    │   │   │   │   │   │   └── progress.make
    │   │   │   │   │   ├── compile_Cwise_rint.dir
    │   │   │   │   │   │   ├── DependInfo.cmake
    │   │   │   │   │   │   ├── build.make
    │   │   │   │   │   │   ├── cmake_clean.cmake
    │   │   │   │   │   │   ├── depend.make
    │   │   │   │   │   │   ├── flags.make
    │   │   │   │   │   │   ├── link.txt
    │   │   │   │   │   │   └── progress.make
    │   │   │   │   │   ├── compile_Cwise_round.dir
    │   │   │   │   │   │   ├── DependInfo.cmake
    │   │   │   │   │   │   ├── build.make
    │   │   │   │   │   │   ├── cmake_clean.cmake
    │   │   │   │   │   │   ├── depend.make
    │   │   │   │   │   │   ├── flags.make
    │   │   │   │   │   │   ├── link.txt
    │   │   │   │   │   │   └── progress.make
    │   │   │   │   │   ├── compile_Cwise_scalar_power_array.dir
    │   │   │   │   │   │   ├── DependInfo.cmake
    │   │   │   │   │   │   ├── build.make
    │   │   │   │   │   │   ├── cmake_clean.cmake
    │   │   │   │   │   │   ├── depend.make
    │   │   │   │   │   │   ├── flags.make
    │   │   │   │   │   │   ├── link.txt
    │   │   │   │   │   │   └── progress.make
    │   │   │   │   │   ├── compile_Cwise_sign.dir
    │   │   │   │   │   │   ├── DependInfo.cmake
    │   │   │   │   │   │   ├── build.make
    │   │   │   │   │   │   ├── cmake_clean.cmake
    │   │   │   │   │   │   ├── depend.make
    │   │   │   │   │   │   ├── flags.make
    │   │   │   │   │   │   ├── link.txt
    │   │   │   │   │   │   └── progress.make
    │   │   │   │   │   ├── compile_Cwise_sin.dir
    │   │   │   │   │   │   ├── DependInfo.cmake
    │   │   │   │   │   │   ├── build.make
    │   │   │   │   │   │   ├── cmake_clean.cmake
    │   │   │   │   │   │   ├── depend.make
    │   │   │   │   │   │   ├── flags.make
    │   │   │   │   │   │   ├── link.txt
    │   │   │   │   │   │   └── progress.make
    │   │   │   │   │   ├── compile_Cwise_sinh.dir
    │   │   │   │   │   │   ├── DependInfo.cmake
    │   │   │   │   │   │   ├── build.make
    │   │   │   │   │   │   ├── cmake_clean.cmake
    │   │   │   │   │   │   ├── depend.make
    │   │   │   │   │   │   ├── flags.make
    │   │   │   │   │   │   ├── link.txt
    │   │   │   │   │   │   └── progress.make
    │   │   │   │   │   ├── compile_Cwise_slash_equal.dir
    │   │   │   │   │   │   ├── DependInfo.cmake
    │   │   │   │   │   │   ├── build.make
    │   │   │   │   │   │   ├── cmake_clean.cmake
    │   │   │   │   │   │   ├── depend.make
    │   │   │   │   │   │   ├── flags.make
    │   │   │   │   │   │   ├── link.txt
    │   │   │   │   │   │   └── progress.make
    │   │   │   │   │   ├── compile_Cwise_sqrt.dir
    │   │   │   │   │   │   ├── DependInfo.cmake
    │   │   │   │   │   │   ├── build.make
    │   │   │   │   │   │   ├── cmake_clean.cmake
    │   │   │   │   │   │   ├── depend.make
    │   │   │   │   │   │   ├── flags.make
    │   │   │   │   │   │   ├── link.txt
    │   │   │   │   │   │   └── progress.make
    │   │   │   │   │   ├── compile_Cwise_square.dir
    │   │   │   │   │   │   ├── DependInfo.cmake
    │   │   │   │   │   │   ├── build.make
    │   │   │   │   │   │   ├── cmake_clean.cmake
    │   │   │   │   │   │   ├── depend.make
    │   │   │   │   │   │   ├── flags.make
    │   │   │   │   │   │   ├── link.txt
    │   │   │   │   │   │   └── progress.make
    │   │   │   │   │   ├── compile_Cwise_tan.dir
    │   │   │   │   │   │   ├── DependInfo.cmake
    │   │   │   │   │   │   ├── build.make
    │   │   │   │   │   │   ├── cmake_clean.cmake
    │   │   │   │   │   │   ├── depend.make
    │   │   │   │   │   │   ├── flags.make
    │   │   │   │   │   │   ├── link.txt
    │   │   │   │   │   │   └── progress.make
    │   │   │   │   │   ├── compile_Cwise_tanh.dir
    │   │   │   │   │   │   ├── DependInfo.cmake
    │   │   │   │   │   │   ├── build.make
    │   │   │   │   │   │   ├── cmake_clean.cmake
    │   │   │   │   │   │   ├── depend.make
    │   │   │   │   │   │   ├── flags.make
    │   │   │   │   │   │   ├── link.txt
    │   │   │   │   │   │   └── progress.make
    │   │   │   │   │   ├── compile_Cwise_times_equal.dir
    │   │   │   │   │   │   ├── DependInfo.cmake
    │   │   │   │   │   │   ├── build.make
    │   │   │   │   │   │   ├── cmake_clean.cmake
    │   │   │   │   │   │   ├── depend.make
    │   │   │   │   │   │   ├── flags.make
    │   │   │   │   │   │   ├── link.txt
    │   │   │   │   │   │   └── progress.make
    │   │   │   │   │   ├── compile_DenseBase_LinSpaced.dir
    │   │   │   │   │   │   ├── DependInfo.cmake
    │   │   │   │   │   │   ├── build.make
    │   │   │   │   │   │   ├── cmake_clean.cmake
    │   │   │   │   │   │   ├── depend.make
    │   │   │   │   │   │   ├── flags.make
    │   │   │   │   │   │   ├── link.txt
    │   │   │   │   │   │   └── progress.make
    │   │   │   │   │   ├── compile_DenseBase_LinSpacedInt.dir
    │   │   │   │   │   │   ├── DependInfo.cmake
    │   │   │   │   │   │   ├── build.make
    │   │   │   │   │   │   ├── cmake_clean.cmake
    │   │   │   │   │   │   ├── depend.make
    │   │   │   │   │   │   ├── flags.make
    │   │   │   │   │   │   ├── link.txt
    │   │   │   │   │   │   └── progress.make
    │   │   │   │   │   ├── compile_DenseBase_LinSpaced_seq_deprecated.dir
    │   │   │   │   │   │   ├── DependInfo.cmake
    │   │   │   │   │   │   ├── build.make
    │   │   │   │   │   │   ├── cmake_clean.cmake
    │   │   │   │   │   │   ├── depend.make
    │   │   │   │   │   │   ├── flags.make
    │   │   │   │   │   │   ├── link.txt
    │   │   │   │   │   │   └── progress.make
    │   │   │   │   │   ├── compile_DenseBase_setLinSpaced.dir
    │   │   │   │   │   │   ├── DependInfo.cmake
    │   │   │   │   │   │   ├── build.make
    │   │   │   │   │   │   ├── cmake_clean.cmake
    │   │   │   │   │   │   ├── depend.make
    │   │   │   │   │   │   ├── flags.make
    │   │   │   │   │   │   ├── link.txt
    │   │   │   │   │   │   └── progress.make
    │   │   │   │   │   ├── compile_DirectionWise_hnormalized.dir
    │   │   │   │   │   │   ├── DependInfo.cmake
    │   │   │   │   │   │   ├── build.make
    │   │   │   │   │   │   ├── cmake_clean.cmake
    │   │   │   │   │   │   ├── depend.make
    │   │   │   │   │   │   ├── flags.make
    │   │   │   │   │   │   ├── link.txt
    │   │   │   │   │   │   └── progress.make
    │   │   │   │   │   ├── compile_DirectionWise_replicate.dir
    │   │   │   │   │   │   ├── DependInfo.cmake
    │   │   │   │   │   │   ├── build.make
    │   │   │   │   │   │   ├── cmake_clean.cmake
    │   │   │   │   │   │   ├── depend.make
    │   │   │   │   │   │   ├── flags.make
    │   │   │   │   │   │   ├── link.txt
    │   │   │   │   │   │   └── progress.make
    │   │   │   │   │   ├── compile_DirectionWise_replicate_int.dir
    │   │   │   │   │   │   ├── DependInfo.cmake
    │   │   │   │   │   │   ├── build.make
    │   │   │   │   │   │   ├── cmake_clean.cmake
    │   │   │   │   │   │   ├── depend.make
    │   │   │   │   │   │   ├── flags.make
    │   │   │   │   │   │   ├── link.txt
    │   │   │   │   │   │   └── progress.make
    │   │   │   │   │   ├── compile_EigenSolver_EigenSolver_MatrixType.dir
    │   │   │   │   │   │   ├── DependInfo.cmake
    │   │   │   │   │   │   ├── build.make
    │   │   │   │   │   │   ├── cmake_clean.cmake
    │   │   │   │   │   │   ├── depend.make
    │   │   │   │   │   │   ├── flags.make
    │   │   │   │   │   │   ├── link.txt
    │   │   │   │   │   │   └── progress.make
    │   │   │   │   │   ├── compile_EigenSolver_compute.dir
    │   │   │   │   │   │   ├── DependInfo.cmake
    │   │   │   │   │   │   ├── build.make
    │   │   │   │   │   │   ├── cmake_clean.cmake
    │   │   │   │   │   │   ├── depend.make
    │   │   │   │   │   │   ├── flags.make
    │   │   │   │   │   │   ├── link.txt
    │   │   │   │   │   │   └── progress.make
    │   │   │   │   │   ├── compile_EigenSolver_eigenvalues.dir
    │   │   │   │   │   │   ├── DependInfo.cmake
    │   │   │   │   │   │   ├── build.make
    │   │   │   │   │   │   ├── cmake_clean.cmake
    │   │   │   │   │   │   ├── depend.make
    │   │   │   │   │   │   ├── flags.make
    │   │   │   │   │   │   ├── link.txt
    │   │   │   │   │   │   └── progress.make
    │   │   │   │   │   ├── compile_EigenSolver_eigenvectors.dir
    │   │   │   │   │   │   ├── DependInfo.cmake
    │   │   │   │   │   │   ├── build.make
    │   │   │   │   │   │   ├── cmake_clean.cmake
    │   │   │   │   │   │   ├── depend.make
    │   │   │   │   │   │   ├── flags.make
    │   │   │   │   │   │   ├── link.txt
    │   │   │   │   │   │   └── progress.make
    │   │   │   │   │   ├── compile_EigenSolver_pseudoEigenvectors.dir
    │   │   │   │   │   │   ├── DependInfo.cmake
    │   │   │   │   │   │   ├── build.make
    │   │   │   │   │   │   ├── cmake_clean.cmake
    │   │   │   │   │   │   ├── depend.make
    │   │   │   │   │   │   ├── flags.make
    │   │   │   │   │   │   ├── link.txt
    │   │   │   │   │   │   └── progress.make
    │   │   │   │   │   ├── compile_FullPivHouseholderQR_solve.dir
    │   │   │   │   │   │   ├── DependInfo.cmake
    │   │   │   │   │   │   ├── build.make
    │   │   │   │   │   │   ├── cmake_clean.cmake
    │   │   │   │   │   │   ├── depend.make
    │   │   │   │   │   │   ├── flags.make
    │   │   │   │   │   │   ├── link.txt
    │   │   │   │   │   │   └── progress.make
    │   │   │   │   │   ├── compile_FullPivLU_image.dir
    │   │   │   │   │   │   ├── DependInfo.cmake
    │   │   │   │   │   │   ├── build.make
    │   │   │   │   │   │   ├── cmake_clean.cmake
    │   │   │   │   │   │   ├── depend.make
    │   │   │   │   │   │   ├── flags.make
    │   │   │   │   │   │   ├── link.txt
    │   │   │   │   │   │   └── progress.make
    │   │   │   │   │   ├── compile_FullPivLU_kernel.dir
    │   │   │   │   │   │   ├── DependInfo.cmake
    │   │   │   │   │   │   ├── build.make
    │   │   │   │   │   │   ├── cmake_clean.cmake
    │   │   │   │   │   │   ├── depend.make
    │   │   │   │   │   │   ├── flags.make
    │   │   │   │   │   │   ├── link.txt
    │   │   │   │   │   │   └── progress.make
    │   │   │   │   │   ├── compile_FullPivLU_solve.dir
    │   │   │   │   │   │   ├── DependInfo.cmake
    │   │   │   │   │   │   ├── build.make
    │   │   │   │   │   │   ├── cmake_clean.cmake
    │   │   │   │   │   │   ├── depend.make
    │   │   │   │   │   │   ├── flags.make
    │   │   │   │   │   │   ├── link.txt
    │   │   │   │   │   │   └── progress.make
    │   │   │   │   │   ├── compile_GeneralizedEigenSolver.dir
    │   │   │   │   │   │   ├── DependInfo.cmake
    │   │   │   │   │   │   ├── build.make
    │   │   │   │   │   │   ├── cmake_clean.cmake
    │   │   │   │   │   │   ├── depend.make
    │   │   │   │   │   │   ├── flags.make
    │   │   │   │   │   │   ├── link.txt
    │   │   │   │   │   │   └── progress.make
    │   │   │   │   │   ├── compile_HessenbergDecomposition_compute.dir
    │   │   │   │   │   │   ├── DependInfo.cmake
    │   │   │   │   │   │   ├── build.make
    │   │   │   │   │   │   ├── cmake_clean.cmake
    │   │   │   │   │   │   ├── depend.make
    │   │   │   │   │   │   ├── flags.make
    │   │   │   │   │   │   ├── link.txt
    │   │   │   │   │   │   └── progress.make
    │   │   │   │   │   ├── compile_HessenbergDecomposition_matrixH.dir
    │   │   │   │   │   │   ├── DependInfo.cmake
    │   │   │   │   │   │   ├── build.make
    │   │   │   │   │   │   ├── cmake_clean.cmake
    │   │   │   │   │   │   ├── depend.make
    │   │   │   │   │   │   ├── flags.make
    │   │   │   │   │   │   ├── link.txt
    │   │   │   │   │   │   └── progress.make
    │   │   │   │   │   ├── compile_HessenbergDecomposition_packedMatrix.dir
    │   │   │   │   │   │   ├── DependInfo.cmake
    │   │   │   │   │   │   ├── build.make
    │   │   │   │   │   │   ├── cmake_clean.cmake
    │   │   │   │   │   │   ├── depend.make
    │   │   │   │   │   │   ├── flags.make
    │   │   │   │   │   │   ├── link.txt
    │   │   │   │   │   │   └── progress.make
    │   │   │   │   │   ├── compile_HouseholderQR_householderQ.dir
    │   │   │   │   │   │   ├── DependInfo.cmake
    │   │   │   │   │   │   ├── build.make
    │   │   │   │   │   │   ├── cmake_clean.cmake
    │   │   │   │   │   │   ├── depend.make
    │   │   │   │   │   │   ├── flags.make
    │   │   │   │   │   │   ├── link.txt
    │   │   │   │   │   │   └── progress.make
    │   │   │   │   │   ├── compile_HouseholderQR_solve.dir
    │   │   │   │   │   │   ├── DependInfo.cmake
    │   │   │   │   │   │   ├── build.make
    │   │   │   │   │   │   ├── cmake_clean.cmake
    │   │   │   │   │   │   ├── depend.make
    │   │   │   │   │   │   ├── flags.make
    │   │   │   │   │   │   ├── link.txt
    │   │   │   │   │   │   └── progress.make
    │   │   │   │   │   ├── compile_HouseholderSequence_HouseholderSequence.dir
    │   │   │   │   │   │   ├── DependInfo.cmake
    │   │   │   │   │   │   ├── build.make
    │   │   │   │   │   │   ├── cmake_clean.cmake
    │   │   │   │   │   │   ├── depend.make
    │   │   │   │   │   │   ├── flags.make
    │   │   │   │   │   │   ├── link.txt
    │   │   │   │   │   │   └── progress.make
    │   │   │   │   │   ├── compile_IOFormat.dir
    │   │   │   │   │   │   ├── DependInfo.cmake
    │   │   │   │   │   │   ├── build.make
    │   │   │   │   │   │   ├── cmake_clean.cmake
    │   │   │   │   │   │   ├── depend.make
    │   │   │   │   │   │   ├── flags.make
    │   │   │   │   │   │   ├── link.txt
    │   │   │   │   │   │   └── progress.make
    │   │   │   │   │   ├── compile_JacobiSVD_basic.dir
    │   │   │   │   │   │   ├── DependInfo.cmake
    │   │   │   │   │   │   ├── build.make
    │   │   │   │   │   │   ├── cmake_clean.cmake
    │   │   │   │   │   │   ├── depend.make
    │   │   │   │   │   │   ├── flags.make
    │   │   │   │   │   │   ├── link.txt
    │   │   │   │   │   │   └── progress.make
    │   │   │   │   │   ├── compile_Jacobi_makeGivens.dir
    │   │   │   │   │   │   ├── DependInfo.cmake
    │   │   │   │   │   │   ├── build.make
    │   │   │   │   │   │   ├── cmake_clean.cmake
    │   │   │   │   │   │   ├── depend.make
    │   │   │   │   │   │   ├── flags.make
    │   │   │   │   │   │   ├── link.txt
    │   │   │   │   │   │   └── progress.make
    │   │   │   │   │   ├── compile_Jacobi_makeJacobi.dir
    │   │   │   │   │   │   ├── DependInfo.cmake
    │   │   │   │   │   │   ├── build.make
    │   │   │   │   │   │   ├── cmake_clean.cmake
    │   │   │   │   │   │   ├── depend.make
    │   │   │   │   │   │   ├── flags.make
    │   │   │   │   │   │   ├── link.txt
    │   │   │   │   │   │   └── progress.make
    │   │   │   │   │   ├── compile_LLT_example.dir
    │   │   │   │   │   │   ├── DependInfo.cmake
    │   │   │   │   │   │   ├── build.make
    │   │   │   │   │   │   ├── cmake_clean.cmake
    │   │   │   │   │   │   ├── depend.make
    │   │   │   │   │   │   ├── flags.make
    │   │   │   │   │   │   ├── link.txt
    │   │   │   │   │   │   └── progress.make
    │   │   │   │   │   ├── compile_LLT_solve.dir
    │   │   │   │   │   │   ├── DependInfo.cmake
    │   │   │   │   │   │   ├── build.make
    │   │   │   │   │   │   ├── cmake_clean.cmake
    │   │   │   │   │   │   ├── depend.make
    │   │   │   │   │   │   ├── flags.make
    │   │   │   │   │   │   ├── link.txt
    │   │   │   │   │   │   └── progress.make
    │   │   │   │   │   ├── compile_LeastSquaresNormalEquations.dir
    │   │   │   │   │   │   ├── DependInfo.cmake
    │   │   │   │   │   │   ├── build.make
    │   │   │   │   │   │   ├── cmake_clean.cmake
    │   │   │   │   │   │   ├── depend.make
    │   │   │   │   │   │   ├── flags.make
    │   │   │   │   │   │   ├── link.txt
    │   │   │   │   │   │   └── progress.make
    │   │   │   │   │   ├── compile_LeastSquaresQR.dir
    │   │   │   │   │   │   ├── DependInfo.cmake
    │   │   │   │   │   │   ├── build.make
    │   │   │   │   │   │   ├── cmake_clean.cmake
    │   │   │   │   │   │   ├── depend.make
    │   │   │   │   │   │   ├── flags.make
    │   │   │   │   │   │   ├── link.txt
    │   │   │   │   │   │   └── progress.make
    │   │   │   │   │   ├── compile_Map_general_stride.dir
    │   │   │   │   │   │   ├── DependInfo.cmake
    │   │   │   │   │   │   ├── build.make
    │   │   │   │   │   │   ├── cmake_clean.cmake
    │   │   │   │   │   │   ├── depend.make
    │   │   │   │   │   │   ├── flags.make
    │   │   │   │   │   │   ├── link.txt
    │   │   │   │   │   │   └── progress.make
    │   │   │   │   │   ├── compile_Map_inner_stride.dir
    │   │   │   │   │   │   ├── DependInfo.cmake
    │   │   │   │   │   │   ├── build.make
    │   │   │   │   │   │   ├── cmake_clean.cmake
    │   │   │   │   │   │   ├── depend.make
    │   │   │   │   │   │   ├── flags.make
    │   │   │   │   │   │   ├── link.txt
    │   │   │   │   │   │   └── progress.make
    │   │   │   │   │   ├── compile_Map_outer_stride.dir
    │   │   │   │   │   │   ├── DependInfo.cmake
    │   │   │   │   │   │   ├── build.make
    │   │   │   │   │   │   ├── cmake_clean.cmake
    │   │   │   │   │   │   ├── depend.make
    │   │   │   │   │   │   ├── flags.make
    │   │   │   │   │   │   ├── link.txt
    │   │   │   │   │   │   └── progress.make
    │   │   │   │   │   ├── compile_Map_placement_new.dir
    │   │   │   │   │   │   ├── DependInfo.cmake
    │   │   │   │   │   │   ├── build.make
    │   │   │   │   │   │   ├── cmake_clean.cmake
    │   │   │   │   │   │   ├── depend.make
    │   │   │   │   │   │   ├── flags.make
    │   │   │   │   │   │   ├── link.txt
    │   │   │   │   │   │   └── progress.make
    │   │   │   │   │   ├── compile_Map_simple.dir
    │   │   │   │   │   │   ├── DependInfo.cmake
    │   │   │   │   │   │   ├── build.make
    │   │   │   │   │   │   ├── cmake_clean.cmake
    │   │   │   │   │   │   ├── depend.make
    │   │   │   │   │   │   ├── flags.make
    │   │   │   │   │   │   ├── link.txt
    │   │   │   │   │   │   └── progress.make
    │   │   │   │   │   ├── compile_MatrixBase_adjoint.dir
    │   │   │   │   │   │   ├── DependInfo.cmake
    │   │   │   │   │   │   ├── build.make
    │   │   │   │   │   │   ├── cmake_clean.cmake
    │   │   │   │   │   │   ├── depend.make
    │   │   │   │   │   │   ├── flags.make
    │   │   │   │   │   │   ├── link.txt
    │   │   │   │   │   │   └── progress.make
    │   │   │   │   │   ├── compile_MatrixBase_all.dir
    │   │   │   │   │   │   ├── DependInfo.cmake
    │   │   │   │   │   │   ├── build.make
    │   │   │   │   │   │   ├── cmake_clean.cmake
    │   │   │   │   │   │   ├── depend.make
    │   │   │   │   │   │   ├── flags.make
    │   │   │   │   │   │   ├── link.txt
    │   │   │   │   │   │   └── progress.make
    │   │   │   │   │   ├── compile_MatrixBase_applyOnTheLeft.dir
    │   │   │   │   │   │   ├── DependInfo.cmake
    │   │   │   │   │   │   ├── build.make
    │   │   │   │   │   │   ├── cmake_clean.cmake
    │   │   │   │   │   │   ├── depend.make
    │   │   │   │   │   │   ├── flags.make
    │   │   │   │   │   │   ├── link.txt
    │   │   │   │   │   │   └── progress.make
    │   │   │   │   │   ├── compile_MatrixBase_applyOnTheRight.dir
    │   │   │   │   │   │   ├── DependInfo.cmake
    │   │   │   │   │   │   ├── build.make
    │   │   │   │   │   │   ├── cmake_clean.cmake
    │   │   │   │   │   │   ├── depend.make
    │   │   │   │   │   │   ├── flags.make
    │   │   │   │   │   │   ├── link.txt
    │   │   │   │   │   │   └── progress.make
    │   │   │   │   │   ├── compile_MatrixBase_array.dir
    │   │   │   │   │   │   ├── DependInfo.cmake
    │   │   │   │   │   │   ├── build.make
    │   │   │   │   │   │   ├── cmake_clean.cmake
    │   │   │   │   │   │   ├── depend.make
    │   │   │   │   │   │   ├── flags.make
    │   │   │   │   │   │   ├── link.txt
    │   │   │   │   │   │   └── progress.make
    │   │   │   │   │   ├── compile_MatrixBase_array_const.dir
    │   │   │   │   │   │   ├── DependInfo.cmake
    │   │   │   │   │   │   ├── build.make
    │   │   │   │   │   │   ├── cmake_clean.cmake
    │   │   │   │   │   │   ├── depend.make
    │   │   │   │   │   │   ├── flags.make
    │   │   │   │   │   │   ├── link.txt
    │   │   │   │   │   │   └── progress.make
    │   │   │   │   │   ├── compile_MatrixBase_asDiagonal.dir
    │   │   │   │   │   │   ├── DependInfo.cmake
    │   │   │   │   │   │   ├── build.make
    │   │   │   │   │   │   ├── cmake_clean.cmake
    │   │   │   │   │   │   ├── depend.make
    │   │   │   │   │   │   ├── flags.make
    │   │   │   │   │   │   ├── link.txt
    │   │   │   │   │   │   └── progress.make
    │   │   │   │   │   ├── compile_MatrixBase_block_int_int.dir
    │   │   │   │   │   │   ├── DependInfo.cmake
    │   │   │   │   │   │   ├── build.make
    │   │   │   │   │   │   ├── cmake_clean.cmake
    │   │   │   │   │   │   ├── depend.make
    │   │   │   │   │   │   ├── flags.make
    │   │   │   │   │   │   ├── link.txt
    │   │   │   │   │   │   └── progress.make
    │   │   │   │   │   ├── compile_MatrixBase_block_int_int_int_int.dir
    │   │   │   │   │   │   ├── DependInfo.cmake
    │   │   │   │   │   │   ├── build.make
    │   │   │   │   │   │   ├── cmake_clean.cmake
    │   │   │   │   │   │   ├── depend.make
    │   │   │   │   │   │   ├── flags.make
    │   │   │   │   │   │   ├── link.txt
    │   │   │   │   │   │   └── progress.make
    │   │   │   │   │   ├── compile_MatrixBase_bottomLeftCorner_int_int.dir
    │   │   │   │   │   │   ├── DependInfo.cmake
    │   │   │   │   │   │   ├── build.make
    │   │   │   │   │   │   ├── cmake_clean.cmake
    │   │   │   │   │   │   ├── depend.make
    │   │   │   │   │   │   ├── flags.make
    │   │   │   │   │   │   ├── link.txt
    │   │   │   │   │   │   └── progress.make
    │   │   │   │   │   ├── compile_MatrixBase_bottomRightCorner_int_int.dir
    │   │   │   │   │   │   ├── DependInfo.cmake
    │   │   │   │   │   │   ├── build.make
    │   │   │   │   │   │   ├── cmake_clean.cmake
    │   │   │   │   │   │   ├── depend.make
    │   │   │   │   │   │   ├── flags.make
    │   │   │   │   │   │   ├── link.txt
    │   │   │   │   │   │   └── progress.make
    │   │   │   │   │   ├── compile_MatrixBase_bottomRows_int.dir
    │   │   │   │   │   │   ├── DependInfo.cmake
    │   │   │   │   │   │   ├── build.make
    │   │   │   │   │   │   ├── cmake_clean.cmake
    │   │   │   │   │   │   ├── depend.make
    │   │   │   │   │   │   ├── flags.make
    │   │   │   │   │   │   ├── link.txt
    │   │   │   │   │   │   └── progress.make
    │   │   │   │   │   ├── compile_MatrixBase_cast.dir
    │   │   │   │   │   │   ├── DependInfo.cmake
    │   │   │   │   │   │   ├── build.make
    │   │   │   │   │   │   ├── cmake_clean.cmake
    │   │   │   │   │   │   ├── depend.make
    │   │   │   │   │   │   ├── flags.make
    │   │   │   │   │   │   ├── link.txt
    │   │   │   │   │   │   └── progress.make
    │   │   │   │   │   ├── compile_MatrixBase_col.dir
    │   │   │   │   │   │   ├── DependInfo.cmake
    │   │   │   │   │   │   ├── build.make
    │   │   │   │   │   │   ├── cmake_clean.cmake
    │   │   │   │   │   │   ├── depend.make
    │   │   │   │   │   │   ├── flags.make
    │   │   │   │   │   │   ├── link.txt
    │   │   │   │   │   │   └── progress.make
    │   │   │   │   │   ├── compile_MatrixBase_colwise.dir
    │   │   │   │   │   │   ├── DependInfo.cmake
    │   │   │   │   │   │   ├── build.make
    │   │   │   │   │   │   ├── cmake_clean.cmake
    │   │   │   │   │   │   ├── depend.make
    │   │   │   │   │   │   ├── flags.make
    │   │   │   │   │   │   ├── link.txt
    │   │   │   │   │   │   └── progress.make
    │   │   │   │   │   ├── compile_MatrixBase_colwise_iterator_cxx11.dir
    │   │   │   │   │   │   ├── DependInfo.cmake
    │   │   │   │   │   │   ├── build.make
    │   │   │   │   │   │   ├── cmake_clean.cmake
    │   │   │   │   │   │   ├── depend.make
    │   │   │   │   │   │   ├── flags.make
    │   │   │   │   │   │   ├── link.txt
    │   │   │   │   │   │   └── progress.make
    │   │   │   │   │   ├── compile_MatrixBase_computeInverseAndDetWithCheck.dir
    │   │   │   │   │   │   ├── DependInfo.cmake
    │   │   │   │   │   │   ├── build.make
    │   │   │   │   │   │   ├── cmake_clean.cmake
    │   │   │   │   │   │   ├── depend.make
    │   │   │   │   │   │   ├── flags.make
    │   │   │   │   │   │   ├── link.txt
    │   │   │   │   │   │   └── progress.make
    │   │   │   │   │   ├── compile_MatrixBase_computeInverseWithCheck.dir
    │   │   │   │   │   │   ├── DependInfo.cmake
    │   │   │   │   │   │   ├── build.make
    │   │   │   │   │   │   ├── cmake_clean.cmake
    │   │   │   │   │   │   ├── depend.make
    │   │   │   │   │   │   ├── flags.make
    │   │   │   │   │   │   ├── link.txt
    │   │   │   │   │   │   └── progress.make
    │   │   │   │   │   ├── compile_MatrixBase_cwiseAbs.dir
    │   │   │   │   │   │   ├── DependInfo.cmake
    │   │   │   │   │   │   ├── build.make
    │   │   │   │   │   │   ├── cmake_clean.cmake
    │   │   │   │   │   │   ├── depend.make
    │   │   │   │   │   │   ├── flags.make
    │   │   │   │   │   │   ├── link.txt
    │   │   │   │   │   │   └── progress.make
    │   │   │   │   │   ├── compile_MatrixBase_cwiseAbs2.dir
    │   │   │   │   │   │   ├── DependInfo.cmake
    │   │   │   │   │   │   ├── build.make
    │   │   │   │   │   │   ├── cmake_clean.cmake
    │   │   │   │   │   │   ├── depend.make
    │   │   │   │   │   │   ├── flags.make
    │   │   │   │   │   │   ├── link.txt
    │   │   │   │   │   │   └── progress.make
    │   │   │   │   │   ├── compile_MatrixBase_cwiseArg.dir
    │   │   │   │   │   │   ├── DependInfo.cmake
    │   │   │   │   │   │   ├── build.make
    │   │   │   │   │   │   ├── cmake_clean.cmake
    │   │   │   │   │   │   ├── depend.make
    │   │   │   │   │   │   ├── flags.make
    │   │   │   │   │   │   ├── link.txt
    │   │   │   │   │   │   └── progress.make
    │   │   │   │   │   ├── compile_MatrixBase_cwiseEqual.dir
    │   │   │   │   │   │   ├── DependInfo.cmake
    │   │   │   │   │   │   ├── build.make
    │   │   │   │   │   │   ├── cmake_clean.cmake
    │   │   │   │   │   │   ├── depend.make
    │   │   │   │   │   │   ├── flags.make
    │   │   │   │   │   │   ├── link.txt
    │   │   │   │   │   │   └── progress.make
    │   │   │   │   │   ├── compile_MatrixBase_cwiseInverse.dir
    │   │   │   │   │   │   ├── DependInfo.cmake
    │   │   │   │   │   │   ├── build.make
    │   │   │   │   │   │   ├── cmake_clean.cmake
    │   │   │   │   │   │   ├── depend.make
    │   │   │   │   │   │   ├── flags.make
    │   │   │   │   │   │   ├── link.txt
    │   │   │   │   │   │   └── progress.make
    │   │   │   │   │   ├── compile_MatrixBase_cwiseMax.dir
    │   │   │   │   │   │   ├── DependInfo.cmake
    │   │   │   │   │   │   ├── build.make
    │   │   │   │   │   │   ├── cmake_clean.cmake
    │   │   │   │   │   │   ├── depend.make
    │   │   │   │   │   │   ├── flags.make
    │   │   │   │   │   │   ├── link.txt
    │   │   │   │   │   │   └── progress.make
    │   │   │   │   │   ├── compile_MatrixBase_cwiseMin.dir
    │   │   │   │   │   │   ├── DependInfo.cmake
    │   │   │   │   │   │   ├── build.make
    │   │   │   │   │   │   ├── cmake_clean.cmake
    │   │   │   │   │   │   ├── depend.make
    │   │   │   │   │   │   ├── flags.make
    │   │   │   │   │   │   ├── link.txt
    │   │   │   │   │   │   └── progress.make
    │   │   │   │   │   ├── compile_MatrixBase_cwiseNotEqual.dir
    │   │   │   │   │   │   ├── DependInfo.cmake
    │   │   │   │   │   │   ├── build.make
    │   │   │   │   │   │   ├── cmake_clean.cmake
    │   │   │   │   │   │   ├── depend.make
    │   │   │   │   │   │   ├── flags.make
    │   │   │   │   │   │   ├── link.txt
    │   │   │   │   │   │   └── progress.make
    │   │   │   │   │   ├── compile_MatrixBase_cwiseProduct.dir
    │   │   │   │   │   │   ├── DependInfo.cmake
    │   │   │   │   │   │   ├── build.make
    │   │   │   │   │   │   ├── cmake_clean.cmake
    │   │   │   │   │   │   ├── depend.make
    │   │   │   │   │   │   ├── flags.make
    │   │   │   │   │   │   ├── link.txt
    │   │   │   │   │   │   └── progress.make
    │   │   │   │   │   ├── compile_MatrixBase_cwiseQuotient.dir
    │   │   │   │   │   │   ├── DependInfo.cmake
    │   │   │   │   │   │   ├── build.make
    │   │   │   │   │   │   ├── cmake_clean.cmake
    │   │   │   │   │   │   ├── depend.make
    │   │   │   │   │   │   ├── flags.make
    │   │   │   │   │   │   ├── link.txt
    │   │   │   │   │   │   └── progress.make
    │   │   │   │   │   ├── compile_MatrixBase_cwiseSign.dir
    │   │   │   │   │   │   ├── DependInfo.cmake
    │   │   │   │   │   │   ├── build.make
    │   │   │   │   │   │   ├── cmake_clean.cmake
    │   │   │   │   │   │   ├── depend.make
    │   │   │   │   │   │   ├── flags.make
    │   │   │   │   │   │   ├── link.txt
    │   │   │   │   │   │   └── progress.make
    │   │   │   │   │   ├── compile_MatrixBase_cwiseSqrt.dir
    │   │   │   │   │   │   ├── DependInfo.cmake
    │   │   │   │   │   │   ├── build.make
    │   │   │   │   │   │   ├── cmake_clean.cmake
    │   │   │   │   │   │   ├── depend.make
    │   │   │   │   │   │   ├── flags.make
    │   │   │   │   │   │   ├── link.txt
    │   │   │   │   │   │   └── progress.make
    │   │   │   │   │   ├── compile_MatrixBase_diagonal.dir
    │   │   │   │   │   │   ├── DependInfo.cmake
    │   │   │   │   │   │   ├── build.make
    │   │   │   │   │   │   ├── cmake_clean.cmake
    │   │   │   │   │   │   ├── depend.make
    │   │   │   │   │   │   ├── flags.make
    │   │   │   │   │   │   ├── link.txt
    │   │   │   │   │   │   └── progress.make
    │   │   │   │   │   ├── compile_MatrixBase_diagonal_int.dir
    │   │   │   │   │   │   ├── DependInfo.cmake
    │   │   │   │   │   │   ├── build.make
    │   │   │   │   │   │   ├── cmake_clean.cmake
    │   │   │   │   │   │   ├── depend.make
    │   │   │   │   │   │   ├── flags.make
    │   │   │   │   │   │   ├── link.txt
    │   │   │   │   │   │   └── progress.make
    │   │   │   │   │   ├── compile_MatrixBase_diagonal_template_int.dir
    │   │   │   │   │   │   ├── DependInfo.cmake
    │   │   │   │   │   │   ├── build.make
    │   │   │   │   │   │   ├── cmake_clean.cmake
    │   │   │   │   │   │   ├── depend.make
    │   │   │   │   │   │   ├── flags.make
    │   │   │   │   │   │   ├── link.txt
    │   │   │   │   │   │   └── progress.make
    │   │   │   │   │   ├── compile_MatrixBase_eigenvalues.dir
    │   │   │   │   │   │   ├── DependInfo.cmake
    │   │   │   │   │   │   ├── build.make
    │   │   │   │   │   │   ├── cmake_clean.cmake
    │   │   │   │   │   │   ├── depend.make
    │   │   │   │   │   │   ├── flags.make
    │   │   │   │   │   │   ├── link.txt
    │   │   │   │   │   │   └── progress.make
    │   │   │   │   │   ├── compile_MatrixBase_end_int.dir
    │   │   │   │   │   │   ├── DependInfo.cmake
    │   │   │   │   │   │   ├── build.make
    │   │   │   │   │   │   ├── cmake_clean.cmake
    │   │   │   │   │   │   ├── depend.make
    │   │   │   │   │   │   ├── flags.make
    │   │   │   │   │   │   ├── link.txt
    │   │   │   │   │   │   └── progress.make
    │   │   │   │   │   ├── compile_MatrixBase_eval.dir
    │   │   │   │   │   │   ├── DependInfo.cmake
    │   │   │   │   │   │   ├── build.make
    │   │   │   │   │   │   ├── cmake_clean.cmake
    │   │   │   │   │   │   ├── depend.make
    │   │   │   │   │   │   ├── flags.make
    │   │   │   │   │   │   ├── link.txt
    │   │   │   │   │   │   └── progress.make
    │   │   │   │   │   ├── compile_MatrixBase_fixedBlock_int_int.dir
    │   │   │   │   │   │   ├── DependInfo.cmake
    │   │   │   │   │   │   ├── build.make
    │   │   │   │   │   │   ├── cmake_clean.cmake
    │   │   │   │   │   │   ├── depend.make
    │   │   │   │   │   │   ├── flags.make
    │   │   │   │   │   │   ├── link.txt
    │   │   │   │   │   │   └── progress.make
    │   │   │   │   │   ├── compile_MatrixBase_hnormalized.dir
    │   │   │   │   │   │   ├── DependInfo.cmake
    │   │   │   │   │   │   ├── build.make
    │   │   │   │   │   │   ├── cmake_clean.cmake
    │   │   │   │   │   │   ├── depend.make
    │   │   │   │   │   │   ├── flags.make
    │   │   │   │   │   │   ├── link.txt
    │   │   │   │   │   │   └── progress.make
    │   │   │   │   │   ├── compile_MatrixBase_homogeneous.dir
    │   │   │   │   │   │   ├── DependInfo.cmake
    │   │   │   │   │   │   ├── build.make
    │   │   │   │   │   │   ├── cmake_clean.cmake
    │   │   │   │   │   │   ├── depend.make
    │   │   │   │   │   │   ├── flags.make
    │   │   │   │   │   │   ├── link.txt
    │   │   │   │   │   │   └── progress.make
    │   │   │   │   │   ├── compile_MatrixBase_identity.dir
    │   │   │   │   │   │   ├── DependInfo.cmake
    │   │   │   │   │   │   ├── build.make
    │   │   │   │   │   │   ├── cmake_clean.cmake
    │   │   │   │   │   │   ├── depend.make
    │   │   │   │   │   │   ├── flags.make
    │   │   │   │   │   │   ├── link.txt
    │   │   │   │   │   │   └── progress.make
    │   │   │   │   │   ├── compile_MatrixBase_identity_int_int.dir
    │   │   │   │   │   │   ├── DependInfo.cmake
    │   │   │   │   │   │   ├── build.make
    │   │   │   │   │   │   ├── cmake_clean.cmake
    │   │   │   │   │   │   ├── depend.make
    │   │   │   │   │   │   ├── flags.make
    │   │   │   │   │   │   ├── link.txt
    │   │   │   │   │   │   └── progress.make
    │   │   │   │   │   ├── compile_MatrixBase_inverse.dir
    │   │   │   │   │   │   ├── DependInfo.cmake
    │   │   │   │   │   │   ├── build.make
    │   │   │   │   │   │   ├── cmake_clean.cmake
    │   │   │   │   │   │   ├── depend.make
    │   │   │   │   │   │   ├── flags.make
    │   │   │   │   │   │   ├── link.txt
    │   │   │   │   │   │   └── progress.make
    │   │   │   │   │   ├── compile_MatrixBase_isDiagonal.dir
    │   │   │   │   │   │   ├── DependInfo.cmake
    │   │   │   │   │   │   ├── build.make
    │   │   │   │   │   │   ├── cmake_clean.cmake
    │   │   │   │   │   │   ├── depend.make
    │   │   │   │   │   │   ├── flags.make
    │   │   │   │   │   │   ├── link.txt
    │   │   │   │   │   │   └── progress.make
    │   │   │   │   │   ├── compile_MatrixBase_isIdentity.dir
    │   │   │   │   │   │   ├── DependInfo.cmake
    │   │   │   │   │   │   ├── build.make
    │   │   │   │   │   │   ├── cmake_clean.cmake
    │   │   │   │   │   │   ├── depend.make
    │   │   │   │   │   │   ├── flags.make
    │   │   │   │   │   │   ├── link.txt
    │   │   │   │   │   │   └── progress.make
    │   │   │   │   │   ├── compile_MatrixBase_isOnes.dir
    │   │   │   │   │   │   ├── DependInfo.cmake
    │   │   │   │   │   │   ├── build.make
    │   │   │   │   │   │   ├── cmake_clean.cmake
    │   │   │   │   │   │   ├── depend.make
    │   │   │   │   │   │   ├── flags.make
    │   │   │   │   │   │   ├── link.txt
    │   │   │   │   │   │   └── progress.make
    │   │   │   │   │   ├── compile_MatrixBase_isOrthogonal.dir
    │   │   │   │   │   │   ├── DependInfo.cmake
    │   │   │   │   │   │   ├── build.make
    │   │   │   │   │   │   ├── cmake_clean.cmake
    │   │   │   │   │   │   ├── depend.make
    │   │   │   │   │   │   ├── flags.make
    │   │   │   │   │   │   ├── link.txt
    │   │   │   │   │   │   └── progress.make
    │   │   │   │   │   ├── compile_MatrixBase_isUnitary.dir
    │   │   │   │   │   │   ├── DependInfo.cmake
    │   │   │   │   │   │   ├── build.make
    │   │   │   │   │   │   ├── cmake_clean.cmake
    │   │   │   │   │   │   ├── depend.make
    │   │   │   │   │   │   ├── flags.make
    │   │   │   │   │   │   ├── link.txt
    │   │   │   │   │   │   └── progress.make
    │   │   │   │   │   ├── compile_MatrixBase_isZero.dir
    │   │   │   │   │   │   ├── DependInfo.cmake
    │   │   │   │   │   │   ├── build.make
    │   │   │   │   │   │   ├── cmake_clean.cmake
    │   │   │   │   │   │   ├── depend.make
    │   │   │   │   │   │   ├── flags.make
    │   │   │   │   │   │   ├── link.txt
    │   │   │   │   │   │   └── progress.make
    │   │   │   │   │   ├── compile_MatrixBase_leftCols_int.dir
    │   │   │   │   │   │   ├── DependInfo.cmake
    │   │   │   │   │   │   ├── build.make
    │   │   │   │   │   │   ├── cmake_clean.cmake
    │   │   │   │   │   │   ├── depend.make
    │   │   │   │   │   │   ├── flags.make
    │   │   │   │   │   │   ├── link.txt
    │   │   │   │   │   │   └── progress.make
    │   │   │   │   │   ├── compile_MatrixBase_noalias.dir
    │   │   │   │   │   │   ├── DependInfo.cmake
    │   │   │   │   │   │   ├── build.make
    │   │   │   │   │   │   ├── cmake_clean.cmake
    │   │   │   │   │   │   ├── depend.make
    │   │   │   │   │   │   ├── flags.make
    │   │   │   │   │   │   ├── link.txt
    │   │   │   │   │   │   └── progress.make
    │   │   │   │   │   ├── compile_MatrixBase_ones.dir
    │   │   │   │   │   │   ├── DependInfo.cmake
    │   │   │   │   │   │   ├── build.make
    │   │   │   │   │   │   ├── cmake_clean.cmake
    │   │   │   │   │   │   ├── depend.make
    │   │   │   │   │   │   ├── flags.make
    │   │   │   │   │   │   ├── link.txt
    │   │   │   │   │   │   └── progress.make
    │   │   │   │   │   ├── compile_MatrixBase_ones_int.dir
    │   │   │   │   │   │   ├── DependInfo.cmake
    │   │   │   │   │   │   ├── build.make
    │   │   │   │   │   │   ├── cmake_clean.cmake
    │   │   │   │   │   │   ├── depend.make
    │   │   │   │   │   │   ├── flags.make
    │   │   │   │   │   │   ├── link.txt
    │   │   │   │   │   │   └── progress.make
    │   │   │   │   │   ├── compile_MatrixBase_ones_int_int.dir
    │   │   │   │   │   │   ├── DependInfo.cmake
    │   │   │   │   │   │   ├── build.make
    │   │   │   │   │   │   ├── cmake_clean.cmake
    │   │   │   │   │   │   ├── depend.make
    │   │   │   │   │   │   ├── flags.make
    │   │   │   │   │   │   ├── link.txt
    │   │   │   │   │   │   └── progress.make
    │   │   │   │   │   ├── compile_MatrixBase_operatorNorm.dir
    │   │   │   │   │   │   ├── DependInfo.cmake
    │   │   │   │   │   │   ├── build.make
    │   │   │   │   │   │   ├── cmake_clean.cmake
    │   │   │   │   │   │   ├── depend.make
    │   │   │   │   │   │   ├── flags.make
    │   │   │   │   │   │   ├── link.txt
    │   │   │   │   │   │   └── progress.make
    │   │   │   │   │   ├── compile_MatrixBase_prod.dir
    │   │   │   │   │   │   ├── DependInfo.cmake
    │   │   │   │   │   │   ├── build.make
    │   │   │   │   │   │   ├── cmake_clean.cmake
    │   │   │   │   │   │   ├── depend.make
    │   │   │   │   │   │   ├── flags.make
    │   │   │   │   │   │   ├── link.txt
    │   │   │   │   │   │   └── progress.make
    │   │   │   │   │   ├── compile_MatrixBase_random.dir
    │   │   │   │   │   │   ├── DependInfo.cmake
    │   │   │   │   │   │   ├── build.make
    │   │   │   │   │   │   ├── cmake_clean.cmake
    │   │   │   │   │   │   ├── depend.make
    │   │   │   │   │   │   ├── flags.make
    │   │   │   │   │   │   ├── link.txt
    │   │   │   │   │   │   └── progress.make
    │   │   │   │   │   ├── compile_MatrixBase_random_int.dir
    │   │   │   │   │   │   ├── DependInfo.cmake
    │   │   │   │   │   │   ├── build.make
    │   │   │   │   │   │   ├── cmake_clean.cmake
    │   │   │   │   │   │   ├── depend.make
    │   │   │   │   │   │   ├── flags.make
    │   │   │   │   │   │   ├── link.txt
    │   │   │   │   │   │   └── progress.make
    │   │   │   │   │   ├── compile_MatrixBase_random_int_int.dir
    │   │   │   │   │   │   ├── DependInfo.cmake
    │   │   │   │   │   │   ├── build.make
    │   │   │   │   │   │   ├── cmake_clean.cmake
    │   │   │   │   │   │   ├── depend.make
    │   │   │   │   │   │   ├── flags.make
    │   │   │   │   │   │   ├── link.txt
    │   │   │   │   │   │   └── progress.make
    │   │   │   │   │   ├── compile_MatrixBase_replicate.dir
    │   │   │   │   │   │   ├── DependInfo.cmake
    │   │   │   │   │   │   ├── build.make
    │   │   │   │   │   │   ├── cmake_clean.cmake
    │   │   │   │   │   │   ├── depend.make
    │   │   │   │   │   │   ├── flags.make
    │   │   │   │   │   │   ├── link.txt
    │   │   │   │   │   │   └── progress.make
    │   │   │   │   │   ├── compile_MatrixBase_replicate_int_int.dir
    │   │   │   │   │   │   ├── DependInfo.cmake
    │   │   │   │   │   │   ├── build.make
    │   │   │   │   │   │   ├── cmake_clean.cmake
    │   │   │   │   │   │   ├── depend.make
    │   │   │   │   │   │   ├── flags.make
    │   │   │   │   │   │   ├── link.txt
    │   │   │   │   │   │   └── progress.make
    │   │   │   │   │   ├── compile_MatrixBase_reshaped_auto.dir
    │   │   │   │   │   │   ├── DependInfo.cmake
    │   │   │   │   │   │   ├── build.make
    │   │   │   │   │   │   ├── cmake_clean.cmake
    │   │   │   │   │   │   ├── depend.make
    │   │   │   │   │   │   ├── flags.make
    │   │   │   │   │   │   ├── link.txt
    │   │   │   │   │   │   └── progress.make
    │   │   │   │   │   ├── compile_MatrixBase_reshaped_fixed.dir
    │   │   │   │   │   │   ├── DependInfo.cmake
    │   │   │   │   │   │   ├── build.make
    │   │   │   │   │   │   ├── cmake_clean.cmake
    │   │   │   │   │   │   ├── depend.make
    │   │   │   │   │   │   ├── flags.make
    │   │   │   │   │   │   ├── link.txt
    │   │   │   │   │   │   └── progress.make
    │   │   │   │   │   ├── compile_MatrixBase_reshaped_int_int.dir
    │   │   │   │   │   │   ├── DependInfo.cmake
    │   │   │   │   │   │   ├── build.make
    │   │   │   │   │   │   ├── cmake_clean.cmake
    │   │   │   │   │   │   ├── depend.make
    │   │   │   │   │   │   ├── flags.make
    │   │   │   │   │   │   ├── link.txt
    │   │   │   │   │   │   └── progress.make
    │   │   │   │   │   ├── compile_MatrixBase_reshaped_to_vector.dir
    │   │   │   │   │   │   ├── DependInfo.cmake
    │   │   │   │   │   │   ├── build.make
    │   │   │   │   │   │   ├── cmake_clean.cmake
    │   │   │   │   │   │   ├── depend.make
    │   │   │   │   │   │   ├── flags.make
    │   │   │   │   │   │   ├── link.txt
    │   │   │   │   │   │   └── progress.make
    │   │   │   │   │   ├── compile_MatrixBase_reverse.dir
    │   │   │   │   │   │   ├── DependInfo.cmake
    │   │   │   │   │   │   ├── build.make
    │   │   │   │   │   │   ├── cmake_clean.cmake
    │   │   │   │   │   │   ├── depend.make
    │   │   │   │   │   │   ├── flags.make
    │   │   │   │   │   │   ├── link.txt
    │   │   │   │   │   │   └── progress.make
    │   │   │   │   │   ├── compile_MatrixBase_rightCols_int.dir
    │   │   │   │   │   │   ├── DependInfo.cmake
    │   │   │   │   │   │   ├── build.make
    │   │   │   │   │   │   ├── cmake_clean.cmake
    │   │   │   │   │   │   ├── depend.make
    │   │   │   │   │   │   ├── flags.make
    │   │   │   │   │   │   ├── link.txt
    │   │   │   │   │   │   └── progress.make
    │   │   │   │   │   ├── compile_MatrixBase_row.dir
    │   │   │   │   │   │   ├── DependInfo.cmake
    │   │   │   │   │   │   ├── build.make
    │   │   │   │   │   │   ├── cmake_clean.cmake
    │   │   │   │   │   │   ├── depend.make
    │   │   │   │   │   │   ├── flags.make
    │   │   │   │   │   │   ├── link.txt
    │   │   │   │   │   │   └── progress.make
    │   │   │   │   │   ├── compile_MatrixBase_rowwise.dir
    │   │   │   │   │   │   ├── DependInfo.cmake
    │   │   │   │   │   │   ├── build.make
    │   │   │   │   │   │   ├── cmake_clean.cmake
    │   │   │   │   │   │   ├── depend.make
    │   │   │   │   │   │   ├── flags.make
    │   │   │   │   │   │   ├── link.txt
    │   │   │   │   │   │   └── progress.make
    │   │   │   │   │   ├── compile_MatrixBase_segment_int_int.dir
    │   │   │   │   │   │   ├── DependInfo.cmake
    │   │   │   │   │   │   ├── build.make
    │   │   │   │   │   │   ├── cmake_clean.cmake
    │   │   │   │   │   │   ├── depend.make
    │   │   │   │   │   │   ├── flags.make
    │   │   │   │   │   │   ├── link.txt
    │   │   │   │   │   │   └── progress.make
    │   │   │   │   │   ├── compile_MatrixBase_select.dir
    │   │   │   │   │   │   ├── DependInfo.cmake
    │   │   │   │   │   │   ├── build.make
    │   │   │   │   │   │   ├── cmake_clean.cmake
    │   │   │   │   │   │   ├── depend.make
    │   │   │   │   │   │   ├── flags.make
    │   │   │   │   │   │   ├── link.txt
    │   │   │   │   │   │   └── progress.make
    │   │   │   │   │   ├── compile_MatrixBase_selfadjointView.dir
    │   │   │   │   │   │   ├── DependInfo.cmake
    │   │   │   │   │   │   ├── build.make
    │   │   │   │   │   │   ├── cmake_clean.cmake
    │   │   │   │   │   │   ├── depend.make
    │   │   │   │   │   │   ├── flags.make
    │   │   │   │   │   │   ├── link.txt
    │   │   │   │   │   │   └── progress.make
    │   │   │   │   │   ├── compile_MatrixBase_set.dir
    │   │   │   │   │   │   ├── DependInfo.cmake
    │   │   │   │   │   │   ├── build.make
    │   │   │   │   │   │   ├── cmake_clean.cmake
    │   │   │   │   │   │   ├── depend.make
    │   │   │   │   │   │   ├── flags.make
    │   │   │   │   │   │   ├── link.txt
    │   │   │   │   │   │   └── progress.make
    │   │   │   │   │   ├── compile_MatrixBase_setIdentity.dir
    │   │   │   │   │   │   ├── DependInfo.cmake
    │   │   │   │   │   │   ├── build.make
    │   │   │   │   │   │   ├── cmake_clean.cmake
    │   │   │   │   │   │   ├── depend.make
    │   │   │   │   │   │   ├── flags.make
    │   │   │   │   │   │   ├── link.txt
    │   │   │   │   │   │   └── progress.make
    │   │   │   │   │   ├── compile_MatrixBase_setOnes.dir
    │   │   │   │   │   │   ├── DependInfo.cmake
    │   │   │   │   │   │   ├── build.make
    │   │   │   │   │   │   ├── cmake_clean.cmake
    │   │   │   │   │   │   ├── depend.make
    │   │   │   │   │   │   ├── flags.make
    │   │   │   │   │   │   ├── link.txt
    │   │   │   │   │   │   └── progress.make
    │   │   │   │   │   ├── compile_MatrixBase_setRandom.dir
    │   │   │   │   │   │   ├── DependInfo.cmake
    │   │   │   │   │   │   ├── build.make
    │   │   │   │   │   │   ├── cmake_clean.cmake
    │   │   │   │   │   │   ├── depend.make
    │   │   │   │   │   │   ├── flags.make
    │   │   │   │   │   │   ├── link.txt
    │   │   │   │   │   │   └── progress.make
    │   │   │   │   │   ├── compile_MatrixBase_setZero.dir
    │   │   │   │   │   │   ├── DependInfo.cmake
    │   │   │   │   │   │   ├── build.make
    │   │   │   │   │   │   ├── cmake_clean.cmake
    │   │   │   │   │   │   ├── depend.make
    │   │   │   │   │   │   ├── flags.make
    │   │   │   │   │   │   ├── link.txt
    │   │   │   │   │   │   └── progress.make
    │   │   │   │   │   ├── compile_MatrixBase_start_int.dir
    │   │   │   │   │   │   ├── DependInfo.cmake
    │   │   │   │   │   │   ├── build.make
    │   │   │   │   │   │   ├── cmake_clean.cmake
    │   │   │   │   │   │   ├── depend.make
    │   │   │   │   │   │   ├── flags.make
    │   │   │   │   │   │   ├── link.txt
    │   │   │   │   │   │   └── progress.make
    │   │   │   │   │   ├── compile_MatrixBase_template_int_bottomRows.dir
    │   │   │   │   │   │   ├── DependInfo.cmake
    │   │   │   │   │   │   ├── build.make
    │   │   │   │   │   │   ├── cmake_clean.cmake
    │   │   │   │   │   │   ├── depend.make
    │   │   │   │   │   │   ├── flags.make
    │   │   │   │   │   │   ├── link.txt
    │   │   │   │   │   │   └── progress.make
    │   │   │   │   │   ├── compile_MatrixBase_template_int_end.dir
    │   │   │   │   │   │   ├── DependInfo.cmake
    │   │   │   │   │   │   ├── build.make
    │   │   │   │   │   │   ├── cmake_clean.cmake
    │   │   │   │   │   │   ├── depend.make
    │   │   │   │   │   │   ├── flags.make
    │   │   │   │   │   │   ├── link.txt
    │   │   │   │   │   │   └── progress.make
    │   │   │   │   │   ├── compile_MatrixBase_template_int_int_block_int_int_int_int.dir
    │   │   │   │   │   │   ├── DependInfo.cmake
    │   │   │   │   │   │   ├── build.make
    │   │   │   │   │   │   ├── cmake_clean.cmake
    │   │   │   │   │   │   ├── depend.make
    │   │   │   │   │   │   ├── flags.make
    │   │   │   │   │   │   ├── link.txt
    │   │   │   │   │   │   └── progress.make
    │   │   │   │   │   ├── compile_MatrixBase_template_int_int_bottomLeftCorner.dir
    │   │   │   │   │   │   ├── DependInfo.cmake
    │   │   │   │   │   │   ├── build.make
    │   │   │   │   │   │   ├── cmake_clean.cmake
    │   │   │   │   │   │   ├── depend.make
    │   │   │   │   │   │   ├── flags.make
    │   │   │   │   │   │   ├── link.txt
    │   │   │   │   │   │   └── progress.make
    │   │   │   │   │   ├── compile_MatrixBase_template_int_int_bottomLeftCorner_int_int.dir
    │   │   │   │   │   │   ├── DependInfo.cmake
    │   │   │   │   │   │   ├── build.make
    │   │   │   │   │   │   ├── cmake_clean.cmake
    │   │   │   │   │   │   ├── depend.make
    │   │   │   │   │   │   ├── flags.make
    │   │   │   │   │   │   ├── link.txt
    │   │   │   │   │   │   └── progress.make
    │   │   │   │   │   ├── compile_MatrixBase_template_int_int_bottomRightCorner.dir
    │   │   │   │   │   │   ├── DependInfo.cmake
    │   │   │   │   │   │   ├── build.make
    │   │   │   │   │   │   ├── cmake_clean.cmake
    │   │   │   │   │   │   ├── depend.make
    │   │   │   │   │   │   ├── flags.make
    │   │   │   │   │   │   ├── link.txt
    │   │   │   │   │   │   └── progress.make
    │   │   │   │   │   ├── compile_MatrixBase_template_int_int_bottomRightCorner_int_int.dir
    │   │   │   │   │   │   ├── DependInfo.cmake
    │   │   │   │   │   │   ├── build.make
    │   │   │   │   │   │   ├── cmake_clean.cmake
    │   │   │   │   │   │   ├── depend.make
    │   │   │   │   │   │   ├── flags.make
    │   │   │   │   │   │   ├── link.txt
    │   │   │   │   │   │   └── progress.make
    │   │   │   │   │   ├── compile_MatrixBase_template_int_int_topLeftCorner.dir
    │   │   │   │   │   │   ├── DependInfo.cmake
    │   │   │   │   │   │   ├── build.make
    │   │   │   │   │   │   ├── cmake_clean.cmake
    │   │   │   │   │   │   ├── depend.make
    │   │   │   │   │   │   ├── flags.make
    │   │   │   │   │   │   ├── link.txt
    │   │   │   │   │   │   └── progress.make
    │   │   │   │   │   ├── compile_MatrixBase_template_int_int_topLeftCorner_int_int.dir
    │   │   │   │   │   │   ├── DependInfo.cmake
    │   │   │   │   │   │   ├── build.make
    │   │   │   │   │   │   ├── cmake_clean.cmake
    │   │   │   │   │   │   ├── depend.make
    │   │   │   │   │   │   ├── flags.make
    │   │   │   │   │   │   ├── link.txt
    │   │   │   │   │   │   └── progress.make
    │   │   │   │   │   ├── compile_MatrixBase_template_int_int_topRightCorner.dir
    │   │   │   │   │   │   ├── DependInfo.cmake
    │   │   │   │   │   │   ├── build.make
    │   │   │   │   │   │   ├── cmake_clean.cmake
    │   │   │   │   │   │   ├── depend.make
    │   │   │   │   │   │   ├── flags.make
    │   │   │   │   │   │   ├── link.txt
    │   │   │   │   │   │   └── progress.make
    │   │   │   │   │   ├── compile_MatrixBase_template_int_int_topRightCorner_int_int.dir
    │   │   │   │   │   │   ├── DependInfo.cmake
    │   │   │   │   │   │   ├── build.make
    │   │   │   │   │   │   ├── cmake_clean.cmake
    │   │   │   │   │   │   ├── depend.make
    │   │   │   │   │   │   ├── flags.make
    │   │   │   │   │   │   ├── link.txt
    │   │   │   │   │   │   └── progress.make
    │   │   │   │   │   ├── compile_MatrixBase_template_int_leftCols.dir
    │   │   │   │   │   │   ├── DependInfo.cmake
    │   │   │   │   │   │   ├── build.make
    │   │   │   │   │   │   ├── cmake_clean.cmake
    │   │   │   │   │   │   ├── depend.make
    │   │   │   │   │   │   ├── flags.make
    │   │   │   │   │   │   ├── link.txt
    │   │   │   │   │   │   └── progress.make
    │   │   │   │   │   ├── compile_MatrixBase_template_int_rightCols.dir
    │   │   │   │   │   │   ├── DependInfo.cmake
    │   │   │   │   │   │   ├── build.make
    │   │   │   │   │   │   ├── cmake_clean.cmake
    │   │   │   │   │   │   ├── depend.make
    │   │   │   │   │   │   ├── flags.make
    │   │   │   │   │   │   ├── link.txt
    │   │   │   │   │   │   └── progress.make
    │   │   │   │   │   ├── compile_MatrixBase_template_int_segment.dir
    │   │   │   │   │   │   ├── DependInfo.cmake
    │   │   │   │   │   │   ├── build.make
    │   │   │   │   │   │   ├── cmake_clean.cmake
    │   │   │   │   │   │   ├── depend.make
    │   │   │   │   │   │   ├── flags.make
    │   │   │   │   │   │   ├── link.txt
    │   │   │   │   │   │   └── progress.make
    │   │   │   │   │   ├── compile_MatrixBase_template_int_start.dir
    │   │   │   │   │   │   ├── DependInfo.cmake
    │   │   │   │   │   │   ├── build.make
    │   │   │   │   │   │   ├── cmake_clean.cmake
    │   │   │   │   │   │   ├── depend.make
    │   │   │   │   │   │   ├── flags.make
    │   │   │   │   │   │   ├── link.txt
    │   │   │   │   │   │   └── progress.make
    │   │   │   │   │   ├── compile_MatrixBase_template_int_topRows.dir
    │   │   │   │   │   │   ├── DependInfo.cmake
    │   │   │   │   │   │   ├── build.make
    │   │   │   │   │   │   ├── cmake_clean.cmake
    │   │   │   │   │   │   ├── depend.make
    │   │   │   │   │   │   ├── flags.make
    │   │   │   │   │   │   ├── link.txt
    │   │   │   │   │   │   └── progress.make
    │   │   │   │   │   ├── compile_MatrixBase_topLeftCorner_int_int.dir
    │   │   │   │   │   │   ├── DependInfo.cmake
    │   │   │   │   │   │   ├── build.make
    │   │   │   │   │   │   ├── cmake_clean.cmake
    │   │   │   │   │   │   ├── depend.make
    │   │   │   │   │   │   ├── flags.make
    │   │   │   │   │   │   ├── link.txt
    │   │   │   │   │   │   └── progress.make
    │   │   │   │   │   ├── compile_MatrixBase_topRightCorner_int_int.dir
    │   │   │   │   │   │   ├── DependInfo.cmake
    │   │   │   │   │   │   ├── build.make
    │   │   │   │   │   │   ├── cmake_clean.cmake
    │   │   │   │   │   │   ├── depend.make
    │   │   │   │   │   │   ├── flags.make
    │   │   │   │   │   │   ├── link.txt
    │   │   │   │   │   │   └── progress.make
    │   │   │   │   │   ├── compile_MatrixBase_topRows_int.dir
    │   │   │   │   │   │   ├── DependInfo.cmake
    │   │   │   │   │   │   ├── build.make
    │   │   │   │   │   │   ├── cmake_clean.cmake
    │   │   │   │   │   │   ├── depend.make
    │   │   │   │   │   │   ├── flags.make
    │   │   │   │   │   │   ├── link.txt
    │   │   │   │   │   │   └── progress.make
    │   │   │   │   │   ├── compile_MatrixBase_transpose.dir
    │   │   │   │   │   │   ├── DependInfo.cmake
    │   │   │   │   │   │   ├── build.make
    │   │   │   │   │   │   ├── cmake_clean.cmake
    │   │   │   │   │   │   ├── depend.make
    │   │   │   │   │   │   ├── flags.make
    │   │   │   │   │   │   ├── link.txt
    │   │   │   │   │   │   └── progress.make
    │   │   │   │   │   ├── compile_MatrixBase_triangularView.dir
    │   │   │   │   │   │   ├── DependInfo.cmake
    │   │   │   │   │   │   ├── build.make
    │   │   │   │   │   │   ├── cmake_clean.cmake
    │   │   │   │   │   │   ├── depend.make
    │   │   │   │   │   │   ├── flags.make
    │   │   │   │   │   │   ├── link.txt
    │   │   │   │   │   │   └── progress.make
    │   │   │   │   │   ├── compile_MatrixBase_zero.dir
    │   │   │   │   │   │   ├── DependInfo.cmake
    │   │   │   │   │   │   ├── build.make
    │   │   │   │   │   │   ├── cmake_clean.cmake
    │   │   │   │   │   │   ├── depend.make
    │   │   │   │   │   │   ├── flags.make
    │   │   │   │   │   │   ├── link.txt
    │   │   │   │   │   │   └── progress.make
    │   │   │   │   │   ├── compile_MatrixBase_zero_int.dir
    │   │   │   │   │   │   ├── DependInfo.cmake
    │   │   │   │   │   │   ├── build.make
    │   │   │   │   │   │   ├── cmake_clean.cmake
    │   │   │   │   │   │   ├── depend.make
    │   │   │   │   │   │   ├── flags.make
    │   │   │   │   │   │   ├── link.txt
    │   │   │   │   │   │   └── progress.make
    │   │   │   │   │   ├── compile_MatrixBase_zero_int_int.dir
    │   │   │   │   │   │   ├── DependInfo.cmake
    │   │   │   │   │   │   ├── build.make
    │   │   │   │   │   │   ├── cmake_clean.cmake
    │   │   │   │   │   │   ├── depend.make
    │   │   │   │   │   │   ├── flags.make
    │   │   │   │   │   │   ├── link.txt
    │   │   │   │   │   │   └── progress.make
    │   │   │   │   │   ├── compile_Matrix_Map_stride.dir
    │   │   │   │   │   │   ├── DependInfo.cmake
    │   │   │   │   │   │   ├── build.make
    │   │   │   │   │   │   ├── cmake_clean.cmake
    │   │   │   │   │   │   ├── depend.make
    │   │   │   │   │   │   ├── flags.make
    │   │   │   │   │   │   ├── link.txt
    │   │   │   │   │   │   └── progress.make
    │   │   │   │   │   ├── compile_Matrix_initializer_list_23_cxx11.dir
    │   │   │   │   │   │   ├── DependInfo.cmake
    │   │   │   │   │   │   ├── build.make
    │   │   │   │   │   │   ├── cmake_clean.cmake
    │   │   │   │   │   │   ├── depend.make
    │   │   │   │   │   │   ├── flags.make
    │   │   │   │   │   │   ├── link.txt
    │   │   │   │   │   │   └── progress.make
    │   │   │   │   │   ├── compile_Matrix_initializer_list_vector_cxx11.dir
    │   │   │   │   │   │   ├── DependInfo.cmake
    │   │   │   │   │   │   ├── build.make
    │   │   │   │   │   │   ├── cmake_clean.cmake
    │   │   │   │   │   │   ├── depend.make
    │   │   │   │   │   │   ├── flags.make
    │   │   │   │   │   │   ├── link.txt
    │   │   │   │   │   │   └── progress.make
    │   │   │   │   │   ├── compile_Matrix_resize_NoChange_int.dir
    │   │   │   │   │   │   ├── DependInfo.cmake
    │   │   │   │   │   │   ├── build.make
    │   │   │   │   │   │   ├── cmake_clean.cmake
    │   │   │   │   │   │   ├── depend.make
    │   │   │   │   │   │   ├── flags.make
    │   │   │   │   │   │   ├── link.txt
    │   │   │   │   │   │   └── progress.make
    │   │   │   │   │   ├── compile_Matrix_resize_int.dir
    │   │   │   │   │   │   ├── DependInfo.cmake
    │   │   │   │   │   │   ├── build.make
    │   │   │   │   │   │   ├── cmake_clean.cmake
    │   │   │   │   │   │   ├── depend.make
    │   │   │   │   │   │   ├── flags.make
    │   │   │   │   │   │   ├── link.txt
    │   │   │   │   │   │   └── progress.make
    │   │   │   │   │   ├── compile_Matrix_resize_int_NoChange.dir
    │   │   │   │   │   │   ├── DependInfo.cmake
    │   │   │   │   │   │   ├── build.make
    │   │   │   │   │   │   ├── cmake_clean.cmake
    │   │   │   │   │   │   ├── depend.make
    │   │   │   │   │   │   ├── flags.make
    │   │   │   │   │   │   ├── link.txt
    │   │   │   │   │   │   └── progress.make
    │   │   │   │   │   ├── compile_Matrix_resize_int_int.dir
    │   │   │   │   │   │   ├── DependInfo.cmake
    │   │   │   │   │   │   ├── build.make
    │   │   │   │   │   │   ├── cmake_clean.cmake
    │   │   │   │   │   │   ├── depend.make
    │   │   │   │   │   │   ├── flags.make
    │   │   │   │   │   │   ├── link.txt
    │   │   │   │   │   │   └── progress.make
    │   │   │   │   │   ├── compile_Matrix_setConstant_int.dir
    │   │   │   │   │   │   ├── DependInfo.cmake
    │   │   │   │   │   │   ├── build.make
    │   │   │   │   │   │   ├── cmake_clean.cmake
    │   │   │   │   │   │   ├── depend.make
    │   │   │   │   │   │   ├── flags.make
    │   │   │   │   │   │   ├── link.txt
    │   │   │   │   │   │   └── progress.make
    │   │   │   │   │   ├── compile_Matrix_setConstant_int_int.dir
    │   │   │   │   │   │   ├── DependInfo.cmake
    │   │   │   │   │   │   ├── build.make
    │   │   │   │   │   │   ├── cmake_clean.cmake
    │   │   │   │   │   │   ├── depend.make
    │   │   │   │   │   │   ├── flags.make
    │   │   │   │   │   │   ├── link.txt
    │   │   │   │   │   │   └── progress.make
    │   │   │   │   │   ├── compile_Matrix_setIdentity_int_int.dir
    │   │   │   │   │   │   ├── DependInfo.cmake
    │   │   │   │   │   │   ├── build.make
    │   │   │   │   │   │   ├── cmake_clean.cmake
    │   │   │   │   │   │   ├── depend.make
    │   │   │   │   │   │   ├── flags.make
    │   │   │   │   │   │   ├── link.txt
    │   │   │   │   │   │   └── progress.make
    │   │   │   │   │   ├── compile_Matrix_setOnes_int.dir
    │   │   │   │   │   │   ├── DependInfo.cmake
    │   │   │   │   │   │   ├── build.make
    │   │   │   │   │   │   ├── cmake_clean.cmake
    │   │   │   │   │   │   ├── depend.make
    │   │   │   │   │   │   ├── flags.make
    │   │   │   │   │   │   ├── link.txt
    │   │   │   │   │   │   └── progress.make
    │   │   │   │   │   ├── compile_Matrix_setOnes_int_int.dir
    │   │   │   │   │   │   ├── DependInfo.cmake
    │   │   │   │   │   │   ├── build.make
    │   │   │   │   │   │   ├── cmake_clean.cmake
    │   │   │   │   │   │   ├── depend.make
    │   │   │   │   │   │   ├── flags.make
    │   │   │   │   │   │   ├── link.txt
    │   │   │   │   │   │   └── progress.make
    │   │   │   │   │   ├── compile_Matrix_setRandom_int.dir
    │   │   │   │   │   │   ├── DependInfo.cmake
    │   │   │   │   │   │   ├── build.make
    │   │   │   │   │   │   ├── cmake_clean.cmake
    │   │   │   │   │   │   ├── depend.make
    │   │   │   │   │   │   ├── flags.make
    │   │   │   │   │   │   ├── link.txt
    │   │   │   │   │   │   └── progress.make
    │   │   │   │   │   ├── compile_Matrix_setRandom_int_int.dir
    │   │   │   │   │   │   ├── DependInfo.cmake
    │   │   │   │   │   │   ├── build.make
    │   │   │   │   │   │   ├── cmake_clean.cmake
    │   │   │   │   │   │   ├── depend.make
    │   │   │   │   │   │   ├── flags.make
    │   │   │   │   │   │   ├── link.txt
    │   │   │   │   │   │   └── progress.make
    │   │   │   │   │   ├── compile_Matrix_setZero_int.dir
    │   │   │   │   │   │   ├── DependInfo.cmake
    │   │   │   │   │   │   ├── build.make
    │   │   │   │   │   │   ├── cmake_clean.cmake
    │   │   │   │   │   │   ├── depend.make
    │   │   │   │   │   │   ├── flags.make
    │   │   │   │   │   │   ├── link.txt
    │   │   │   │   │   │   └── progress.make
    │   │   │   │   │   ├── compile_Matrix_setZero_int_int.dir
    │   │   │   │   │   │   ├── DependInfo.cmake
    │   │   │   │   │   │   ├── build.make
    │   │   │   │   │   │   ├── cmake_clean.cmake
    │   │   │   │   │   │   ├── depend.make
    │   │   │   │   │   │   ├── flags.make
    │   │   │   │   │   │   ├── link.txt
    │   │   │   │   │   │   └── progress.make
    │   │   │   │   │   ├── compile_Matrix_variadic_ctor_cxx11.dir
    │   │   │   │   │   │   ├── DependInfo.cmake
    │   │   │   │   │   │   ├── build.make
    │   │   │   │   │   │   ├── cmake_clean.cmake
    │   │   │   │   │   │   ├── depend.make
    │   │   │   │   │   │   ├── flags.make
    │   │   │   │   │   │   ├── link.txt
    │   │   │   │   │   │   └── progress.make
    │   │   │   │   │   ├── compile_PartialPivLU_solve.dir
    │   │   │   │   │   │   ├── DependInfo.cmake
    │   │   │   │   │   │   ├── build.make
    │   │   │   │   │   │   ├── cmake_clean.cmake
    │   │   │   │   │   │   ├── depend.make
    │   │   │   │   │   │   ├── flags.make
    │   │   │   │   │   │   ├── link.txt
    │   │   │   │   │   │   └── progress.make
    │   │   │   │   │   ├── compile_PartialRedux_count.dir
    │   │   │   │   │   │   ├── DependInfo.cmake
    │   │   │   │   │   │   ├── build.make
    │   │   │   │   │   │   ├── cmake_clean.cmake
    │   │   │   │   │   │   ├── depend.make
    │   │   │   │   │   │   ├── flags.make
    │   │   │   │   │   │   ├── link.txt
    │   │   │   │   │   │   └── progress.make
    │   │   │   │   │   ├── compile_PartialRedux_maxCoeff.dir
    │   │   │   │   │   │   ├── DependInfo.cmake
    │   │   │   │   │   │   ├── build.make
    │   │   │   │   │   │   ├── cmake_clean.cmake
    │   │   │   │   │   │   ├── depend.make
    │   │   │   │   │   │   ├── flags.make
    │   │   │   │   │   │   ├── link.txt
    │   │   │   │   │   │   └── progress.make
    │   │   │   │   │   ├── compile_PartialRedux_minCoeff.dir
    │   │   │   │   │   │   ├── DependInfo.cmake
    │   │   │   │   │   │   ├── build.make
    │   │   │   │   │   │   ├── cmake_clean.cmake
    │   │   │   │   │   │   ├── depend.make
    │   │   │   │   │   │   ├── flags.make
    │   │   │   │   │   │   ├── link.txt
    │   │   │   │   │   │   └── progress.make
    │   │   │   │   │   ├── compile_PartialRedux_norm.dir
    │   │   │   │   │   │   ├── DependInfo.cmake
    │   │   │   │   │   │   ├── build.make
    │   │   │   │   │   │   ├── cmake_clean.cmake
    │   │   │   │   │   │   ├── depend.make
    │   │   │   │   │   │   ├── flags.make
    │   │   │   │   │   │   ├── link.txt
    │   │   │   │   │   │   └── progress.make
    │   │   │   │   │   ├── compile_PartialRedux_prod.dir
    │   │   │   │   │   │   ├── DependInfo.cmake
    │   │   │   │   │   │   ├── build.make
    │   │   │   │   │   │   ├── cmake_clean.cmake
    │   │   │   │   │   │   ├── depend.make
    │   │   │   │   │   │   ├── flags.make
    │   │   │   │   │   │   ├── link.txt
    │   │   │   │   │   │   └── progress.make
    │   │   │   │   │   ├── compile_PartialRedux_squaredNorm.dir
    │   │   │   │   │   │   ├── DependInfo.cmake
    │   │   │   │   │   │   ├── build.make
    │   │   │   │   │   │   ├── cmake_clean.cmake
    │   │   │   │   │   │   ├── depend.make
    │   │   │   │   │   │   ├── flags.make
    │   │   │   │   │   │   ├── link.txt
    │   │   │   │   │   │   └── progress.make
    │   │   │   │   │   ├── compile_PartialRedux_sum.dir
    │   │   │   │   │   │   ├── DependInfo.cmake
    │   │   │   │   │   │   ├── build.make
    │   │   │   │   │   │   ├── cmake_clean.cmake
    │   │   │   │   │   │   ├── depend.make
    │   │   │   │   │   │   ├── flags.make
    │   │   │   │   │   │   ├── link.txt
    │   │   │   │   │   │   └── progress.make
    │   │   │   │   │   ├── compile_RealQZ_compute.dir
    │   │   │   │   │   │   ├── DependInfo.cmake
    │   │   │   │   │   │   ├── build.make
    │   │   │   │   │   │   ├── cmake_clean.cmake
    │   │   │   │   │   │   ├── depend.make
    │   │   │   │   │   │   ├── flags.make
    │   │   │   │   │   │   ├── link.txt
    │   │   │   │   │   │   └── progress.make
    │   │   │   │   │   ├── compile_RealSchur_RealSchur_MatrixType.dir
    │   │   │   │   │   │   ├── DependInfo.cmake
    │   │   │   │   │   │   ├── build.make
    │   │   │   │   │   │   ├── cmake_clean.cmake
    │   │   │   │   │   │   ├── depend.make
    │   │   │   │   │   │   ├── flags.make
    │   │   │   │   │   │   ├── link.txt
    │   │   │   │   │   │   └── progress.make
    │   │   │   │   │   ├── compile_RealSchur_compute.dir
    │   │   │   │   │   │   ├── DependInfo.cmake
    │   │   │   │   │   │   ├── build.make
    │   │   │   │   │   │   ├── cmake_clean.cmake
    │   │   │   │   │   │   ├── depend.make
    │   │   │   │   │   │   ├── flags.make
    │   │   │   │   │   │   ├── link.txt
    │   │   │   │   │   │   └── progress.make
    │   │   │   │   │   ├── compile_SelfAdjointEigenSolver_SelfAdjointEigenSolver.dir
    │   │   │   │   │   │   ├── DependInfo.cmake
    │   │   │   │   │   │   ├── build.make
    │   │   │   │   │   │   ├── cmake_clean.cmake
    │   │   │   │   │   │   ├── depend.make
    │   │   │   │   │   │   ├── flags.make
    │   │   │   │   │   │   ├── link.txt
    │   │   │   │   │   │   └── progress.make
    │   │   │   │   │   ├── compile_SelfAdjointEigenSolver_SelfAdjointEigenSolver_MatrixType.dir
    │   │   │   │   │   │   ├── DependInfo.cmake
    │   │   │   │   │   │   ├── build.make
    │   │   │   │   │   │   ├── cmake_clean.cmake
    │   │   │   │   │   │   ├── depend.make
    │   │   │   │   │   │   ├── flags.make
    │   │   │   │   │   │   ├── link.txt
    │   │   │   │   │   │   └── progress.make
    │   │   │   │   │   ├── compile_SelfAdjointEigenSolver_SelfAdjointEigenSolver_MatrixType2.dir
    │   │   │   │   │   │   ├── DependInfo.cmake
    │   │   │   │   │   │   ├── build.make
    │   │   │   │   │   │   ├── cmake_clean.cmake
    │   │   │   │   │   │   ├── depend.make
    │   │   │   │   │   │   ├── flags.make
    │   │   │   │   │   │   ├── link.txt
    │   │   │   │   │   │   └── progress.make
    │   │   │   │   │   ├── compile_SelfAdjointEigenSolver_compute_MatrixType.dir
    │   │   │   │   │   │   ├── DependInfo.cmake
    │   │   │   │   │   │   ├── build.make
    │   │   │   │   │   │   ├── cmake_clean.cmake
    │   │   │   │   │   │   ├── depend.make
    │   │   │   │   │   │   ├── flags.make
    │   │   │   │   │   │   ├── link.txt
    │   │   │   │   │   │   └── progress.make
    │   │   │   │   │   ├── compile_SelfAdjointEigenSolver_compute_MatrixType2.dir
    │   │   │   │   │   │   ├── DependInfo.cmake
    │   │   │   │   │   │   ├── build.make
    │   │   │   │   │   │   ├── cmake_clean.cmake
    │   │   │   │   │   │   ├── depend.make
    │   │   │   │   │   │   ├── flags.make
    │   │   │   │   │   │   ├── link.txt
    │   │   │   │   │   │   └── progress.make
    │   │   │   │   │   ├── compile_SelfAdjointEigenSolver_eigenvalues.dir
    │   │   │   │   │   │   ├── DependInfo.cmake
    │   │   │   │   │   │   ├── build.make
    │   │   │   │   │   │   ├── cmake_clean.cmake
    │   │   │   │   │   │   ├── depend.make
    │   │   │   │   │   │   ├── flags.make
    │   │   │   │   │   │   ├── link.txt
    │   │   │   │   │   │   └── progress.make
    │   │   │   │   │   ├── compile_SelfAdjointEigenSolver_eigenvectors.dir
    │   │   │   │   │   │   ├── DependInfo.cmake
    │   │   │   │   │   │   ├── build.make
    │   │   │   │   │   │   ├── cmake_clean.cmake
    │   │   │   │   │   │   ├── depend.make
    │   │   │   │   │   │   ├── flags.make
    │   │   │   │   │   │   ├── link.txt
    │   │   │   │   │   │   └── progress.make
    │   │   │   │   │   ├── compile_SelfAdjointEigenSolver_operatorInverseSqrt.dir
    │   │   │   │   │   │   ├── DependInfo.cmake
    │   │   │   │   │   │   ├── build.make
    │   │   │   │   │   │   ├── cmake_clean.cmake
    │   │   │   │   │   │   ├── depend.make
    │   │   │   │   │   │   ├── flags.make
    │   │   │   │   │   │   ├── link.txt
    │   │   │   │   │   │   └── progress.make
    │   │   │   │   │   ├── compile_SelfAdjointEigenSolver_operatorSqrt.dir
    │   │   │   │   │   │   ├── DependInfo.cmake
    │   │   │   │   │   │   ├── build.make
    │   │   │   │   │   │   ├── cmake_clean.cmake
    │   │   │   │   │   │   ├── depend.make
    │   │   │   │   │   │   ├── flags.make
    │   │   │   │   │   │   ├── link.txt
    │   │   │   │   │   │   └── progress.make
    │   │   │   │   │   ├── compile_SelfAdjointView_eigenvalues.dir
    │   │   │   │   │   │   ├── DependInfo.cmake
    │   │   │   │   │   │   ├── build.make
    │   │   │   │   │   │   ├── cmake_clean.cmake
    │   │   │   │   │   │   ├── depend.make
    │   │   │   │   │   │   ├── flags.make
    │   │   │   │   │   │   ├── link.txt
    │   │   │   │   │   │   └── progress.make
    │   │   │   │   │   ├── compile_SelfAdjointView_operatorNorm.dir
    │   │   │   │   │   │   ├── DependInfo.cmake
    │   │   │   │   │   │   ├── build.make
    │   │   │   │   │   │   ├── cmake_clean.cmake
    │   │   │   │   │   │   ├── depend.make
    │   │   │   │   │   │   ├── flags.make
    │   │   │   │   │   │   ├── link.txt
    │   │   │   │   │   │   └── progress.make
    │   │   │   │   │   ├── compile_Slicing_arrayexpr.dir
    │   │   │   │   │   │   ├── DependInfo.cmake
    │   │   │   │   │   │   ├── build.make
    │   │   │   │   │   │   ├── cmake_clean.cmake
    │   │   │   │   │   │   ├── depend.make
    │   │   │   │   │   │   ├── flags.make
    │   │   │   │   │   │   ├── link.txt
    │   │   │   │   │   │   └── progress.make
    │   │   │   │   │   ├── compile_Slicing_custom_padding_cxx11.dir
    │   │   │   │   │   │   ├── DependInfo.cmake
    │   │   │   │   │   │   ├── build.make
    │   │   │   │   │   │   ├── cmake_clean.cmake
    │   │   │   │   │   │   ├── depend.make
    │   │   │   │   │   │   ├── flags.make
    │   │   │   │   │   │   ├── link.txt
    │   │   │   │   │   │   └── progress.make
    │   │   │   │   │   ├── compile_Slicing_rawarray_cxx11.dir
    │   │   │   │   │   │   ├── DependInfo.cmake
    │   │   │   │   │   │   ├── build.make
    │   │   │   │   │   │   ├── cmake_clean.cmake
    │   │   │   │   │   │   ├── depend.make
    │   │   │   │   │   │   ├── flags.make
    │   │   │   │   │   │   ├── link.txt
    │   │   │   │   │   │   └── progress.make
    │   │   │   │   │   ├── compile_Slicing_stdvector_cxx11.dir
    │   │   │   │   │   │   ├── DependInfo.cmake
    │   │   │   │   │   │   ├── build.make
    │   │   │   │   │   │   ├── cmake_clean.cmake
    │   │   │   │   │   │   ├── depend.make
    │   │   │   │   │   │   ├── flags.make
    │   │   │   │   │   │   ├── link.txt
    │   │   │   │   │   │   └── progress.make
    │   │   │   │   │   ├── compile_SparseMatrix_coeffs.dir
    │   │   │   │   │   │   ├── DependInfo.cmake
    │   │   │   │   │   │   ├── build.make
    │   │   │   │   │   │   ├── cmake_clean.cmake
    │   │   │   │   │   │   ├── depend.make
    │   │   │   │   │   │   ├── flags.make
    │   │   │   │   │   │   ├── link.txt
    │   │   │   │   │   │   └── progress.make
    │   │   │   │   │   ├── compile_TopicAliasing_block.dir
    │   │   │   │   │   │   ├── DependInfo.cmake
    │   │   │   │   │   │   ├── build.make
    │   │   │   │   │   │   ├── cmake_clean.cmake
    │   │   │   │   │   │   ├── depend.make
    │   │   │   │   │   │   ├── flags.make
    │   │   │   │   │   │   ├── link.txt
    │   │   │   │   │   │   └── progress.make
    │   │   │   │   │   ├── compile_TopicAliasing_block_correct.dir
    │   │   │   │   │   │   ├── DependInfo.cmake
    │   │   │   │   │   │   ├── build.make
    │   │   │   │   │   │   ├── cmake_clean.cmake
    │   │   │   │   │   │   ├── depend.make
    │   │   │   │   │   │   ├── flags.make
    │   │   │   │   │   │   ├── link.txt
    │   │   │   │   │   │   └── progress.make
    │   │   │   │   │   ├── compile_TopicAliasing_cwise.dir
    │   │   │   │   │   │   ├── DependInfo.cmake
    │   │   │   │   │   │   ├── build.make
    │   │   │   │   │   │   ├── cmake_clean.cmake
    │   │   │   │   │   │   ├── depend.make
    │   │   │   │   │   │   ├── flags.make
    │   │   │   │   │   │   ├── link.txt
    │   │   │   │   │   │   └── progress.make
    │   │   │   │   │   ├── compile_TopicAliasing_mult1.dir
    │   │   │   │   │   │   ├── DependInfo.cmake
    │   │   │   │   │   │   ├── build.make
    │   │   │   │   │   │   ├── cmake_clean.cmake
    │   │   │   │   │   │   ├── depend.make
    │   │   │   │   │   │   ├── flags.make
    │   │   │   │   │   │   ├── link.txt
    │   │   │   │   │   │   └── progress.make
    │   │   │   │   │   ├── compile_TopicAliasing_mult2.dir
    │   │   │   │   │   │   ├── DependInfo.cmake
    │   │   │   │   │   │   ├── build.make
    │   │   │   │   │   │   ├── cmake_clean.cmake
    │   │   │   │   │   │   ├── depend.make
    │   │   │   │   │   │   ├── flags.make
    │   │   │   │   │   │   ├── link.txt
    │   │   │   │   │   │   └── progress.make
    │   │   │   │   │   ├── compile_TopicAliasing_mult3.dir
    │   │   │   │   │   │   ├── DependInfo.cmake
    │   │   │   │   │   │   ├── build.make
    │   │   │   │   │   │   ├── cmake_clean.cmake
    │   │   │   │   │   │   ├── depend.make
    │   │   │   │   │   │   ├── flags.make
    │   │   │   │   │   │   ├── link.txt
    │   │   │   │   │   │   └── progress.make
    │   │   │   │   │   ├── compile_TopicAliasing_mult4.dir
    │   │   │   │   │   │   ├── DependInfo.cmake
    │   │   │   │   │   │   ├── build.make
    │   │   │   │   │   │   ├── cmake_clean.cmake
    │   │   │   │   │   │   ├── depend.make
    │   │   │   │   │   │   ├── flags.make
    │   │   │   │   │   │   ├── link.txt
    │   │   │   │   │   │   └── progress.make
    │   │   │   │   │   ├── compile_TopicAliasing_mult5.dir
    │   │   │   │   │   │   ├── DependInfo.cmake
    │   │   │   │   │   │   ├── build.make
    │   │   │   │   │   │   ├── cmake_clean.cmake
    │   │   │   │   │   │   ├── depend.make
    │   │   │   │   │   │   ├── flags.make
    │   │   │   │   │   │   ├── link.txt
    │   │   │   │   │   │   └── progress.make
    │   │   │   │   │   ├── compile_TopicStorageOrders_example.dir
    │   │   │   │   │   │   ├── DependInfo.cmake
    │   │   │   │   │   │   ├── build.make
    │   │   │   │   │   │   ├── cmake_clean.cmake
    │   │   │   │   │   │   ├── depend.make
    │   │   │   │   │   │   ├── flags.make
    │   │   │   │   │   │   ├── link.txt
    │   │   │   │   │   │   └── progress.make
    │   │   │   │   │   ├── compile_Triangular_solve.dir
    │   │   │   │   │   │   ├── DependInfo.cmake
    │   │   │   │   │   │   ├── build.make
    │   │   │   │   │   │   ├── cmake_clean.cmake
    │   │   │   │   │   │   ├── depend.make
    │   │   │   │   │   │   ├── flags.make
    │   │   │   │   │   │   ├── link.txt
    │   │   │   │   │   │   └── progress.make
    │   │   │   │   │   ├── compile_Tridiagonalization_Tridiagonalization_MatrixType.dir
    │   │   │   │   │   │   ├── DependInfo.cmake
    │   │   │   │   │   │   ├── build.make
    │   │   │   │   │   │   ├── cmake_clean.cmake
    │   │   │   │   │   │   ├── depend.make
    │   │   │   │   │   │   ├── flags.make
    │   │   │   │   │   │   ├── link.txt
    │   │   │   │   │   │   └── progress.make
    │   │   │   │   │   ├── compile_Tridiagonalization_compute.dir
    │   │   │   │   │   │   ├── DependInfo.cmake
    │   │   │   │   │   │   ├── build.make
    │   │   │   │   │   │   ├── cmake_clean.cmake
    │   │   │   │   │   │   ├── depend.make
    │   │   │   │   │   │   ├── flags.make
    │   │   │   │   │   │   ├── link.txt
    │   │   │   │   │   │   └── progress.make
    │   │   │   │   │   ├── compile_Tridiagonalization_decomposeInPlace.dir
    │   │   │   │   │   │   ├── DependInfo.cmake
    │   │   │   │   │   │   ├── build.make
    │   │   │   │   │   │   ├── cmake_clean.cmake
    │   │   │   │   │   │   ├── depend.make
    │   │   │   │   │   │   ├── flags.make
    │   │   │   │   │   │   ├── link.txt
    │   │   │   │   │   │   └── progress.make
    │   │   │   │   │   ├── compile_Tridiagonalization_diagonal.dir
    │   │   │   │   │   │   ├── DependInfo.cmake
    │   │   │   │   │   │   ├── build.make
    │   │   │   │   │   │   ├── cmake_clean.cmake
    │   │   │   │   │   │   ├── depend.make
    │   │   │   │   │   │   ├── flags.make
    │   │   │   │   │   │   ├── link.txt
    │   │   │   │   │   │   └── progress.make
    │   │   │   │   │   ├── compile_Tridiagonalization_householderCoefficients.dir
    │   │   │   │   │   │   ├── DependInfo.cmake
    │   │   │   │   │   │   ├── build.make
    │   │   │   │   │   │   ├── cmake_clean.cmake
    │   │   │   │   │   │   ├── depend.make
    │   │   │   │   │   │   ├── flags.make
    │   │   │   │   │   │   ├── link.txt
    │   │   │   │   │   │   └── progress.make
    │   │   │   │   │   ├── compile_Tridiagonalization_packedMatrix.dir
    │   │   │   │   │   │   ├── DependInfo.cmake
    │   │   │   │   │   │   ├── build.make
    │   │   │   │   │   │   ├── cmake_clean.cmake
    │   │   │   │   │   │   ├── depend.make
    │   │   │   │   │   │   ├── flags.make
    │   │   │   │   │   │   ├── link.txt
    │   │   │   │   │   │   └── progress.make
    │   │   │   │   │   ├── compile_Tutorial_AdvancedInitialization_Block.dir
    │   │   │   │   │   │   ├── DependInfo.cmake
    │   │   │   │   │   │   ├── build.make
    │   │   │   │   │   │   ├── cmake_clean.cmake
    │   │   │   │   │   │   ├── depend.make
    │   │   │   │   │   │   ├── flags.make
    │   │   │   │   │   │   ├── link.txt
    │   │   │   │   │   │   └── progress.make
    │   │   │   │   │   ├── compile_Tutorial_AdvancedInitialization_CommaTemporary.dir
    │   │   │   │   │   │   ├── DependInfo.cmake
    │   │   │   │   │   │   ├── build.make
    │   │   │   │   │   │   ├── cmake_clean.cmake
    │   │   │   │   │   │   ├── depend.make
    │   │   │   │   │   │   ├── flags.make
    │   │   │   │   │   │   ├── link.txt
    │   │   │   │   │   │   └── progress.make
    │   │   │   │   │   ├── compile_Tutorial_AdvancedInitialization_Join.dir
    │   │   │   │   │   │   ├── DependInfo.cmake
    │   │   │   │   │   │   ├── build.make
    │   │   │   │   │   │   ├── cmake_clean.cmake
    │   │   │   │   │   │   ├── depend.make
    │   │   │   │   │   │   ├── flags.make
    │   │   │   │   │   │   ├── link.txt
    │   │   │   │   │   │   └── progress.make
    │   │   │   │   │   ├── compile_Tutorial_AdvancedInitialization_LinSpaced.dir
    │   │   │   │   │   │   ├── DependInfo.cmake
    │   │   │   │   │   │   ├── build.make
    │   │   │   │   │   │   ├── cmake_clean.cmake
    │   │   │   │   │   │   ├── depend.make
    │   │   │   │   │   │   ├── flags.make
    │   │   │   │   │   │   ├── link.txt
    │   │   │   │   │   │   └── progress.make
    │   │   │   │   │   ├── compile_Tutorial_AdvancedInitialization_ThreeWays.dir
    │   │   │   │   │   │   ├── DependInfo.cmake
    │   │   │   │   │   │   ├── build.make
    │   │   │   │   │   │   ├── cmake_clean.cmake
    │   │   │   │   │   │   ├── depend.make
    │   │   │   │   │   │   ├── flags.make
    │   │   │   │   │   │   ├── link.txt
    │   │   │   │   │   │   └── progress.make
    │   │   │   │   │   ├── compile_Tutorial_AdvancedInitialization_Zero.dir
    │   │   │   │   │   │   ├── DependInfo.cmake
    │   │   │   │   │   │   ├── build.make
    │   │   │   │   │   │   ├── cmake_clean.cmake
    │   │   │   │   │   │   ├── depend.make
    │   │   │   │   │   │   ├── flags.make
    │   │   │   │   │   │   ├── link.txt
    │   │   │   │   │   │   └── progress.make
    │   │   │   │   │   ├── compile_Tutorial_Map_rowmajor.dir
    │   │   │   │   │   │   ├── DependInfo.cmake
    │   │   │   │   │   │   ├── build.make
    │   │   │   │   │   │   ├── cmake_clean.cmake
    │   │   │   │   │   │   ├── depend.make
    │   │   │   │   │   │   ├── flags.make
    │   │   │   │   │   │   ├── link.txt
    │   │   │   │   │   │   └── progress.make
    │   │   │   │   │   ├── compile_Tutorial_Map_using.dir
    │   │   │   │   │   │   ├── DependInfo.cmake
    │   │   │   │   │   │   ├── build.make
    │   │   │   │   │   │   ├── cmake_clean.cmake
    │   │   │   │   │   │   ├── depend.make
    │   │   │   │   │   │   ├── flags.make
    │   │   │   │   │   │   ├── link.txt
    │   │   │   │   │   │   └── progress.make
    │   │   │   │   │   ├── compile_Tutorial_ReshapeMat2Mat.dir
    │   │   │   │   │   │   ├── DependInfo.cmake
    │   │   │   │   │   │   ├── build.make
    │   │   │   │   │   │   ├── cmake_clean.cmake
    │   │   │   │   │   │   ├── depend.make
    │   │   │   │   │   │   ├── flags.make
    │   │   │   │   │   │   ├── link.txt
    │   │   │   │   │   │   └── progress.make
    │   │   │   │   │   ├── compile_Tutorial_ReshapeMat2Vec.dir
    │   │   │   │   │   │   ├── DependInfo.cmake
    │   │   │   │   │   │   ├── build.make
    │   │   │   │   │   │   ├── cmake_clean.cmake
    │   │   │   │   │   │   ├── depend.make
    │   │   │   │   │   │   ├── flags.make
    │   │   │   │   │   │   ├── link.txt
    │   │   │   │   │   │   └── progress.make
    │   │   │   │   │   ├── compile_Tutorial_SlicingCol.dir
    │   │   │   │   │   │   ├── DependInfo.cmake
    │   │   │   │   │   │   ├── build.make
    │   │   │   │   │   │   ├── cmake_clean.cmake
    │   │   │   │   │   │   ├── depend.make
    │   │   │   │   │   │   ├── flags.make
    │   │   │   │   │   │   ├── link.txt
    │   │   │   │   │   │   └── progress.make
    │   │   │   │   │   ├── compile_Tutorial_SlicingVec.dir
    │   │   │   │   │   │   ├── DependInfo.cmake
    │   │   │   │   │   │   ├── build.make
    │   │   │   │   │   │   ├── cmake_clean.cmake
    │   │   │   │   │   │   ├── depend.make
    │   │   │   │   │   │   ├── flags.make
    │   │   │   │   │   │   ├── link.txt
    │   │   │   │   │   │   └── progress.make
    │   │   │   │   │   ├── compile_Tutorial_commainit_01.dir
    │   │   │   │   │   │   ├── DependInfo.cmake
    │   │   │   │   │   │   ├── build.make
    │   │   │   │   │   │   ├── cmake_clean.cmake
    │   │   │   │   │   │   ├── depend.make
    │   │   │   │   │   │   ├── flags.make
    │   │   │   │   │   │   ├── link.txt
    │   │   │   │   │   │   └── progress.make
    │   │   │   │   │   ├── compile_Tutorial_commainit_01b.dir
    │   │   │   │   │   │   ├── DependInfo.cmake
    │   │   │   │   │   │   ├── build.make
    │   │   │   │   │   │   ├── cmake_clean.cmake
    │   │   │   │   │   │   ├── depend.make
    │   │   │   │   │   │   ├── flags.make
    │   │   │   │   │   │   ├── link.txt
    │   │   │   │   │   │   └── progress.make
    │   │   │   │   │   ├── compile_Tutorial_commainit_02.dir
    │   │   │   │   │   │   ├── DependInfo.cmake
    │   │   │   │   │   │   ├── build.make
    │   │   │   │   │   │   ├── cmake_clean.cmake
    │   │   │   │   │   │   ├── depend.make
    │   │   │   │   │   │   ├── flags.make
    │   │   │   │   │   │   ├── link.txt
    │   │   │   │   │   │   └── progress.make
    │   │   │   │   │   ├── compile_Tutorial_range_for_loop_1d_cxx11.dir
    │   │   │   │   │   │   ├── DependInfo.cmake
    │   │   │   │   │   │   ├── build.make
    │   │   │   │   │   │   ├── cmake_clean.cmake
    │   │   │   │   │   │   ├── depend.make
    │   │   │   │   │   │   ├── flags.make
    │   │   │   │   │   │   ├── link.txt
    │   │   │   │   │   │   └── progress.make
    │   │   │   │   │   ├── compile_Tutorial_range_for_loop_2d_cxx11.dir
    │   │   │   │   │   │   ├── DependInfo.cmake
    │   │   │   │   │   │   ├── build.make
    │   │   │   │   │   │   ├── cmake_clean.cmake
    │   │   │   │   │   │   ├── depend.make
    │   │   │   │   │   │   ├── flags.make
    │   │   │   │   │   │   ├── link.txt
    │   │   │   │   │   │   └── progress.make
    │   │   │   │   │   ├── compile_Tutorial_reshaped_vs_resize_1.dir
    │   │   │   │   │   │   ├── DependInfo.cmake
    │   │   │   │   │   │   ├── build.make
    │   │   │   │   │   │   ├── cmake_clean.cmake
    │   │   │   │   │   │   ├── depend.make
    │   │   │   │   │   │   ├── flags.make
    │   │   │   │   │   │   ├── link.txt
    │   │   │   │   │   │   └── progress.make
    │   │   │   │   │   ├── compile_Tutorial_reshaped_vs_resize_2.dir
    │   │   │   │   │   │   ├── DependInfo.cmake
    │   │   │   │   │   │   ├── build.make
    │   │   │   │   │   │   ├── cmake_clean.cmake
    │   │   │   │   │   │   ├── depend.make
    │   │   │   │   │   │   ├── flags.make
    │   │   │   │   │   │   ├── link.txt
    │   │   │   │   │   │   └── progress.make
    │   │   │   │   │   ├── compile_Tutorial_solve_matrix_inverse.dir
    │   │   │   │   │   │   ├── DependInfo.cmake
    │   │   │   │   │   │   ├── build.make
    │   │   │   │   │   │   ├── cmake_clean.cmake
    │   │   │   │   │   │   ├── depend.make
    │   │   │   │   │   │   ├── flags.make
    │   │   │   │   │   │   ├── link.txt
    │   │   │   │   │   │   └── progress.make
    │   │   │   │   │   ├── compile_Tutorial_solve_multiple_rhs.dir
    │   │   │   │   │   │   ├── DependInfo.cmake
    │   │   │   │   │   │   ├── build.make
    │   │   │   │   │   │   ├── cmake_clean.cmake
    │   │   │   │   │   │   ├── depend.make
    │   │   │   │   │   │   ├── flags.make
    │   │   │   │   │   │   ├── link.txt
    │   │   │   │   │   │   └── progress.make
    │   │   │   │   │   ├── compile_Tutorial_solve_reuse_decomposition.dir
    │   │   │   │   │   │   ├── DependInfo.cmake
    │   │   │   │   │   │   ├── build.make
    │   │   │   │   │   │   ├── cmake_clean.cmake
    │   │   │   │   │   │   ├── depend.make
    │   │   │   │   │   │   ├── flags.make
    │   │   │   │   │   │   ├── link.txt
    │   │   │   │   │   │   └── progress.make
    │   │   │   │   │   ├── compile_Tutorial_solve_singular.dir
    │   │   │   │   │   │   ├── DependInfo.cmake
    │   │   │   │   │   │   ├── build.make
    │   │   │   │   │   │   ├── cmake_clean.cmake
    │   │   │   │   │   │   ├── depend.make
    │   │   │   │   │   │   ├── flags.make
    │   │   │   │   │   │   ├── link.txt
    │   │   │   │   │   │   └── progress.make
    │   │   │   │   │   ├── compile_Tutorial_solve_triangular.dir
    │   │   │   │   │   │   ├── DependInfo.cmake
    │   │   │   │   │   │   ├── build.make
    │   │   │   │   │   │   ├── cmake_clean.cmake
    │   │   │   │   │   │   ├── depend.make
    │   │   │   │   │   │   ├── flags.make
    │   │   │   │   │   │   ├── link.txt
    │   │   │   │   │   │   └── progress.make
    │   │   │   │   │   ├── compile_Tutorial_solve_triangular_inplace.dir
    │   │   │   │   │   │   ├── DependInfo.cmake
    │   │   │   │   │   │   ├── build.make
    │   │   │   │   │   │   ├── cmake_clean.cmake
    │   │   │   │   │   │   ├── depend.make
    │   │   │   │   │   │   ├── flags.make
    │   │   │   │   │   │   ├── link.txt
    │   │   │   │   │   │   └── progress.make
    │   │   │   │   │   ├── compile_Tutorial_std_sort.dir
    │   │   │   │   │   │   ├── DependInfo.cmake
    │   │   │   │   │   │   ├── build.make
    │   │   │   │   │   │   ├── cmake_clean.cmake
    │   │   │   │   │   │   ├── depend.make
    │   │   │   │   │   │   ├── flags.make
    │   │   │   │   │   │   ├── link.txt
    │   │   │   │   │   │   └── progress.make
    │   │   │   │   │   ├── compile_Tutorial_std_sort_rows_cxx11.dir
    │   │   │   │   │   │   ├── DependInfo.cmake
    │   │   │   │   │   │   ├── build.make
    │   │   │   │   │   │   ├── cmake_clean.cmake
    │   │   │   │   │   │   ├── depend.make
    │   │   │   │   │   │   ├── flags.make
    │   │   │   │   │   │   ├── link.txt
    │   │   │   │   │   │   └── progress.make
    │   │   │   │   │   ├── compile_VectorwiseOp_homogeneous.dir
    │   │   │   │   │   │   ├── DependInfo.cmake
    │   │   │   │   │   │   ├── build.make
    │   │   │   │   │   │   ├── cmake_clean.cmake
    │   │   │   │   │   │   ├── depend.make
    │   │   │   │   │   │   ├── flags.make
    │   │   │   │   │   │   ├── link.txt
    │   │   │   │   │   │   └── progress.make
    │   │   │   │   │   ├── compile_Vectorwise_reverse.dir
    │   │   │   │   │   │   ├── DependInfo.cmake
    │   │   │   │   │   │   ├── build.make
    │   │   │   │   │   │   ├── cmake_clean.cmake
    │   │   │   │   │   │   ├── depend.make
    │   │   │   │   │   │   ├── flags.make
    │   │   │   │   │   │   ├── link.txt
    │   │   │   │   │   │   └── progress.make
    │   │   │   │   │   ├── compile_class_FullPivLU.dir
    │   │   │   │   │   │   ├── DependInfo.cmake
    │   │   │   │   │   │   ├── build.make
    │   │   │   │   │   │   ├── cmake_clean.cmake
    │   │   │   │   │   │   ├── depend.make
    │   │   │   │   │   │   ├── flags.make
    │   │   │   │   │   │   ├── link.txt
    │   │   │   │   │   │   └── progress.make
    │   │   │   │   │   ├── compile_tut_arithmetic_redux_minmax.dir
    │   │   │   │   │   │   ├── DependInfo.cmake
    │   │   │   │   │   │   ├── build.make
    │   │   │   │   │   │   ├── cmake_clean.cmake
    │   │   │   │   │   │   ├── depend.make
    │   │   │   │   │   │   ├── flags.make
    │   │   │   │   │   │   ├── link.txt
    │   │   │   │   │   │   └── progress.make
    │   │   │   │   │   ├── compile_tut_arithmetic_transpose_aliasing.dir
    │   │   │   │   │   │   ├── DependInfo.cmake
    │   │   │   │   │   │   ├── build.make
    │   │   │   │   │   │   ├── cmake_clean.cmake
    │   │   │   │   │   │   ├── depend.make
    │   │   │   │   │   │   ├── flags.make
    │   │   │   │   │   │   ├── link.txt
    │   │   │   │   │   │   └── progress.make
    │   │   │   │   │   ├── compile_tut_arithmetic_transpose_conjugate.dir
    │   │   │   │   │   │   ├── DependInfo.cmake
    │   │   │   │   │   │   ├── build.make
    │   │   │   │   │   │   ├── cmake_clean.cmake
    │   │   │   │   │   │   ├── depend.make
    │   │   │   │   │   │   ├── flags.make
    │   │   │   │   │   │   ├── link.txt
    │   │   │   │   │   │   └── progress.make
    │   │   │   │   │   ├── compile_tut_arithmetic_transpose_inplace.dir
    │   │   │   │   │   │   ├── DependInfo.cmake
    │   │   │   │   │   │   ├── build.make
    │   │   │   │   │   │   ├── cmake_clean.cmake
    │   │   │   │   │   │   ├── depend.make
    │   │   │   │   │   │   ├── flags.make
    │   │   │   │   │   │   ├── link.txt
    │   │   │   │   │   │   └── progress.make
    │   │   │   │   │   ├── compile_tut_matrix_assignment_resizing.dir
    │   │   │   │   │   │   ├── DependInfo.cmake
    │   │   │   │   │   │   ├── build.make
    │   │   │   │   │   │   ├── cmake_clean.cmake
    │   │   │   │   │   │   ├── depend.make
    │   │   │   │   │   │   ├── flags.make
    │   │   │   │   │   │   ├── link.txt
    │   │   │   │   │   │   └── progress.make
    │   │   │   │   │   └── progress.marks
    │   │   │   │   ├── Makefile
    │   │   │   │   ├── cmake_install.cmake
    │   │   │   │   ├── compile_AngleAxis_mimic_euler.cpp
    │   │   │   │   ├── compile_Array_initializer_list_23_cxx11.cpp
    │   │   │   │   ├── compile_Array_initializer_list_vector_cxx11.cpp
    │   │   │   │   ├── compile_Array_variadic_ctor_cxx11.cpp
    │   │   │   │   ├── compile_BiCGSTAB_simple.cpp
    │   │   │   │   ├── compile_BiCGSTAB_step_by_step.cpp
    │   │   │   │   ├── compile_ColPivHouseholderQR_solve.cpp
    │   │   │   │   ├── compile_ComplexEigenSolver_compute.cpp
    │   │   │   │   ├── compile_ComplexEigenSolver_eigenvalues.cpp
    │   │   │   │   ├── compile_ComplexEigenSolver_eigenvectors.cpp
    │   │   │   │   ├── compile_ComplexSchur_compute.cpp
    │   │   │   │   ├── compile_ComplexSchur_matrixT.cpp
    │   │   │   │   ├── compile_ComplexSchur_matrixU.cpp
    │   │   │   │   ├── compile_Cwise_abs.cpp
    │   │   │   │   ├── compile_Cwise_abs2.cpp
    │   │   │   │   ├── compile_Cwise_acos.cpp
    │   │   │   │   ├── compile_Cwise_arg.cpp
    │   │   │   │   ├── compile_Cwise_array_power_array.cpp
    │   │   │   │   ├── compile_Cwise_asin.cpp
    │   │   │   │   ├── compile_Cwise_atan.cpp
    │   │   │   │   ├── compile_Cwise_boolean_and.cpp
    │   │   │   │   ├── compile_Cwise_boolean_not.cpp
    │   │   │   │   ├── compile_Cwise_boolean_or.cpp
    │   │   │   │   ├── compile_Cwise_boolean_xor.cpp
    │   │   │   │   ├── compile_Cwise_ceil.cpp
    │   │   │   │   ├── compile_Cwise_cos.cpp
    │   │   │   │   ├── compile_Cwise_cosh.cpp
    │   │   │   │   ├── compile_Cwise_cube.cpp
    │   │   │   │   ├── compile_Cwise_equal_equal.cpp
    │   │   │   │   ├── compile_Cwise_exp.cpp
    │   │   │   │   ├── compile_Cwise_floor.cpp
    │   │   │   │   ├── compile_Cwise_greater.cpp
    │   │   │   │   ├── compile_Cwise_greater_equal.cpp
    │   │   │   │   ├── compile_Cwise_inverse.cpp
    │   │   │   │   ├── compile_Cwise_isFinite.cpp
    │   │   │   │   ├── compile_Cwise_isInf.cpp
    │   │   │   │   ├── compile_Cwise_isNaN.cpp
    │   │   │   │   ├── compile_Cwise_less.cpp
    │   │   │   │   ├── compile_Cwise_less_equal.cpp
    │   │   │   │   ├── compile_Cwise_log.cpp
    │   │   │   │   ├── compile_Cwise_log10.cpp
    │   │   │   │   ├── compile_Cwise_max.cpp
    │   │   │   │   ├── compile_Cwise_min.cpp
    │   │   │   │   ├── compile_Cwise_minus.cpp
    │   │   │   │   ├── compile_Cwise_minus_equal.cpp
    │   │   │   │   ├── compile_Cwise_not_equal.cpp
    │   │   │   │   ├── compile_Cwise_plus.cpp
    │   │   │   │   ├── compile_Cwise_plus_equal.cpp
    │   │   │   │   ├── compile_Cwise_pow.cpp
    │   │   │   │   ├── compile_Cwise_product.cpp
    │   │   │   │   ├── compile_Cwise_quotient.cpp
    │   │   │   │   ├── compile_Cwise_rint.cpp
    │   │   │   │   ├── compile_Cwise_round.cpp
    │   │   │   │   ├── compile_Cwise_scalar_power_array.cpp
    │   │   │   │   ├── compile_Cwise_sign.cpp
    │   │   │   │   ├── compile_Cwise_sin.cpp
    │   │   │   │   ├── compile_Cwise_sinh.cpp
    │   │   │   │   ├── compile_Cwise_slash_equal.cpp
    │   │   │   │   ├── compile_Cwise_sqrt.cpp
    │   │   │   │   ├── compile_Cwise_square.cpp
    │   │   │   │   ├── compile_Cwise_tan.cpp
    │   │   │   │   ├── compile_Cwise_tanh.cpp
    │   │   │   │   ├── compile_Cwise_times_equal.cpp
    │   │   │   │   ├── compile_DenseBase_LinSpaced.cpp
    │   │   │   │   ├── compile_DenseBase_LinSpacedInt.cpp
    │   │   │   │   ├── compile_DenseBase_LinSpaced_seq_deprecated.cpp
    │   │   │   │   ├── compile_DenseBase_setLinSpaced.cpp
    │   │   │   │   ├── compile_DirectionWise_hnormalized.cpp
    │   │   │   │   ├── compile_DirectionWise_replicate.cpp
    │   │   │   │   ├── compile_DirectionWise_replicate_int.cpp
    │   │   │   │   ├── compile_EigenSolver_EigenSolver_MatrixType.cpp
    │   │   │   │   ├── compile_EigenSolver_compute.cpp
    │   │   │   │   ├── compile_EigenSolver_eigenvalues.cpp
    │   │   │   │   ├── compile_EigenSolver_eigenvectors.cpp
    │   │   │   │   ├── compile_EigenSolver_pseudoEigenvectors.cpp
    │   │   │   │   ├── compile_FullPivHouseholderQR_solve.cpp
    │   │   │   │   ├── compile_FullPivLU_image.cpp
    │   │   │   │   ├── compile_FullPivLU_kernel.cpp
    │   │   │   │   ├── compile_FullPivLU_solve.cpp
    │   │   │   │   ├── compile_GeneralizedEigenSolver.cpp
    │   │   │   │   ├── compile_HessenbergDecomposition_compute.cpp
    │   │   │   │   ├── compile_HessenbergDecomposition_matrixH.cpp
    │   │   │   │   ├── compile_HessenbergDecomposition_packedMatrix.cpp
    │   │   │   │   ├── compile_HouseholderQR_householderQ.cpp
    │   │   │   │   ├── compile_HouseholderQR_solve.cpp
    │   │   │   │   ├── compile_HouseholderSequence_HouseholderSequence.cpp
    │   │   │   │   ├── compile_IOFormat.cpp
    │   │   │   │   ├── compile_JacobiSVD_basic.cpp
    │   │   │   │   ├── compile_Jacobi_makeGivens.cpp
    │   │   │   │   ├── compile_Jacobi_makeJacobi.cpp
    │   │   │   │   ├── compile_LLT_example.cpp
    │   │   │   │   ├── compile_LLT_solve.cpp
    │   │   │   │   ├── compile_LeastSquaresNormalEquations.cpp
    │   │   │   │   ├── compile_LeastSquaresQR.cpp
    │   │   │   │   ├── compile_Map_general_stride.cpp
    │   │   │   │   ├── compile_Map_inner_stride.cpp
    │   │   │   │   ├── compile_Map_outer_stride.cpp
    │   │   │   │   ├── compile_Map_placement_new.cpp
    │   │   │   │   ├── compile_Map_simple.cpp
    │   │   │   │   ├── compile_MatrixBase_adjoint.cpp
    │   │   │   │   ├── compile_MatrixBase_all.cpp
    │   │   │   │   ├── compile_MatrixBase_applyOnTheLeft.cpp
    │   │   │   │   ├── compile_MatrixBase_applyOnTheRight.cpp
    │   │   │   │   ├── compile_MatrixBase_array.cpp
    │   │   │   │   ├── compile_MatrixBase_array_const.cpp
    │   │   │   │   ├── compile_MatrixBase_asDiagonal.cpp
    │   │   │   │   ├── compile_MatrixBase_block_int_int.cpp
    │   │   │   │   ├── compile_MatrixBase_block_int_int_int_int.cpp
    │   │   │   │   ├── compile_MatrixBase_bottomLeftCorner_int_int.cpp
    │   │   │   │   ├── compile_MatrixBase_bottomRightCorner_int_int.cpp
    │   │   │   │   ├── compile_MatrixBase_bottomRows_int.cpp
    │   │   │   │   ├── compile_MatrixBase_cast.cpp
    │   │   │   │   ├── compile_MatrixBase_col.cpp
    │   │   │   │   ├── compile_MatrixBase_colwise.cpp
    │   │   │   │   ├── compile_MatrixBase_colwise_iterator_cxx11.cpp
    │   │   │   │   ├── compile_MatrixBase_computeInverseAndDetWithCheck.cpp
    │   │   │   │   ├── compile_MatrixBase_computeInverseWithCheck.cpp
    │   │   │   │   ├── compile_MatrixBase_cwiseAbs.cpp
    │   │   │   │   ├── compile_MatrixBase_cwiseAbs2.cpp
    │   │   │   │   ├── compile_MatrixBase_cwiseArg.cpp
    │   │   │   │   ├── compile_MatrixBase_cwiseEqual.cpp
    │   │   │   │   ├── compile_MatrixBase_cwiseInverse.cpp
    │   │   │   │   ├── compile_MatrixBase_cwiseMax.cpp
    │   │   │   │   ├── compile_MatrixBase_cwiseMin.cpp
    │   │   │   │   ├── compile_MatrixBase_cwiseNotEqual.cpp
    │   │   │   │   ├── compile_MatrixBase_cwiseProduct.cpp
    │   │   │   │   ├── compile_MatrixBase_cwiseQuotient.cpp
    │   │   │   │   ├── compile_MatrixBase_cwiseSign.cpp
    │   │   │   │   ├── compile_MatrixBase_cwiseSqrt.cpp
    │   │   │   │   ├── compile_MatrixBase_diagonal.cpp
    │   │   │   │   ├── compile_MatrixBase_diagonal_int.cpp
    │   │   │   │   ├── compile_MatrixBase_diagonal_template_int.cpp
    │   │   │   │   ├── compile_MatrixBase_eigenvalues.cpp
    │   │   │   │   ├── compile_MatrixBase_end_int.cpp
    │   │   │   │   ├── compile_MatrixBase_eval.cpp
    │   │   │   │   ├── compile_MatrixBase_fixedBlock_int_int.cpp
    │   │   │   │   ├── compile_MatrixBase_hnormalized.cpp
    │   │   │   │   ├── compile_MatrixBase_homogeneous.cpp
    │   │   │   │   ├── compile_MatrixBase_identity.cpp
    │   │   │   │   ├── compile_MatrixBase_identity_int_int.cpp
    │   │   │   │   ├── compile_MatrixBase_inverse.cpp
    │   │   │   │   ├── compile_MatrixBase_isDiagonal.cpp
    │   │   │   │   ├── compile_MatrixBase_isIdentity.cpp
    │   │   │   │   ├── compile_MatrixBase_isOnes.cpp
    │   │   │   │   ├── compile_MatrixBase_isOrthogonal.cpp
    │   │   │   │   ├── compile_MatrixBase_isUnitary.cpp
    │   │   │   │   ├── compile_MatrixBase_isZero.cpp
    │   │   │   │   ├── compile_MatrixBase_leftCols_int.cpp
    │   │   │   │   ├── compile_MatrixBase_noalias.cpp
    │   │   │   │   ├── compile_MatrixBase_ones.cpp
    │   │   │   │   ├── compile_MatrixBase_ones_int.cpp
    │   │   │   │   ├── compile_MatrixBase_ones_int_int.cpp
    │   │   │   │   ├── compile_MatrixBase_operatorNorm.cpp
    │   │   │   │   ├── compile_MatrixBase_prod.cpp
    │   │   │   │   ├── compile_MatrixBase_random.cpp
    │   │   │   │   ├── compile_MatrixBase_random_int.cpp
    │   │   │   │   ├── compile_MatrixBase_random_int_int.cpp
    │   │   │   │   ├── compile_MatrixBase_replicate.cpp
    │   │   │   │   ├── compile_MatrixBase_replicate_int_int.cpp
    │   │   │   │   ├── compile_MatrixBase_reshaped_auto.cpp
    │   │   │   │   ├── compile_MatrixBase_reshaped_fixed.cpp
    │   │   │   │   ├── compile_MatrixBase_reshaped_int_int.cpp
    │   │   │   │   ├── compile_MatrixBase_reshaped_to_vector.cpp
    │   │   │   │   ├── compile_MatrixBase_reverse.cpp
    │   │   │   │   ├── compile_MatrixBase_rightCols_int.cpp
    │   │   │   │   ├── compile_MatrixBase_row.cpp
    │   │   │   │   ├── compile_MatrixBase_rowwise.cpp
    │   │   │   │   ├── compile_MatrixBase_segment_int_int.cpp
    │   │   │   │   ├── compile_MatrixBase_select.cpp
    │   │   │   │   ├── compile_MatrixBase_selfadjointView.cpp
    │   │   │   │   ├── compile_MatrixBase_set.cpp
    │   │   │   │   ├── compile_MatrixBase_setIdentity.cpp
    │   │   │   │   ├── compile_MatrixBase_setOnes.cpp
    │   │   │   │   ├── compile_MatrixBase_setRandom.cpp
    │   │   │   │   ├── compile_MatrixBase_setZero.cpp
    │   │   │   │   ├── compile_MatrixBase_start_int.cpp
    │   │   │   │   ├── compile_MatrixBase_template_int_bottomRows.cpp
    │   │   │   │   ├── compile_MatrixBase_template_int_end.cpp
    │   │   │   │   ├── compile_MatrixBase_template_int_int_block_int_int_int_int.cpp
    │   │   │   │   ├── compile_MatrixBase_template_int_int_bottomLeftCorner.cpp
    │   │   │   │   ├── compile_MatrixBase_template_int_int_bottomLeftCorner_int_int.cpp
    │   │   │   │   ├── compile_MatrixBase_template_int_int_bottomRightCorner.cpp
    │   │   │   │   ├── compile_MatrixBase_template_int_int_bottomRightCorner_int_int.cpp
    │   │   │   │   ├── compile_MatrixBase_template_int_int_topLeftCorner.cpp
    │   │   │   │   ├── compile_MatrixBase_template_int_int_topLeftCorner_int_int.cpp
    │   │   │   │   ├── compile_MatrixBase_template_int_int_topRightCorner.cpp
    │   │   │   │   ├── compile_MatrixBase_template_int_int_topRightCorner_int_int.cpp
    │   │   │   │   ├── compile_MatrixBase_template_int_leftCols.cpp
    │   │   │   │   ├── compile_MatrixBase_template_int_rightCols.cpp
    │   │   │   │   ├── compile_MatrixBase_template_int_segment.cpp
    │   │   │   │   ├── compile_MatrixBase_template_int_start.cpp
    │   │   │   │   ├── compile_MatrixBase_template_int_topRows.cpp
    │   │   │   │   ├── compile_MatrixBase_topLeftCorner_int_int.cpp
    │   │   │   │   ├── compile_MatrixBase_topRightCorner_int_int.cpp
    │   │   │   │   ├── compile_MatrixBase_topRows_int.cpp
    │   │   │   │   ├── compile_MatrixBase_transpose.cpp
    │   │   │   │   ├── compile_MatrixBase_triangularView.cpp
    │   │   │   │   ├── compile_MatrixBase_zero.cpp
    │   │   │   │   ├── compile_MatrixBase_zero_int.cpp
    │   │   │   │   ├── compile_MatrixBase_zero_int_int.cpp
    │   │   │   │   ├── compile_Matrix_Map_stride.cpp
    │   │   │   │   ├── compile_Matrix_initializer_list_23_cxx11.cpp
    │   │   │   │   ├── compile_Matrix_initializer_list_vector_cxx11.cpp
    │   │   │   │   ├── compile_Matrix_resize_NoChange_int.cpp
    │   │   │   │   ├── compile_Matrix_resize_int.cpp
    │   │   │   │   ├── compile_Matrix_resize_int_NoChange.cpp
    │   │   │   │   ├── compile_Matrix_resize_int_int.cpp
    │   │   │   │   ├── compile_Matrix_setConstant_int.cpp
    │   │   │   │   ├── compile_Matrix_setConstant_int_int.cpp
    │   │   │   │   ├── compile_Matrix_setIdentity_int_int.cpp
    │   │   │   │   ├── compile_Matrix_setOnes_int.cpp
    │   │   │   │   ├── compile_Matrix_setOnes_int_int.cpp
    │   │   │   │   ├── compile_Matrix_setRandom_int.cpp
    │   │   │   │   ├── compile_Matrix_setRandom_int_int.cpp
    │   │   │   │   ├── compile_Matrix_setZero_int.cpp
    │   │   │   │   ├── compile_Matrix_setZero_int_int.cpp
    │   │   │   │   ├── compile_Matrix_variadic_ctor_cxx11.cpp
    │   │   │   │   ├── compile_PartialPivLU_solve.cpp
    │   │   │   │   ├── compile_PartialRedux_count.cpp
    │   │   │   │   ├── compile_PartialRedux_maxCoeff.cpp
    │   │   │   │   ├── compile_PartialRedux_minCoeff.cpp
    │   │   │   │   ├── compile_PartialRedux_norm.cpp
    │   │   │   │   ├── compile_PartialRedux_prod.cpp
    │   │   │   │   ├── compile_PartialRedux_squaredNorm.cpp
    │   │   │   │   ├── compile_PartialRedux_sum.cpp
    │   │   │   │   ├── compile_RealQZ_compute.cpp
    │   │   │   │   ├── compile_RealSchur_RealSchur_MatrixType.cpp
    │   │   │   │   ├── compile_RealSchur_compute.cpp
    │   │   │   │   ├── compile_SelfAdjointEigenSolver_SelfAdjointEigenSolver.cpp
    │   │   │   │   ├── compile_SelfAdjointEigenSolver_SelfAdjointEigenSolver_MatrixType.cpp
    │   │   │   │   ├── compile_SelfAdjointEigenSolver_SelfAdjointEigenSolver_MatrixType2.cpp
    │   │   │   │   ├── compile_SelfAdjointEigenSolver_compute_MatrixType.cpp
    │   │   │   │   ├── compile_SelfAdjointEigenSolver_compute_MatrixType2.cpp
    │   │   │   │   ├── compile_SelfAdjointEigenSolver_eigenvalues.cpp
    │   │   │   │   ├── compile_SelfAdjointEigenSolver_eigenvectors.cpp
    │   │   │   │   ├── compile_SelfAdjointEigenSolver_operatorInverseSqrt.cpp
    │   │   │   │   ├── compile_SelfAdjointEigenSolver_operatorSqrt.cpp
    │   │   │   │   ├── compile_SelfAdjointView_eigenvalues.cpp
    │   │   │   │   ├── compile_SelfAdjointView_operatorNorm.cpp
    │   │   │   │   ├── compile_Slicing_arrayexpr.cpp
    │   │   │   │   ├── compile_Slicing_custom_padding_cxx11.cpp
    │   │   │   │   ├── compile_Slicing_rawarray_cxx11.cpp
    │   │   │   │   ├── compile_Slicing_stdvector_cxx11.cpp
    │   │   │   │   ├── compile_SparseMatrix_coeffs.cpp
    │   │   │   │   ├── compile_TopicAliasing_block.cpp
    │   │   │   │   ├── compile_TopicAliasing_block_correct.cpp
    │   │   │   │   ├── compile_TopicAliasing_cwise.cpp
    │   │   │   │   ├── compile_TopicAliasing_mult1.cpp
    │   │   │   │   ├── compile_TopicAliasing_mult2.cpp
    │   │   │   │   ├── compile_TopicAliasing_mult3.cpp
    │   │   │   │   ├── compile_TopicAliasing_mult4.cpp
    │   │   │   │   ├── compile_TopicAliasing_mult5.cpp
    │   │   │   │   ├── compile_TopicStorageOrders_example.cpp
    │   │   │   │   ├── compile_Triangular_solve.cpp
    │   │   │   │   ├── compile_Tridiagonalization_Tridiagonalization_MatrixType.cpp
    │   │   │   │   ├── compile_Tridiagonalization_compute.cpp
    │   │   │   │   ├── compile_Tridiagonalization_decomposeInPlace.cpp
    │   │   │   │   ├── compile_Tridiagonalization_diagonal.cpp
    │   │   │   │   ├── compile_Tridiagonalization_householderCoefficients.cpp
    │   │   │   │   ├── compile_Tridiagonalization_packedMatrix.cpp
    │   │   │   │   ├── compile_Tutorial_AdvancedInitialization_Block.cpp
    │   │   │   │   ├── compile_Tutorial_AdvancedInitialization_CommaTemporary.cpp
    │   │   │   │   ├── compile_Tutorial_AdvancedInitialization_Join.cpp
    │   │   │   │   ├── compile_Tutorial_AdvancedInitialization_LinSpaced.cpp
    │   │   │   │   ├── compile_Tutorial_AdvancedInitialization_ThreeWays.cpp
    │   │   │   │   ├── compile_Tutorial_AdvancedInitialization_Zero.cpp
    │   │   │   │   ├── compile_Tutorial_Map_rowmajor.cpp
    │   │   │   │   ├── compile_Tutorial_Map_using.cpp
    │   │   │   │   ├── compile_Tutorial_ReshapeMat2Mat.cpp
    │   │   │   │   ├── compile_Tutorial_ReshapeMat2Vec.cpp
    │   │   │   │   ├── compile_Tutorial_SlicingCol.cpp
    │   │   │   │   ├── compile_Tutorial_SlicingVec.cpp
    │   │   │   │   ├── compile_Tutorial_commainit_01.cpp
    │   │   │   │   ├── compile_Tutorial_commainit_01b.cpp
    │   │   │   │   ├── compile_Tutorial_commainit_02.cpp
    │   │   │   │   ├── compile_Tutorial_range_for_loop_1d_cxx11.cpp
    │   │   │   │   ├── compile_Tutorial_range_for_loop_2d_cxx11.cpp
    │   │   │   │   ├── compile_Tutorial_reshaped_vs_resize_1.cpp
    │   │   │   │   ├── compile_Tutorial_reshaped_vs_resize_2.cpp
    │   │   │   │   ├── compile_Tutorial_solve_matrix_inverse.cpp
    │   │   │   │   ├── compile_Tutorial_solve_multiple_rhs.cpp
    │   │   │   │   ├── compile_Tutorial_solve_reuse_decomposition.cpp
    │   │   │   │   ├── compile_Tutorial_solve_singular.cpp
    │   │   │   │   ├── compile_Tutorial_solve_triangular.cpp
    │   │   │   │   ├── compile_Tutorial_solve_triangular_inplace.cpp
    │   │   │   │   ├── compile_Tutorial_std_sort.cpp
    │   │   │   │   ├── compile_Tutorial_std_sort_rows_cxx11.cpp
    │   │   │   │   ├── compile_VectorwiseOp_homogeneous.cpp
    │   │   │   │   ├── compile_Vectorwise_reverse.cpp
    │   │   │   │   ├── compile_class_FullPivLU.cpp
    │   │   │   │   ├── compile_tut_arithmetic_redux_minmax.cpp
    │   │   │   │   ├── compile_tut_arithmetic_transpose_aliasing.cpp
    │   │   │   │   ├── compile_tut_arithmetic_transpose_conjugate.cpp
    │   │   │   │   ├── compile_tut_arithmetic_transpose_inplace.cpp
    │   │   │   │   └── compile_tut_matrix_assignment_resizing.cpp
    │   │   │   ├── special_examples
    │   │   │   │   ├── CMakeFiles
    │   │   │   │   │   ├── CMakeDirectoryInformation.cmake
    │   │   │   │   │   ├── progress.marks
    │   │   │   │   │   └── random_cpp11.dir
    │   │   │   │   │       ├── DependInfo.cmake
    │   │   │   │   │       ├── build.make
    │   │   │   │   │       ├── cmake_clean.cmake
    │   │   │   │   │       ├── depend.make
    │   │   │   │   │       ├── flags.make
    │   │   │   │   │       ├── link.txt
    │   │   │   │   │       └── progress.make
    │   │   │   │   ├── Makefile
    │   │   │   │   └── cmake_install.cmake
    │   │   │   └── unsupported
    │   │   │       └── eigendoxy_layout.xml
    │   │   ├── eigen3.pc
    │   │   ├── failtest
    │   │   │   ├── CMakeFiles
    │   │   │   │   ├── CMakeDirectoryInformation.cmake
    │   │   │   │   ├── bdcsvd_int_ko.dir
    │   │   │   │   │   ├── DependInfo.cmake
    │   │   │   │   │   ├── build.make
    │   │   │   │   │   ├── cmake_clean.cmake
    │   │   │   │   │   ├── depend.make
    │   │   │   │   │   ├── flags.make
    │   │   │   │   │   ├── link.txt
    │   │   │   │   │   └── progress.make
    │   │   │   │   ├── bdcsvd_int_ok.dir
    │   │   │   │   │   ├── DependInfo.cmake
    │   │   │   │   │   ├── build.make
    │   │   │   │   │   ├── cmake_clean.cmake
    │   │   │   │   │   ├── depend.make
    │   │   │   │   │   ├── flags.make
    │   │   │   │   │   ├── link.txt
    │   │   │   │   │   └── progress.make
    │   │   │   │   ├── block_nonconst_ctor_on_const_xpr_0_ko.dir
    │   │   │   │   │   ├── DependInfo.cmake
    │   │   │   │   │   ├── build.make
    │   │   │   │   │   ├── cmake_clean.cmake
    │   │   │   │   │   ├── depend.make
    │   │   │   │   │   ├── flags.make
    │   │   │   │   │   ├── link.txt
    │   │   │   │   │   └── progress.make
    │   │   │   │   ├── block_nonconst_ctor_on_const_xpr_0_ok.dir
    │   │   │   │   │   ├── DependInfo.cmake
    │   │   │   │   │   ├── build.make
    │   │   │   │   │   ├── cmake_clean.cmake
    │   │   │   │   │   ├── depend.make
    │   │   │   │   │   ├── flags.make
    │   │   │   │   │   ├── link.txt
    │   │   │   │   │   └── progress.make
    │   │   │   │   ├── block_nonconst_ctor_on_const_xpr_1_ko.dir
    │   │   │   │   │   ├── DependInfo.cmake
    │   │   │   │   │   ├── build.make
    │   │   │   │   │   ├── cmake_clean.cmake
    │   │   │   │   │   ├── depend.make
    │   │   │   │   │   ├── flags.make
    │   │   │   │   │   ├── link.txt
    │   │   │   │   │   └── progress.make
    │   │   │   │   ├── block_nonconst_ctor_on_const_xpr_1_ok.dir
    │   │   │   │   │   ├── DependInfo.cmake
    │   │   │   │   │   ├── build.make
    │   │   │   │   │   ├── cmake_clean.cmake
    │   │   │   │   │   ├── depend.make
    │   │   │   │   │   ├── flags.make
    │   │   │   │   │   ├── link.txt
    │   │   │   │   │   └── progress.make
    │   │   │   │   ├── block_nonconst_ctor_on_const_xpr_2_ko.dir
    │   │   │   │   │   ├── DependInfo.cmake
    │   │   │   │   │   ├── build.make
    │   │   │   │   │   ├── cmake_clean.cmake
    │   │   │   │   │   ├── depend.make
    │   │   │   │   │   ├── flags.make
    │   │   │   │   │   ├── link.txt
    │   │   │   │   │   └── progress.make
    │   │   │   │   ├── block_nonconst_ctor_on_const_xpr_2_ok.dir
    │   │   │   │   │   ├── DependInfo.cmake
    │   │   │   │   │   ├── build.make
    │   │   │   │   │   ├── cmake_clean.cmake
    │   │   │   │   │   ├── depend.make
    │   │   │   │   │   ├── flags.make
    │   │   │   │   │   ├── link.txt
    │   │   │   │   │   └── progress.make
    │   │   │   │   ├── block_on_const_type_actually_const_0_ko.dir
    │   │   │   │   │   ├── DependInfo.cmake
    │   │   │   │   │   ├── build.make
    │   │   │   │   │   ├── cmake_clean.cmake
    │   │   │   │   │   ├── depend.make
    │   │   │   │   │   ├── flags.make
    │   │   │   │   │   ├── link.txt
    │   │   │   │   │   └── progress.make
    │   │   │   │   ├── block_on_const_type_actually_const_0_ok.dir
    │   │   │   │   │   ├── DependInfo.cmake
    │   │   │   │   │   ├── build.make
    │   │   │   │   │   ├── cmake_clean.cmake
    │   │   │   │   │   ├── depend.make
    │   │   │   │   │   ├── flags.make
    │   │   │   │   │   ├── link.txt
    │   │   │   │   │   └── progress.make
    │   │   │   │   ├── block_on_const_type_actually_const_1_ko.dir
    │   │   │   │   │   ├── DependInfo.cmake
    │   │   │   │   │   ├── build.make
    │   │   │   │   │   ├── cmake_clean.cmake
    │   │   │   │   │   ├── depend.make
    │   │   │   │   │   ├── flags.make
    │   │   │   │   │   ├── link.txt
    │   │   │   │   │   └── progress.make
    │   │   │   │   ├── block_on_const_type_actually_const_1_ok.dir
    │   │   │   │   │   ├── DependInfo.cmake
    │   │   │   │   │   ├── build.make
    │   │   │   │   │   ├── cmake_clean.cmake
    │   │   │   │   │   ├── depend.make
    │   │   │   │   │   ├── flags.make
    │   │   │   │   │   ├── link.txt
    │   │   │   │   │   └── progress.make
    │   │   │   │   ├── colpivqr_int_ko.dir
    │   │   │   │   │   ├── DependInfo.cmake
    │   │   │   │   │   ├── build.make
    │   │   │   │   │   ├── cmake_clean.cmake
    │   │   │   │   │   ├── depend.make
    │   │   │   │   │   ├── flags.make
    │   │   │   │   │   ├── link.txt
    │   │   │   │   │   └── progress.make
    │   │   │   │   ├── colpivqr_int_ok.dir
    │   │   │   │   │   ├── DependInfo.cmake
    │   │   │   │   │   ├── build.make
    │   │   │   │   │   ├── cmake_clean.cmake
    │   │   │   │   │   ├── depend.make
    │   │   │   │   │   ├── flags.make
    │   │   │   │   │   ├── link.txt
    │   │   │   │   │   └── progress.make
    │   │   │   │   ├── const_qualified_block_method_retval_0_ko.dir
    │   │   │   │   │   ├── DependInfo.cmake
    │   │   │   │   │   ├── build.make
    │   │   │   │   │   ├── cmake_clean.cmake
    │   │   │   │   │   ├── depend.make
    │   │   │   │   │   ├── flags.make
    │   │   │   │   │   ├── link.txt
    │   │   │   │   │   └── progress.make
    │   │   │   │   ├── const_qualified_block_method_retval_0_ok.dir
    │   │   │   │   │   ├── DependInfo.cmake
    │   │   │   │   │   ├── build.make
    │   │   │   │   │   ├── cmake_clean.cmake
    │   │   │   │   │   ├── depend.make
    │   │   │   │   │   ├── flags.make
    │   │   │   │   │   ├── link.txt
    │   │   │   │   │   └── progress.make
    │   │   │   │   ├── const_qualified_block_method_retval_1_ko.dir
    │   │   │   │   │   ├── DependInfo.cmake
    │   │   │   │   │   ├── build.make
    │   │   │   │   │   ├── cmake_clean.cmake
    │   │   │   │   │   ├── depend.make
    │   │   │   │   │   ├── flags.make
    │   │   │   │   │   ├── link.txt
    │   │   │   │   │   └── progress.make
    │   │   │   │   ├── const_qualified_block_method_retval_1_ok.dir
    │   │   │   │   │   ├── DependInfo.cmake
    │   │   │   │   │   ├── build.make
    │   │   │   │   │   ├── cmake_clean.cmake
    │   │   │   │   │   ├── depend.make
    │   │   │   │   │   ├── flags.make
    │   │   │   │   │   ├── link.txt
    │   │   │   │   │   └── progress.make
    │   │   │   │   ├── const_qualified_diagonal_method_retval_ko.dir
    │   │   │   │   │   ├── DependInfo.cmake
    │   │   │   │   │   ├── build.make
    │   │   │   │   │   ├── cmake_clean.cmake
    │   │   │   │   │   ├── depend.make
    │   │   │   │   │   ├── flags.make
    │   │   │   │   │   ├── link.txt
    │   │   │   │   │   └── progress.make
    │   │   │   │   ├── const_qualified_diagonal_method_retval_ok.dir
    │   │   │   │   │   ├── DependInfo.cmake
    │   │   │   │   │   ├── build.make
    │   │   │   │   │   ├── cmake_clean.cmake
    │   │   │   │   │   ├── depend.make
    │   │   │   │   │   ├── flags.make
    │   │   │   │   │   ├── link.txt
    │   │   │   │   │   └── progress.make
    │   │   │   │   ├── const_qualified_transpose_method_retval_ko.dir
    │   │   │   │   │   ├── DependInfo.cmake
    │   │   │   │   │   ├── build.make
    │   │   │   │   │   ├── cmake_clean.cmake
    │   │   │   │   │   ├── depend.make
    │   │   │   │   │   ├── flags.make
    │   │   │   │   │   ├── link.txt
    │   │   │   │   │   └── progress.make
    │   │   │   │   ├── const_qualified_transpose_method_retval_ok.dir
    │   │   │   │   │   ├── DependInfo.cmake
    │   │   │   │   │   ├── build.make
    │   │   │   │   │   ├── cmake_clean.cmake
    │   │   │   │   │   ├── depend.make
    │   │   │   │   │   ├── flags.make
    │   │   │   │   │   ├── link.txt
    │   │   │   │   │   └── progress.make
    │   │   │   │   ├── cwiseunaryview_nonconst_ctor_on_const_xpr_ko.dir
    │   │   │   │   │   ├── DependInfo.cmake
    │   │   │   │   │   ├── build.make
    │   │   │   │   │   ├── cmake_clean.cmake
    │   │   │   │   │   ├── depend.make
    │   │   │   │   │   ├── flags.make
    │   │   │   │   │   ├── link.txt
    │   │   │   │   │   └── progress.make
    │   │   │   │   ├── cwiseunaryview_nonconst_ctor_on_const_xpr_ok.dir
    │   │   │   │   │   ├── DependInfo.cmake
    │   │   │   │   │   ├── build.make
    │   │   │   │   │   ├── cmake_clean.cmake
    │   │   │   │   │   ├── depend.make
    │   │   │   │   │   ├── flags.make
    │   │   │   │   │   ├── link.txt
    │   │   │   │   │   └── progress.make
    │   │   │   │   ├── cwiseunaryview_on_const_type_actually_const_ko.dir
    │   │   │   │   │   ├── DependInfo.cmake
    │   │   │   │   │   ├── build.make
    │   │   │   │   │   ├── cmake_clean.cmake
    │   │   │   │   │   ├── depend.make
    │   │   │   │   │   ├── flags.make
    │   │   │   │   │   ├── link.txt
    │   │   │   │   │   └── progress.make
    │   │   │   │   ├── cwiseunaryview_on_const_type_actually_const_ok.dir
    │   │   │   │   │   ├── DependInfo.cmake
    │   │   │   │   │   ├── build.make
    │   │   │   │   │   ├── cmake_clean.cmake
    │   │   │   │   │   ├── depend.make
    │   │   │   │   │   ├── flags.make
    │   │   │   │   │   ├── link.txt
    │   │   │   │   │   └── progress.make
    │   │   │   │   ├── diagonal_nonconst_ctor_on_const_xpr_ko.dir
    │   │   │   │   │   ├── DependInfo.cmake
    │   │   │   │   │   ├── build.make
    │   │   │   │   │   ├── cmake_clean.cmake
    │   │   │   │   │   ├── depend.make
    │   │   │   │   │   ├── flags.make
    │   │   │   │   │   ├── link.txt
    │   │   │   │   │   └── progress.make
    │   │   │   │   ├── diagonal_nonconst_ctor_on_const_xpr_ok.dir
    │   │   │   │   │   ├── DependInfo.cmake
    │   │   │   │   │   ├── build.make
    │   │   │   │   │   ├── cmake_clean.cmake
    │   │   │   │   │   ├── depend.make
    │   │   │   │   │   ├── flags.make
    │   │   │   │   │   ├── link.txt
    │   │   │   │   │   └── progress.make
    │   │   │   │   ├── diagonal_on_const_type_actually_const_ko.dir
    │   │   │   │   │   ├── DependInfo.cmake
    │   │   │   │   │   ├── build.make
    │   │   │   │   │   ├── cmake_clean.cmake
    │   │   │   │   │   ├── depend.make
    │   │   │   │   │   ├── flags.make
    │   │   │   │   │   ├── link.txt
    │   │   │   │   │   └── progress.make
    │   │   │   │   ├── diagonal_on_const_type_actually_const_ok.dir
    │   │   │   │   │   ├── DependInfo.cmake
    │   │   │   │   │   ├── build.make
    │   │   │   │   │   ├── cmake_clean.cmake
    │   │   │   │   │   ├── depend.make
    │   │   │   │   │   ├── flags.make
    │   │   │   │   │   ├── link.txt
    │   │   │   │   │   └── progress.make
    │   │   │   │   ├── eigensolver_cplx_ko.dir
    │   │   │   │   │   ├── DependInfo.cmake
    │   │   │   │   │   ├── build.make
    │   │   │   │   │   ├── cmake_clean.cmake
    │   │   │   │   │   ├── depend.make
    │   │   │   │   │   ├── flags.make
    │   │   │   │   │   ├── link.txt
    │   │   │   │   │   └── progress.make
    │   │   │   │   ├── eigensolver_cplx_ok.dir
    │   │   │   │   │   ├── DependInfo.cmake
    │   │   │   │   │   ├── build.make
    │   │   │   │   │   ├── cmake_clean.cmake
    │   │   │   │   │   ├── depend.make
    │   │   │   │   │   ├── flags.make
    │   │   │   │   │   ├── link.txt
    │   │   │   │   │   └── progress.make
    │   │   │   │   ├── eigensolver_int_ko.dir
    │   │   │   │   │   ├── DependInfo.cmake
    │   │   │   │   │   ├── build.make
    │   │   │   │   │   ├── cmake_clean.cmake
    │   │   │   │   │   ├── depend.make
    │   │   │   │   │   ├── flags.make
    │   │   │   │   │   ├── link.txt
    │   │   │   │   │   └── progress.make
    │   │   │   │   ├── eigensolver_int_ok.dir
    │   │   │   │   │   ├── DependInfo.cmake
    │   │   │   │   │   ├── build.make
    │   │   │   │   │   ├── cmake_clean.cmake
    │   │   │   │   │   ├── depend.make
    │   │   │   │   │   ├── flags.make
    │   │   │   │   │   ├── link.txt
    │   │   │   │   │   └── progress.make
    │   │   │   │   ├── failtest_sanity_check_ko.dir
    │   │   │   │   │   ├── DependInfo.cmake
    │   │   │   │   │   ├── build.make
    │   │   │   │   │   ├── cmake_clean.cmake
    │   │   │   │   │   ├── depend.make
    │   │   │   │   │   ├── flags.make
    │   │   │   │   │   ├── link.txt
    │   │   │   │   │   └── progress.make
    │   │   │   │   ├── failtest_sanity_check_ok.dir
    │   │   │   │   │   ├── DependInfo.cmake
    │   │   │   │   │   ├── build.make
    │   │   │   │   │   ├── cmake_clean.cmake
    │   │   │   │   │   ├── depend.make
    │   │   │   │   │   ├── flags.make
    │   │   │   │   │   ├── link.txt
    │   │   │   │   │   └── progress.make
    │   │   │   │   ├── fullpivlu_int_ko.dir
    │   │   │   │   │   ├── DependInfo.cmake
    │   │   │   │   │   ├── build.make
    │   │   │   │   │   ├── cmake_clean.cmake
    │   │   │   │   │   ├── depend.make
    │   │   │   │   │   ├── flags.make
    │   │   │   │   │   ├── link.txt
    │   │   │   │   │   └── progress.make
    │   │   │   │   ├── fullpivlu_int_ok.dir
    │   │   │   │   │   ├── DependInfo.cmake
    │   │   │   │   │   ├── build.make
    │   │   │   │   │   ├── cmake_clean.cmake
    │   │   │   │   │   ├── depend.make
    │   │   │   │   │   ├── flags.make
    │   │   │   │   │   ├── link.txt
    │   │   │   │   │   └── progress.make
    │   │   │   │   ├── fullpivqr_int_ko.dir
    │   │   │   │   │   ├── DependInfo.cmake
    │   │   │   │   │   ├── build.make
    │   │   │   │   │   ├── cmake_clean.cmake
    │   │   │   │   │   ├── depend.make
    │   │   │   │   │   ├── flags.make
    │   │   │   │   │   ├── link.txt
    │   │   │   │   │   └── progress.make
    │   │   │   │   ├── fullpivqr_int_ok.dir
    │   │   │   │   │   ├── DependInfo.cmake
    │   │   │   │   │   ├── build.make
    │   │   │   │   │   ├── cmake_clean.cmake
    │   │   │   │   │   ├── depend.make
    │   │   │   │   │   ├── flags.make
    │   │   │   │   │   ├── link.txt
    │   │   │   │   │   └── progress.make
    │   │   │   │   ├── jacobisvd_int_ko.dir
    │   │   │   │   │   ├── DependInfo.cmake
    │   │   │   │   │   ├── build.make
    │   │   │   │   │   ├── cmake_clean.cmake
    │   │   │   │   │   ├── depend.make
    │   │   │   │   │   ├── flags.make
    │   │   │   │   │   ├── link.txt
    │   │   │   │   │   └── progress.make
    │   │   │   │   ├── jacobisvd_int_ok.dir
    │   │   │   │   │   ├── DependInfo.cmake
    │   │   │   │   │   ├── build.make
    │   │   │   │   │   ├── cmake_clean.cmake
    │   │   │   │   │   ├── depend.make
    │   │   │   │   │   ├── flags.make
    │   │   │   │   │   ├── link.txt
    │   │   │   │   │   └── progress.make
    │   │   │   │   ├── ldlt_int_ko.dir
    │   │   │   │   │   ├── DependInfo.cmake
    │   │   │   │   │   ├── build.make
    │   │   │   │   │   ├── cmake_clean.cmake
    │   │   │   │   │   ├── depend.make
    │   │   │   │   │   ├── flags.make
    │   │   │   │   │   ├── link.txt
    │   │   │   │   │   └── progress.make
    │   │   │   │   ├── ldlt_int_ok.dir
    │   │   │   │   │   ├── DependInfo.cmake
    │   │   │   │   │   ├── build.make
    │   │   │   │   │   ├── cmake_clean.cmake
    │   │   │   │   │   ├── depend.make
    │   │   │   │   │   ├── flags.make
    │   │   │   │   │   ├── link.txt
    │   │   │   │   │   └── progress.make
    │   │   │   │   ├── llt_int_ko.dir
    │   │   │   │   │   ├── DependInfo.cmake
    │   │   │   │   │   ├── build.make
    │   │   │   │   │   ├── cmake_clean.cmake
    │   │   │   │   │   ├── depend.make
    │   │   │   │   │   ├── flags.make
    │   │   │   │   │   ├── link.txt
    │   │   │   │   │   └── progress.make
    │   │   │   │   ├── llt_int_ok.dir
    │   │   │   │   │   ├── DependInfo.cmake
    │   │   │   │   │   ├── build.make
    │   │   │   │   │   ├── cmake_clean.cmake
    │   │   │   │   │   ├── depend.make
    │   │   │   │   │   ├── flags.make
    │   │   │   │   │   ├── link.txt
    │   │   │   │   │   └── progress.make
    │   │   │   │   ├── map_nonconst_ctor_on_const_ptr_0_ko.dir
    │   │   │   │   │   ├── DependInfo.cmake
    │   │   │   │   │   ├── build.make
    │   │   │   │   │   ├── cmake_clean.cmake
    │   │   │   │   │   ├── depend.make
    │   │   │   │   │   ├── flags.make
    │   │   │   │   │   ├── link.txt
    │   │   │   │   │   └── progress.make
    │   │   │   │   ├── map_nonconst_ctor_on_const_ptr_0_ok.dir
    │   │   │   │   │   ├── DependInfo.cmake
    │   │   │   │   │   ├── build.make
    │   │   │   │   │   ├── cmake_clean.cmake
    │   │   │   │   │   ├── depend.make
    │   │   │   │   │   ├── flags.make
    │   │   │   │   │   ├── link.txt
    │   │   │   │   │   └── progress.make
    │   │   │   │   ├── map_nonconst_ctor_on_const_ptr_1_ko.dir
    │   │   │   │   │   ├── DependInfo.cmake
    │   │   │   │   │   ├── build.make
    │   │   │   │   │   ├── cmake_clean.cmake
    │   │   │   │   │   ├── depend.make
    │   │   │   │   │   ├── flags.make
    │   │   │   │   │   ├── link.txt
    │   │   │   │   │   └── progress.make
    │   │   │   │   ├── map_nonconst_ctor_on_const_ptr_1_ok.dir
    │   │   │   │   │   ├── DependInfo.cmake
    │   │   │   │   │   ├── build.make
    │   │   │   │   │   ├── cmake_clean.cmake
    │   │   │   │   │   ├── depend.make
    │   │   │   │   │   ├── flags.make
    │   │   │   │   │   ├── link.txt
    │   │   │   │   │   └── progress.make
    │   │   │   │   ├── map_nonconst_ctor_on_const_ptr_2_ko.dir
    │   │   │   │   │   ├── DependInfo.cmake
    │   │   │   │   │   ├── build.make
    │   │   │   │   │   ├── cmake_clean.cmake
    │   │   │   │   │   ├── depend.make
    │   │   │   │   │   ├── flags.make
    │   │   │   │   │   ├── link.txt
    │   │   │   │   │   └── progress.make
    │   │   │   │   ├── map_nonconst_ctor_on_const_ptr_2_ok.dir
    │   │   │   │   │   ├── DependInfo.cmake
    │   │   │   │   │   ├── build.make
    │   │   │   │   │   ├── cmake_clean.cmake
    │   │   │   │   │   ├── depend.make
    │   │   │   │   │   ├── flags.make
    │   │   │   │   │   ├── link.txt
    │   │   │   │   │   └── progress.make
    │   │   │   │   ├── map_nonconst_ctor_on_const_ptr_3_ko.dir
    │   │   │   │   │   ├── DependInfo.cmake
    │   │   │   │   │   ├── build.make
    │   │   │   │   │   ├── cmake_clean.cmake
    │   │   │   │   │   ├── depend.make
    │   │   │   │   │   ├── flags.make
    │   │   │   │   │   ├── link.txt
    │   │   │   │   │   └── progress.make
    │   │   │   │   ├── map_nonconst_ctor_on_const_ptr_3_ok.dir
    │   │   │   │   │   ├── DependInfo.cmake
    │   │   │   │   │   ├── build.make
    │   │   │   │   │   ├── cmake_clean.cmake
    │   │   │   │   │   ├── depend.make
    │   │   │   │   │   ├── flags.make
    │   │   │   │   │   ├── link.txt
    │   │   │   │   │   └── progress.make
    │   │   │   │   ├── map_nonconst_ctor_on_const_ptr_4_ko.dir
    │   │   │   │   │   ├── DependInfo.cmake
    │   │   │   │   │   ├── build.make
    │   │   │   │   │   ├── cmake_clean.cmake
    │   │   │   │   │   ├── depend.make
    │   │   │   │   │   ├── flags.make
    │   │   │   │   │   ├── link.txt
    │   │   │   │   │   └── progress.make
    │   │   │   │   ├── map_nonconst_ctor_on_const_ptr_4_ok.dir
    │   │   │   │   │   ├── DependInfo.cmake
    │   │   │   │   │   ├── build.make
    │   │   │   │   │   ├── cmake_clean.cmake
    │   │   │   │   │   ├── depend.make
    │   │   │   │   │   ├── flags.make
    │   │   │   │   │   ├── link.txt
    │   │   │   │   │   └── progress.make
    │   │   │   │   ├── map_on_const_type_actually_const_0_ko.dir
    │   │   │   │   │   ├── DependInfo.cmake
    │   │   │   │   │   ├── build.make
    │   │   │   │   │   ├── cmake_clean.cmake
    │   │   │   │   │   ├── depend.make
    │   │   │   │   │   ├── flags.make
    │   │   │   │   │   ├── link.txt
    │   │   │   │   │   └── progress.make
    │   │   │   │   ├── map_on_const_type_actually_const_0_ok.dir
    │   │   │   │   │   ├── DependInfo.cmake
    │   │   │   │   │   ├── build.make
    │   │   │   │   │   ├── cmake_clean.cmake
    │   │   │   │   │   ├── depend.make
    │   │   │   │   │   ├── flags.make
    │   │   │   │   │   ├── link.txt
    │   │   │   │   │   └── progress.make
    │   │   │   │   ├── map_on_const_type_actually_const_1_ko.dir
    │   │   │   │   │   ├── DependInfo.cmake
    │   │   │   │   │   ├── build.make
    │   │   │   │   │   ├── cmake_clean.cmake
    │   │   │   │   │   ├── depend.make
    │   │   │   │   │   ├── flags.make
    │   │   │   │   │   ├── link.txt
    │   │   │   │   │   └── progress.make
    │   │   │   │   ├── map_on_const_type_actually_const_1_ok.dir
    │   │   │   │   │   ├── DependInfo.cmake
    │   │   │   │   │   ├── build.make
    │   │   │   │   │   ├── cmake_clean.cmake
    │   │   │   │   │   ├── depend.make
    │   │   │   │   │   ├── flags.make
    │   │   │   │   │   ├── link.txt
    │   │   │   │   │   └── progress.make
    │   │   │   │   ├── partialpivlu_int_ko.dir
    │   │   │   │   │   ├── DependInfo.cmake
    │   │   │   │   │   ├── build.make
    │   │   │   │   │   ├── cmake_clean.cmake
    │   │   │   │   │   ├── depend.make
    │   │   │   │   │   ├── flags.make
    │   │   │   │   │   ├── link.txt
    │   │   │   │   │   └── progress.make
    │   │   │   │   ├── partialpivlu_int_ok.dir
    │   │   │   │   │   ├── DependInfo.cmake
    │   │   │   │   │   ├── build.make
    │   │   │   │   │   ├── cmake_clean.cmake
    │   │   │   │   │   ├── depend.make
    │   │   │   │   │   ├── flags.make
    │   │   │   │   │   ├── link.txt
    │   │   │   │   │   └── progress.make
    │   │   │   │   ├── progress.marks
    │   │   │   │   ├── qr_int_ko.dir
    │   │   │   │   │   ├── DependInfo.cmake
    │   │   │   │   │   ├── build.make
    │   │   │   │   │   ├── cmake_clean.cmake
    │   │   │   │   │   ├── depend.make
    │   │   │   │   │   ├── flags.make
    │   │   │   │   │   ├── link.txt
    │   │   │   │   │   └── progress.make
    │   │   │   │   ├── qr_int_ok.dir
    │   │   │   │   │   ├── DependInfo.cmake
    │   │   │   │   │   ├── build.make
    │   │   │   │   │   ├── cmake_clean.cmake
    │   │   │   │   │   ├── depend.make
    │   │   │   │   │   ├── flags.make
    │   │   │   │   │   ├── link.txt
    │   │   │   │   │   └── progress.make
    │   │   │   │   ├── ref_1_ko.dir
    │   │   │   │   │   ├── DependInfo.cmake
    │   │   │   │   │   ├── build.make
    │   │   │   │   │   ├── cmake_clean.cmake
    │   │   │   │   │   ├── depend.make
    │   │   │   │   │   ├── flags.make
    │   │   │   │   │   ├── link.txt
    │   │   │   │   │   └── progress.make
    │   │   │   │   ├── ref_1_ok.dir
    │   │   │   │   │   ├── DependInfo.cmake
    │   │   │   │   │   ├── build.make
    │   │   │   │   │   ├── cmake_clean.cmake
    │   │   │   │   │   ├── depend.make
    │   │   │   │   │   ├── flags.make
    │   │   │   │   │   ├── link.txt
    │   │   │   │   │   └── progress.make
    │   │   │   │   ├── ref_2_ko.dir
    │   │   │   │   │   ├── DependInfo.cmake
    │   │   │   │   │   ├── build.make
    │   │   │   │   │   ├── cmake_clean.cmake
    │   │   │   │   │   ├── depend.make
    │   │   │   │   │   ├── flags.make
    │   │   │   │   │   ├── link.txt
    │   │   │   │   │   └── progress.make
    │   │   │   │   ├── ref_2_ok.dir
    │   │   │   │   │   ├── DependInfo.cmake
    │   │   │   │   │   ├── build.make
    │   │   │   │   │   ├── cmake_clean.cmake
    │   │   │   │   │   ├── depend.make
    │   │   │   │   │   ├── flags.make
    │   │   │   │   │   ├── link.txt
    │   │   │   │   │   └── progress.make
    │   │   │   │   ├── ref_3_ko.dir
    │   │   │   │   │   ├── DependInfo.cmake
    │   │   │   │   │   ├── build.make
    │   │   │   │   │   ├── cmake_clean.cmake
    │   │   │   │   │   ├── depend.make
    │   │   │   │   │   ├── flags.make
    │   │   │   │   │   ├── link.txt
    │   │   │   │   │   └── progress.make
    │   │   │   │   ├── ref_3_ok.dir
    │   │   │   │   │   ├── DependInfo.cmake
    │   │   │   │   │   ├── build.make
    │   │   │   │   │   ├── cmake_clean.cmake
    │   │   │   │   │   ├── depend.make
    │   │   │   │   │   ├── flags.make
    │   │   │   │   │   ├── link.txt
    │   │   │   │   │   └── progress.make
    │   │   │   │   ├── ref_4_ko.dir
    │   │   │   │   │   ├── DependInfo.cmake
    │   │   │   │   │   ├── build.make
    │   │   │   │   │   ├── cmake_clean.cmake
    │   │   │   │   │   ├── depend.make
    │   │   │   │   │   ├── flags.make
    │   │   │   │   │   ├── link.txt
    │   │   │   │   │   └── progress.make
    │   │   │   │   ├── ref_4_ok.dir
    │   │   │   │   │   ├── DependInfo.cmake
    │   │   │   │   │   ├── build.make
    │   │   │   │   │   ├── cmake_clean.cmake
    │   │   │   │   │   ├── depend.make
    │   │   │   │   │   ├── flags.make
    │   │   │   │   │   ├── link.txt
    │   │   │   │   │   └── progress.make
    │   │   │   │   ├── ref_5_ko.dir
    │   │   │   │   │   ├── DependInfo.cmake
    │   │   │   │   │   ├── build.make
    │   │   │   │   │   ├── cmake_clean.cmake
    │   │   │   │   │   ├── depend.make
    │   │   │   │   │   ├── flags.make
    │   │   │   │   │   ├── link.txt
    │   │   │   │   │   └── progress.make
    │   │   │   │   ├── ref_5_ok.dir
    │   │   │   │   │   ├── DependInfo.cmake
    │   │   │   │   │   ├── build.make
    │   │   │   │   │   ├── cmake_clean.cmake
    │   │   │   │   │   ├── depend.make
    │   │   │   │   │   ├── flags.make
    │   │   │   │   │   ├── link.txt
    │   │   │   │   │   └── progress.make
    │   │   │   │   ├── selfadjointview_nonconst_ctor_on_const_xpr_ko.dir
    │   │   │   │   │   ├── DependInfo.cmake
    │   │   │   │   │   ├── build.make
    │   │   │   │   │   ├── cmake_clean.cmake
    │   │   │   │   │   ├── depend.make
    │   │   │   │   │   ├── flags.make
    │   │   │   │   │   ├── link.txt
    │   │   │   │   │   └── progress.make
    │   │   │   │   ├── selfadjointview_nonconst_ctor_on_const_xpr_ok.dir
    │   │   │   │   │   ├── DependInfo.cmake
    │   │   │   │   │   ├── build.make
    │   │   │   │   │   ├── cmake_clean.cmake
    │   │   │   │   │   ├── depend.make
    │   │   │   │   │   ├── flags.make
    │   │   │   │   │   ├── link.txt
    │   │   │   │   │   └── progress.make
    │   │   │   │   ├── selfadjointview_on_const_type_actually_const_ko.dir
    │   │   │   │   │   ├── DependInfo.cmake
    │   │   │   │   │   ├── build.make
    │   │   │   │   │   ├── cmake_clean.cmake
    │   │   │   │   │   ├── depend.make
    │   │   │   │   │   ├── flags.make
    │   │   │   │   │   ├── link.txt
    │   │   │   │   │   └── progress.make
    │   │   │   │   ├── selfadjointview_on_const_type_actually_const_ok.dir
    │   │   │   │   │   ├── DependInfo.cmake
    │   │   │   │   │   ├── build.make
    │   │   │   │   │   ├── cmake_clean.cmake
    │   │   │   │   │   ├── depend.make
    │   │   │   │   │   ├── flags.make
    │   │   │   │   │   ├── link.txt
    │   │   │   │   │   └── progress.make
    │   │   │   │   ├── sparse_ref_1_ko.dir
    │   │   │   │   │   ├── DependInfo.cmake
    │   │   │   │   │   ├── build.make
    │   │   │   │   │   ├── cmake_clean.cmake
    │   │   │   │   │   ├── depend.make
    │   │   │   │   │   ├── flags.make
    │   │   │   │   │   ├── link.txt
    │   │   │   │   │   └── progress.make
    │   │   │   │   ├── sparse_ref_1_ok.dir
    │   │   │   │   │   ├── DependInfo.cmake
    │   │   │   │   │   ├── build.make
    │   │   │   │   │   ├── cmake_clean.cmake
    │   │   │   │   │   ├── depend.make
    │   │   │   │   │   ├── flags.make
    │   │   │   │   │   ├── link.txt
    │   │   │   │   │   └── progress.make
    │   │   │   │   ├── sparse_ref_2_ko.dir
    │   │   │   │   │   ├── DependInfo.cmake
    │   │   │   │   │   ├── build.make
    │   │   │   │   │   ├── cmake_clean.cmake
    │   │   │   │   │   ├── depend.make
    │   │   │   │   │   ├── flags.make
    │   │   │   │   │   ├── link.txt
    │   │   │   │   │   └── progress.make
    │   │   │   │   ├── sparse_ref_2_ok.dir
    │   │   │   │   │   ├── DependInfo.cmake
    │   │   │   │   │   ├── build.make
    │   │   │   │   │   ├── cmake_clean.cmake
    │   │   │   │   │   ├── depend.make
    │   │   │   │   │   ├── flags.make
    │   │   │   │   │   ├── link.txt
    │   │   │   │   │   └── progress.make
    │   │   │   │   ├── sparse_ref_3_ko.dir
    │   │   │   │   │   ├── DependInfo.cmake
    │   │   │   │   │   ├── build.make
    │   │   │   │   │   ├── cmake_clean.cmake
    │   │   │   │   │   ├── depend.make
    │   │   │   │   │   ├── flags.make
    │   │   │   │   │   ├── link.txt
    │   │   │   │   │   └── progress.make
    │   │   │   │   ├── sparse_ref_3_ok.dir
    │   │   │   │   │   ├── DependInfo.cmake
    │   │   │   │   │   ├── build.make
    │   │   │   │   │   ├── cmake_clean.cmake
    │   │   │   │   │   ├── depend.make
    │   │   │   │   │   ├── flags.make
    │   │   │   │   │   ├── link.txt
    │   │   │   │   │   └── progress.make
    │   │   │   │   ├── sparse_ref_4_ko.dir
    │   │   │   │   │   ├── DependInfo.cmake
    │   │   │   │   │   ├── build.make
    │   │   │   │   │   ├── cmake_clean.cmake
    │   │   │   │   │   ├── depend.make
    │   │   │   │   │   ├── flags.make
    │   │   │   │   │   ├── link.txt
    │   │   │   │   │   └── progress.make
    │   │   │   │   ├── sparse_ref_4_ok.dir
    │   │   │   │   │   ├── DependInfo.cmake
    │   │   │   │   │   ├── build.make
    │   │   │   │   │   ├── cmake_clean.cmake
    │   │   │   │   │   ├── depend.make
    │   │   │   │   │   ├── flags.make
    │   │   │   │   │   ├── link.txt
    │   │   │   │   │   └── progress.make
    │   │   │   │   ├── sparse_ref_5_ko.dir
    │   │   │   │   │   ├── DependInfo.cmake
    │   │   │   │   │   ├── build.make
    │   │   │   │   │   ├── cmake_clean.cmake
    │   │   │   │   │   ├── depend.make
    │   │   │   │   │   ├── flags.make
    │   │   │   │   │   ├── link.txt
    │   │   │   │   │   └── progress.make
    │   │   │   │   ├── sparse_ref_5_ok.dir
    │   │   │   │   │   ├── DependInfo.cmake
    │   │   │   │   │   ├── build.make
    │   │   │   │   │   ├── cmake_clean.cmake
    │   │   │   │   │   ├── depend.make
    │   │   │   │   │   ├── flags.make
    │   │   │   │   │   ├── link.txt
    │   │   │   │   │   └── progress.make
    │   │   │   │   ├── sparse_storage_mismatch_ko.dir
    │   │   │   │   │   ├── DependInfo.cmake
    │   │   │   │   │   ├── build.make
    │   │   │   │   │   ├── cmake_clean.cmake
    │   │   │   │   │   ├── depend.make
    │   │   │   │   │   ├── flags.make
    │   │   │   │   │   ├── link.txt
    │   │   │   │   │   └── progress.make
    │   │   │   │   ├── sparse_storage_mismatch_ok.dir
    │   │   │   │   │   ├── DependInfo.cmake
    │   │   │   │   │   ├── build.make
    │   │   │   │   │   ├── cmake_clean.cmake
    │   │   │   │   │   ├── depend.make
    │   │   │   │   │   ├── flags.make
    │   │   │   │   │   ├── link.txt
    │   │   │   │   │   └── progress.make
    │   │   │   │   ├── swap_1_ko.dir
    │   │   │   │   │   ├── DependInfo.cmake
    │   │   │   │   │   ├── build.make
    │   │   │   │   │   ├── cmake_clean.cmake
    │   │   │   │   │   ├── depend.make
    │   │   │   │   │   ├── flags.make
    │   │   │   │   │   ├── link.txt
    │   │   │   │   │   └── progress.make
    │   │   │   │   ├── swap_1_ok.dir
    │   │   │   │   │   ├── DependInfo.cmake
    │   │   │   │   │   ├── build.make
    │   │   │   │   │   ├── cmake_clean.cmake
    │   │   │   │   │   ├── depend.make
    │   │   │   │   │   ├── flags.make
    │   │   │   │   │   ├── link.txt
    │   │   │   │   │   └── progress.make
    │   │   │   │   ├── swap_2_ko.dir
    │   │   │   │   │   ├── DependInfo.cmake
    │   │   │   │   │   ├── build.make
    │   │   │   │   │   ├── cmake_clean.cmake
    │   │   │   │   │   ├── depend.make
    │   │   │   │   │   ├── flags.make
    │   │   │   │   │   ├── link.txt
    │   │   │   │   │   └── progress.make
    │   │   │   │   ├── swap_2_ok.dir
    │   │   │   │   │   ├── DependInfo.cmake
    │   │   │   │   │   ├── build.make
    │   │   │   │   │   ├── cmake_clean.cmake
    │   │   │   │   │   ├── depend.make
    │   │   │   │   │   ├── flags.make
    │   │   │   │   │   ├── link.txt
    │   │   │   │   │   └── progress.make
    │   │   │   │   ├── ternary_1_ko.dir
    │   │   │   │   │   ├── DependInfo.cmake
    │   │   │   │   │   ├── build.make
    │   │   │   │   │   ├── cmake_clean.cmake
    │   │   │   │   │   ├── depend.make
    │   │   │   │   │   ├── flags.make
    │   │   │   │   │   ├── link.txt
    │   │   │   │   │   └── progress.make
    │   │   │   │   ├── ternary_1_ok.dir
    │   │   │   │   │   ├── DependInfo.cmake
    │   │   │   │   │   ├── build.make
    │   │   │   │   │   ├── cmake_clean.cmake
    │   │   │   │   │   ├── depend.make
    │   │   │   │   │   ├── flags.make
    │   │   │   │   │   ├── link.txt
    │   │   │   │   │   └── progress.make
    │   │   │   │   ├── ternary_2_ko.dir
    │   │   │   │   │   ├── DependInfo.cmake
    │   │   │   │   │   ├── build.make
    │   │   │   │   │   ├── cmake_clean.cmake
    │   │   │   │   │   ├── depend.make
    │   │   │   │   │   ├── flags.make
    │   │   │   │   │   ├── link.txt
    │   │   │   │   │   └── progress.make
    │   │   │   │   ├── ternary_2_ok.dir
    │   │   │   │   │   ├── DependInfo.cmake
    │   │   │   │   │   ├── build.make
    │   │   │   │   │   ├── cmake_clean.cmake
    │   │   │   │   │   ├── depend.make
    │   │   │   │   │   ├── flags.make
    │   │   │   │   │   ├── link.txt
    │   │   │   │   │   └── progress.make
    │   │   │   │   ├── transpose_nonconst_ctor_on_const_xpr_ko.dir
    │   │   │   │   │   ├── DependInfo.cmake
    │   │   │   │   │   ├── build.make
    │   │   │   │   │   ├── cmake_clean.cmake
    │   │   │   │   │   ├── depend.make
    │   │   │   │   │   ├── flags.make
    │   │   │   │   │   ├── link.txt
    │   │   │   │   │   └── progress.make
    │   │   │   │   ├── transpose_nonconst_ctor_on_const_xpr_ok.dir
    │   │   │   │   │   ├── DependInfo.cmake
    │   │   │   │   │   ├── build.make
    │   │   │   │   │   ├── cmake_clean.cmake
    │   │   │   │   │   ├── depend.make
    │   │   │   │   │   ├── flags.make
    │   │   │   │   │   ├── link.txt
    │   │   │   │   │   └── progress.make
    │   │   │   │   ├── transpose_on_const_type_actually_const_ko.dir
    │   │   │   │   │   ├── DependInfo.cmake
    │   │   │   │   │   ├── build.make
    │   │   │   │   │   ├── cmake_clean.cmake
    │   │   │   │   │   ├── depend.make
    │   │   │   │   │   ├── flags.make
    │   │   │   │   │   ├── link.txt
    │   │   │   │   │   └── progress.make
    │   │   │   │   ├── transpose_on_const_type_actually_const_ok.dir
    │   │   │   │   │   ├── DependInfo.cmake
    │   │   │   │   │   ├── build.make
    │   │   │   │   │   ├── cmake_clean.cmake
    │   │   │   │   │   ├── depend.make
    │   │   │   │   │   ├── flags.make
    │   │   │   │   │   ├── link.txt
    │   │   │   │   │   └── progress.make
    │   │   │   │   ├── triangularview_nonconst_ctor_on_const_xpr_ko.dir
    │   │   │   │   │   ├── DependInfo.cmake
    │   │   │   │   │   ├── build.make
    │   │   │   │   │   ├── cmake_clean.cmake
    │   │   │   │   │   ├── depend.make
    │   │   │   │   │   ├── flags.make
    │   │   │   │   │   ├── link.txt
    │   │   │   │   │   └── progress.make
    │   │   │   │   ├── triangularview_nonconst_ctor_on_const_xpr_ok.dir
    │   │   │   │   │   ├── DependInfo.cmake
    │   │   │   │   │   ├── build.make
    │   │   │   │   │   ├── cmake_clean.cmake
    │   │   │   │   │   ├── depend.make
    │   │   │   │   │   ├── flags.make
    │   │   │   │   │   ├── link.txt
    │   │   │   │   │   └── progress.make
    │   │   │   │   ├── triangularview_on_const_type_actually_const_ko.dir
    │   │   │   │   │   ├── DependInfo.cmake
    │   │   │   │   │   ├── build.make
    │   │   │   │   │   ├── cmake_clean.cmake
    │   │   │   │   │   ├── depend.make
    │   │   │   │   │   ├── flags.make
    │   │   │   │   │   ├── link.txt
    │   │   │   │   │   └── progress.make
    │   │   │   │   └── triangularview_on_const_type_actually_const_ok.dir
    │   │   │   │       ├── DependInfo.cmake
    │   │   │   │       ├── build.make
    │   │   │   │       ├── cmake_clean.cmake
    │   │   │   │       ├── depend.make
    │   │   │   │       ├── flags.make
    │   │   │   │       ├── link.txt
    │   │   │   │       └── progress.make
    │   │   │   ├── CTestTestfile.cmake
    │   │   │   ├── Makefile
    │   │   │   └── cmake_install.cmake
    │   │   ├── install_manifest.txt
    │   │   ├── lapack
    │   │   │   ├── CMakeFiles
    │   │   │   │   ├── CMakeDirectoryInformation.cmake
    │   │   │   │   ├── eigen_lapack.dir
    │   │   │   │   │   ├── DependInfo.cmake
    │   │   │   │   │   ├── __
    │   │   │   │   │   │   └── blas
    │   │   │   │   │   ├── build.make
    │   │   │   │   │   ├── cmake_clean.cmake
    │   │   │   │   │   ├── depend.make
    │   │   │   │   │   ├── flags.make
    │   │   │   │   │   ├── link.txt
    │   │   │   │   │   └── progress.make
    │   │   │   │   ├── eigen_lapack_static.dir
    │   │   │   │   │   ├── DependInfo.cmake
    │   │   │   │   │   ├── __
    │   │   │   │   │   │   └── blas
    │   │   │   │   │   ├── build.make
    │   │   │   │   │   ├── cmake_clean.cmake
    │   │   │   │   │   ├── cmake_clean_target.cmake
    │   │   │   │   │   ├── depend.make
    │   │   │   │   │   ├── flags.make
    │   │   │   │   │   ├── link.txt
    │   │   │   │   │   └── progress.make
    │   │   │   │   ├── lapack.dir
    │   │   │   │   │   ├── DependInfo.cmake
    │   │   │   │   │   ├── build.make
    │   │   │   │   │   ├── cmake_clean.cmake
    │   │   │   │   │   └── progress.make
    │   │   │   │   └── progress.marks
    │   │   │   ├── CTestTestfile.cmake
    │   │   │   ├── Makefile
    │   │   │   └── cmake_install.cmake
    │   │   ├── release.sh
    │   │   ├── scripts
    │   │   │   ├── CMakeFiles
    │   │   │   │   ├── CMakeDirectoryInformation.cmake
    │   │   │   │   └── progress.marks
    │   │   │   ├── CTestTestfile.cmake
    │   │   │   ├── Makefile
    │   │   │   └── cmake_install.cmake
    │   │   ├── test
    │   │   │   ├── CMakeFiles
    │   │   │   │   ├── BuildOfficial.dir
    │   │   │   │   │   ├── DependInfo.cmake
    │   │   │   │   │   ├── build.make
    │   │   │   │   │   ├── cmake_clean.cmake
    │   │   │   │   │   └── progress.make
    │   │   │   │   ├── CMakeDirectoryInformation.cmake
    │   │   │   │   ├── CheckFortran
    │   │   │   │   │   ├── CMakeCache.txt
    │   │   │   │   │   ├── CMakeFiles
    │   │   │   │   │   │   ├── 3.16.3
    │   │   │   │   │   │   │   ├── CMakeSystem.cmake
    │   │   │   │   │   │   │   └── CompilerIdFortran
    │   │   │   │   │   │   │       ├── CMakeFortranCompilerId.F
    │   │   │   │   │   │   │       └── tmp
    │   │   │   │   │   │   ├── CMakeError.log
    │   │   │   │   │   │   ├── CMakeOutput.log
    │   │   │   │   │   │   └── cmake.check_cache
    │   │   │   │   │   └── CMakeLists.txt
    │   │   │   │   ├── adjoint.dir
    │   │   │   │   │   ├── DependInfo.cmake
    │   │   │   │   │   ├── build.make
    │   │   │   │   │   ├── cmake_clean.cmake
    │   │   │   │   │   └── progress.make
    │   │   │   │   ├── adjoint_1.dir
    │   │   │   │   │   ├── DependInfo.cmake
    │   │   │   │   │   ├── Labels.json
    │   │   │   │   │   ├── Labels.txt
    │   │   │   │   │   ├── build.make
    │   │   │   │   │   ├── cmake_clean.cmake
    │   │   │   │   │   ├── depend.make
    │   │   │   │   │   ├── flags.make
    │   │   │   │   │   ├── link.txt
    │   │   │   │   │   └── progress.make
    │   │   │   │   ├── adjoint_10.dir
    │   │   │   │   │   ├── DependInfo.cmake
    │   │   │   │   │   ├── Labels.json
    │   │   │   │   │   ├── Labels.txt
    │   │   │   │   │   ├── build.make
    │   │   │   │   │   ├── cmake_clean.cmake
    │   │   │   │   │   ├── depend.make
    │   │   │   │   │   ├── flags.make
    │   │   │   │   │   ├── link.txt
    │   │   │   │   │   └── progress.make
    │   │   │   │   ├── adjoint_11.dir
    │   │   │   │   │   ├── DependInfo.cmake
    │   │   │   │   │   ├── Labels.json
    │   │   │   │   │   ├── Labels.txt
    │   │   │   │   │   ├── build.make
    │   │   │   │   │   ├── cmake_clean.cmake
    │   │   │   │   │   ├── depend.make
    │   │   │   │   │   ├── flags.make
    │   │   │   │   │   ├── link.txt
    │   │   │   │   │   └── progress.make
    │   │   │   │   ├── adjoint_12.dir
    │   │   │   │   │   ├── DependInfo.cmake
    │   │   │   │   │   ├── Labels.json
    │   │   │   │   │   ├── Labels.txt
    │   │   │   │   │   ├── build.make
    │   │   │   │   │   ├── cmake_clean.cmake
    │   │   │   │   │   ├── depend.make
    │   │   │   │   │   ├── flags.make
    │   │   │   │   │   ├── link.txt
    │   │   │   │   │   └── progress.make
    │   │   │   │   ├── adjoint_13.dir
    │   │   │   │   │   ├── DependInfo.cmake
    │   │   │   │   │   ├── Labels.json
    │   │   │   │   │   ├── Labels.txt
    │   │   │   │   │   ├── build.make
    │   │   │   │   │   ├── cmake_clean.cmake
    │   │   │   │   │   ├── depend.make
    │   │   │   │   │   ├── flags.make
    │   │   │   │   │   ├── link.txt
    │   │   │   │   │   └── progress.make
    │   │   │   │   ├── adjoint_2.dir
    │   │   │   │   │   ├── DependInfo.cmake
    │   │   │   │   │   ├── Labels.json
    │   │   │   │   │   ├── Labels.txt
    │   │   │   │   │   ├── build.make
    │   │   │   │   │   ├── cmake_clean.cmake
    │   │   │   │   │   ├── depend.make
    │   │   │   │   │   ├── flags.make
    │   │   │   │   │   ├── link.txt
    │   │   │   │   │   └── progress.make
    │   │   │   │   ├── adjoint_3.dir
    │   │   │   │   │   ├── DependInfo.cmake
    │   │   │   │   │   ├── Labels.json
    │   │   │   │   │   ├── Labels.txt
    │   │   │   │   │   ├── build.make
    │   │   │   │   │   ├── cmake_clean.cmake
    │   │   │   │   │   ├── depend.make
    │   │   │   │   │   ├── flags.make
    │   │   │   │   │   ├── link.txt
    │   │   │   │   │   └── progress.make
    │   │   │   │   ├── adjoint_4.dir
    │   │   │   │   │   ├── DependInfo.cmake
    │   │   │   │   │   ├── Labels.json
    │   │   │   │   │   ├── Labels.txt
    │   │   │   │   │   ├── build.make
    │   │   │   │   │   ├── cmake_clean.cmake
    │   │   │   │   │   ├── depend.make
    │   │   │   │   │   ├── flags.make
    │   │   │   │   │   ├── link.txt
    │   │   │   │   │   └── progress.make
    │   │   │   │   ├── adjoint_5.dir
    │   │   │   │   │   ├── DependInfo.cmake
    │   │   │   │   │   ├── Labels.json
    │   │   │   │   │   ├── Labels.txt
    │   │   │   │   │   ├── build.make
    │   │   │   │   │   ├── cmake_clean.cmake
    │   │   │   │   │   ├── depend.make
    │   │   │   │   │   ├── flags.make
    │   │   │   │   │   ├── link.txt
    │   │   │   │   │   └── progress.make
    │   │   │   │   ├── adjoint_6.dir
    │   │   │   │   │   ├── DependInfo.cmake
    │   │   │   │   │   ├── Labels.json
    │   │   │   │   │   ├── Labels.txt
    │   │   │   │   │   ├── build.make
    │   │   │   │   │   ├── cmake_clean.cmake
    │   │   │   │   │   ├── depend.make
    │   │   │   │   │   ├── flags.make
    │   │   │   │   │   ├── link.txt
    │   │   │   │   │   └── progress.make
    │   │   │   │   ├── adjoint_7.dir
    │   │   │   │   │   ├── DependInfo.cmake
    │   │   │   │   │   ├── Labels.json
    │   │   │   │   │   ├── Labels.txt
    │   │   │   │   │   ├── build.make
    │   │   │   │   │   ├── cmake_clean.cmake
    │   │   │   │   │   ├── depend.make
    │   │   │   │   │   ├── flags.make
    │   │   │   │   │   ├── link.txt
    │   │   │   │   │   └── progress.make
    │   │   │   │   ├── adjoint_8.dir
    │   │   │   │   │   ├── DependInfo.cmake
    │   │   │   │   │   ├── Labels.json
    │   │   │   │   │   ├── Labels.txt
    │   │   │   │   │   ├── build.make
    │   │   │   │   │   ├── cmake_clean.cmake
    │   │   │   │   │   ├── depend.make
    │   │   │   │   │   ├── flags.make
    │   │   │   │   │   ├── link.txt
    │   │   │   │   │   └── progress.make
    │   │   │   │   ├── adjoint_9.dir
    │   │   │   │   │   ├── DependInfo.cmake
    │   │   │   │   │   ├── Labels.json
    │   │   │   │   │   ├── Labels.txt
    │   │   │   │   │   ├── build.make
    │   │   │   │   │   ├── cmake_clean.cmake
    │   │   │   │   │   ├── depend.make
    │   │   │   │   │   ├── flags.make
    │   │   │   │   │   ├── link.txt
    │   │   │   │   │   └── progress.make
    │   │   │   │   ├── array_cwise.dir
    │   │   │   │   │   ├── DependInfo.cmake
    │   │   │   │   │   ├── build.make
    │   │   │   │   │   ├── cmake_clean.cmake
    │   │   │   │   │   └── progress.make
    │   │   │   │   ├── array_cwise_1.dir
    │   │   │   │   │   ├── DependInfo.cmake
    │   │   │   │   │   ├── Labels.json
    │   │   │   │   │   ├── Labels.txt
    │   │   │   │   │   ├── build.make
    │   │   │   │   │   ├── cmake_clean.cmake
    │   │   │   │   │   ├── depend.make
    │   │   │   │   │   ├── flags.make
    │   │   │   │   │   ├── link.txt
    │   │   │   │   │   └── progress.make
    │   │   │   │   ├── array_cwise_2.dir
    │   │   │   │   │   ├── DependInfo.cmake
    │   │   │   │   │   ├── Labels.json
    │   │   │   │   │   ├── Labels.txt
    │   │   │   │   │   ├── build.make
    │   │   │   │   │   ├── cmake_clean.cmake
    │   │   │   │   │   ├── depend.make
    │   │   │   │   │   ├── flags.make
    │   │   │   │   │   ├── link.txt
    │   │   │   │   │   └── progress.make
    │   │   │   │   ├── array_cwise_3.dir
    │   │   │   │   │   ├── DependInfo.cmake
    │   │   │   │   │   ├── Labels.json
    │   │   │   │   │   ├── Labels.txt
    │   │   │   │   │   ├── build.make
    │   │   │   │   │   ├── cmake_clean.cmake
    │   │   │   │   │   ├── depend.make
    │   │   │   │   │   ├── flags.make
    │   │   │   │   │   ├── link.txt
    │   │   │   │   │   └── progress.make
    │   │   │   │   ├── array_cwise_4.dir
    │   │   │   │   │   ├── DependInfo.cmake
    │   │   │   │   │   ├── Labels.json
    │   │   │   │   │   ├── Labels.txt
    │   │   │   │   │   ├── build.make
    │   │   │   │   │   ├── cmake_clean.cmake
    │   │   │   │   │   ├── depend.make
    │   │   │   │   │   ├── flags.make
    │   │   │   │   │   ├── link.txt
    │   │   │   │   │   └── progress.make
    │   │   │   │   ├── array_cwise_5.dir
    │   │   │   │   │   ├── DependInfo.cmake
    │   │   │   │   │   ├── Labels.json
    │   │   │   │   │   ├── Labels.txt
    │   │   │   │   │   ├── build.make
    │   │   │   │   │   ├── cmake_clean.cmake
    │   │   │   │   │   ├── depend.make
    │   │   │   │   │   ├── flags.make
    │   │   │   │   │   ├── link.txt
    │   │   │   │   │   └── progress.make
    │   │   │   │   ├── array_cwise_6.dir
    │   │   │   │   │   ├── DependInfo.cmake
    │   │   │   │   │   ├── Labels.json
    │   │   │   │   │   ├── Labels.txt
    │   │   │   │   │   ├── build.make
    │   │   │   │   │   ├── cmake_clean.cmake
    │   │   │   │   │   ├── depend.make
    │   │   │   │   │   ├── flags.make
    │   │   │   │   │   ├── link.txt
    │   │   │   │   │   └── progress.make
    │   │   │   │   ├── array_cwise_7.dir
    │   │   │   │   │   ├── DependInfo.cmake
    │   │   │   │   │   ├── Labels.json
    │   │   │   │   │   ├── Labels.txt
    │   │   │   │   │   ├── build.make
    │   │   │   │   │   ├── cmake_clean.cmake
    │   │   │   │   │   ├── depend.make
    │   │   │   │   │   ├── flags.make
    │   │   │   │   │   ├── link.txt
    │   │   │   │   │   └── progress.make
    │   │   │   │   ├── array_cwise_8.dir
    │   │   │   │   │   ├── DependInfo.cmake
    │   │   │   │   │   ├── Labels.json
    │   │   │   │   │   ├── Labels.txt
    │   │   │   │   │   ├── build.make
    │   │   │   │   │   ├── cmake_clean.cmake
    │   │   │   │   │   ├── depend.make
    │   │   │   │   │   ├── flags.make
    │   │   │   │   │   ├── link.txt
    │   │   │   │   │   └── progress.make
    │   │   │   │   ├── array_for_matrix.dir
    │   │   │   │   │   ├── DependInfo.cmake
    │   │   │   │   │   ├── build.make
    │   │   │   │   │   ├── cmake_clean.cmake
    │   │   │   │   │   └── progress.make
    │   │   │   │   ├── array_for_matrix_1.dir
    │   │   │   │   │   ├── DependInfo.cmake
    │   │   │   │   │   ├── Labels.json
    │   │   │   │   │   ├── Labels.txt
    │   │   │   │   │   ├── build.make
    │   │   │   │   │   ├── cmake_clean.cmake
    │   │   │   │   │   ├── depend.make
    │   │   │   │   │   ├── flags.make
    │   │   │   │   │   ├── link.txt
    │   │   │   │   │   └── progress.make
    │   │   │   │   ├── array_for_matrix_2.dir
    │   │   │   │   │   ├── DependInfo.cmake
    │   │   │   │   │   ├── Labels.json
    │   │   │   │   │   ├── Labels.txt
    │   │   │   │   │   ├── build.make
    │   │   │   │   │   ├── cmake_clean.cmake
    │   │   │   │   │   ├── depend.make
    │   │   │   │   │   ├── flags.make
    │   │   │   │   │   ├── link.txt
    │   │   │   │   │   └── progress.make
    │   │   │   │   ├── array_for_matrix_3.dir
    │   │   │   │   │   ├── DependInfo.cmake
    │   │   │   │   │   ├── Labels.json
    │   │   │   │   │   ├── Labels.txt
    │   │   │   │   │   ├── build.make
    │   │   │   │   │   ├── cmake_clean.cmake
    │   │   │   │   │   ├── depend.make
    │   │   │   │   │   ├── flags.make
    │   │   │   │   │   ├── link.txt
    │   │   │   │   │   └── progress.make
    │   │   │   │   ├── array_for_matrix_4.dir
    │   │   │   │   │   ├── DependInfo.cmake
    │   │   │   │   │   ├── Labels.json
    │   │   │   │   │   ├── Labels.txt
    │   │   │   │   │   ├── build.make
    │   │   │   │   │   ├── cmake_clean.cmake
    │   │   │   │   │   ├── depend.make
    │   │   │   │   │   ├── flags.make
    │   │   │   │   │   ├── link.txt
    │   │   │   │   │   └── progress.make
    │   │   │   │   ├── array_for_matrix_5.dir
    │   │   │   │   │   ├── DependInfo.cmake
    │   │   │   │   │   ├── Labels.json
    │   │   │   │   │   ├── Labels.txt
    │   │   │   │   │   ├── build.make
    │   │   │   │   │   ├── cmake_clean.cmake
    │   │   │   │   │   ├── depend.make
    │   │   │   │   │   ├── flags.make
    │   │   │   │   │   ├── link.txt
    │   │   │   │   │   └── progress.make
    │   │   │   │   ├── array_for_matrix_6.dir
    │   │   │   │   │   ├── DependInfo.cmake
    │   │   │   │   │   ├── Labels.json
    │   │   │   │   │   ├── Labels.txt
    │   │   │   │   │   ├── build.make
    │   │   │   │   │   ├── cmake_clean.cmake
    │   │   │   │   │   ├── depend.make
    │   │   │   │   │   ├── flags.make
    │   │   │   │   │   ├── link.txt
    │   │   │   │   │   └── progress.make
    │   │   │   │   ├── array_for_matrix_7.dir
    │   │   │   │   │   ├── DependInfo.cmake
    │   │   │   │   │   ├── Labels.json
    │   │   │   │   │   ├── Labels.txt
    │   │   │   │   │   ├── build.make
    │   │   │   │   │   ├── cmake_clean.cmake
    │   │   │   │   │   ├── depend.make
    │   │   │   │   │   ├── flags.make
    │   │   │   │   │   ├── link.txt
    │   │   │   │   │   └── progress.make
    │   │   │   │   ├── array_for_matrix_8.dir
    │   │   │   │   │   ├── DependInfo.cmake
    │   │   │   │   │   ├── Labels.json
    │   │   │   │   │   ├── Labels.txt
    │   │   │   │   │   ├── build.make
    │   │   │   │   │   ├── cmake_clean.cmake
    │   │   │   │   │   ├── depend.make
    │   │   │   │   │   ├── flags.make
    │   │   │   │   │   ├── link.txt
    │   │   │   │   │   └── progress.make
    │   │   │   │   ├── array_of_string.dir
    │   │   │   │   │   ├── DependInfo.cmake
    │   │   │   │   │   ├── Labels.json
    │   │   │   │   │   ├── Labels.txt
    │   │   │   │   │   ├── build.make
    │   │   │   │   │   ├── cmake_clean.cmake
    │   │   │   │   │   ├── depend.make
    │   │   │   │   │   ├── flags.make
    │   │   │   │   │   ├── link.txt
    │   │   │   │   │   └── progress.make
    │   │   │   │   ├── array_replicate.dir
    │   │   │   │   │   ├── DependInfo.cmake
    │   │   │   │   │   ├── build.make
    │   │   │   │   │   ├── cmake_clean.cmake
    │   │   │   │   │   └── progress.make
    │   │   │   │   ├── array_replicate_1.dir
    │   │   │   │   │   ├── DependInfo.cmake
    │   │   │   │   │   ├── Labels.json
    │   │   │   │   │   ├── Labels.txt
    │   │   │   │   │   ├── build.make
    │   │   │   │   │   ├── cmake_clean.cmake
    │   │   │   │   │   ├── depend.make
    │   │   │   │   │   ├── flags.make
    │   │   │   │   │   ├── link.txt
    │   │   │   │   │   └── progress.make
    │   │   │   │   ├── array_replicate_2.dir
    │   │   │   │   │   ├── DependInfo.cmake
    │   │   │   │   │   ├── Labels.json
    │   │   │   │   │   ├── Labels.txt
    │   │   │   │   │   ├── build.make
    │   │   │   │   │   ├── cmake_clean.cmake
    │   │   │   │   │   ├── depend.make
    │   │   │   │   │   ├── flags.make
    │   │   │   │   │   ├── link.txt
    │   │   │   │   │   └── progress.make
    │   │   │   │   ├── array_replicate_3.dir
    │   │   │   │   │   ├── DependInfo.cmake
    │   │   │   │   │   ├── Labels.json
    │   │   │   │   │   ├── Labels.txt
    │   │   │   │   │   ├── build.make
    │   │   │   │   │   ├── cmake_clean.cmake
    │   │   │   │   │   ├── depend.make
    │   │   │   │   │   ├── flags.make
    │   │   │   │   │   ├── link.txt
    │   │   │   │   │   └── progress.make
    │   │   │   │   ├── array_replicate_4.dir
    │   │   │   │   │   ├── DependInfo.cmake
    │   │   │   │   │   ├── Labels.json
    │   │   │   │   │   ├── Labels.txt
    │   │   │   │   │   ├── build.make
    │   │   │   │   │   ├── cmake_clean.cmake
    │   │   │   │   │   ├── depend.make
    │   │   │   │   │   ├── flags.make
    │   │   │   │   │   ├── link.txt
    │   │   │   │   │   └── progress.make
    │   │   │   │   ├── array_replicate_5.dir
    │   │   │   │   │   ├── DependInfo.cmake
    │   │   │   │   │   ├── Labels.json
    │   │   │   │   │   ├── Labels.txt
    │   │   │   │   │   ├── build.make
    │   │   │   │   │   ├── cmake_clean.cmake
    │   │   │   │   │   ├── depend.make
    │   │   │   │   │   ├── flags.make
    │   │   │   │   │   ├── link.txt
    │   │   │   │   │   └── progress.make
    │   │   │   │   ├── array_replicate_6.dir
    │   │   │   │   │   ├── DependInfo.cmake
    │   │   │   │   │   ├── Labels.json
    │   │   │   │   │   ├── Labels.txt
    │   │   │   │   │   ├── build.make
    │   │   │   │   │   ├── cmake_clean.cmake
    │   │   │   │   │   ├── depend.make
    │   │   │   │   │   ├── flags.make
    │   │   │   │   │   ├── link.txt
    │   │   │   │   │   └── progress.make
    │   │   │   │   ├── array_reverse.dir
    │   │   │   │   │   ├── DependInfo.cmake
    │   │   │   │   │   ├── build.make
    │   │   │   │   │   ├── cmake_clean.cmake
    │   │   │   │   │   └── progress.make
    │   │   │   │   ├── array_reverse_1.dir
    │   │   │   │   │   ├── DependInfo.cmake
    │   │   │   │   │   ├── Labels.json
    │   │   │   │   │   ├── Labels.txt
    │   │   │   │   │   ├── build.make
    │   │   │   │   │   ├── cmake_clean.cmake
    │   │   │   │   │   ├── depend.make
    │   │   │   │   │   ├── flags.make
    │   │   │   │   │   ├── link.txt
    │   │   │   │   │   └── progress.make
    │   │   │   │   ├── array_reverse_2.dir
    │   │   │   │   │   ├── DependInfo.cmake
    │   │   │   │   │   ├── Labels.json
    │   │   │   │   │   ├── Labels.txt
    │   │   │   │   │   ├── build.make
    │   │   │   │   │   ├── cmake_clean.cmake
    │   │   │   │   │   ├── depend.make
    │   │   │   │   │   ├── flags.make
    │   │   │   │   │   ├── link.txt
    │   │   │   │   │   └── progress.make
    │   │   │   │   ├── array_reverse_3.dir
    │   │   │   │   │   ├── DependInfo.cmake
    │   │   │   │   │   ├── Labels.json
    │   │   │   │   │   ├── Labels.txt
    │   │   │   │   │   ├── build.make
    │   │   │   │   │   ├── cmake_clean.cmake
    │   │   │   │   │   ├── depend.make
    │   │   │   │   │   ├── flags.make
    │   │   │   │   │   ├── link.txt
    │   │   │   │   │   └── progress.make
    │   │   │   │   ├── array_reverse_4.dir
    │   │   │   │   │   ├── DependInfo.cmake
    │   │   │   │   │   ├── Labels.json
    │   │   │   │   │   ├── Labels.txt
    │   │   │   │   │   ├── build.make
    │   │   │   │   │   ├── cmake_clean.cmake
    │   │   │   │   │   ├── depend.make
    │   │   │   │   │   ├── flags.make
    │   │   │   │   │   ├── link.txt
    │   │   │   │   │   └── progress.make
    │   │   │   │   ├── array_reverse_5.dir
    │   │   │   │   │   ├── DependInfo.cmake
    │   │   │   │   │   ├── Labels.json
    │   │   │   │   │   ├── Labels.txt
    │   │   │   │   │   ├── build.make
    │   │   │   │   │   ├── cmake_clean.cmake
    │   │   │   │   │   ├── depend.make
    │   │   │   │   │   ├── flags.make
    │   │   │   │   │   ├── link.txt
    │   │   │   │   │   └── progress.make
    │   │   │   │   ├── array_reverse_6.dir
    │   │   │   │   │   ├── DependInfo.cmake
    │   │   │   │   │   ├── Labels.json
    │   │   │   │   │   ├── Labels.txt
    │   │   │   │   │   ├── build.make
    │   │   │   │   │   ├── cmake_clean.cmake
    │   │   │   │   │   ├── depend.make
    │   │   │   │   │   ├── flags.make
    │   │   │   │   │   ├── link.txt
    │   │   │   │   │   └── progress.make
    │   │   │   │   ├── array_reverse_7.dir
    │   │   │   │   │   ├── DependInfo.cmake
    │   │   │   │   │   ├── Labels.json
    │   │   │   │   │   ├── Labels.txt
    │   │   │   │   │   ├── build.make
    │   │   │   │   │   ├── cmake_clean.cmake
    │   │   │   │   │   ├── depend.make
    │   │   │   │   │   ├── flags.make
    │   │   │   │   │   ├── link.txt
    │   │   │   │   │   └── progress.make
    │   │   │   │   ├── array_reverse_8.dir
    │   │   │   │   │   ├── DependInfo.cmake
    │   │   │   │   │   ├── Labels.json
    │   │   │   │   │   ├── Labels.txt
    │   │   │   │   │   ├── build.make
    │   │   │   │   │   ├── cmake_clean.cmake
    │   │   │   │   │   ├── depend.make
    │   │   │   │   │   ├── flags.make
    │   │   │   │   │   ├── link.txt
    │   │   │   │   │   └── progress.make
    │   │   │   │   ├── array_reverse_9.dir
    │   │   │   │   │   ├── DependInfo.cmake
    │   │   │   │   │   ├── Labels.json
    │   │   │   │   │   ├── Labels.txt
    │   │   │   │   │   ├── build.make
    │   │   │   │   │   ├── cmake_clean.cmake
    │   │   │   │   │   ├── depend.make
    │   │   │   │   │   ├── flags.make
    │   │   │   │   │   ├── link.txt
    │   │   │   │   │   └── progress.make
    │   │   │   │   ├── bandmatrix.dir
    │   │   │   │   │   ├── DependInfo.cmake
    │   │   │   │   │   ├── Labels.json
    │   │   │   │   │   ├── Labels.txt
    │   │   │   │   │   ├── build.make
    │   │   │   │   │   ├── cmake_clean.cmake
    │   │   │   │   │   ├── depend.make
    │   │   │   │   │   ├── flags.make
    │   │   │   │   │   ├── link.txt
    │   │   │   │   │   └── progress.make
    │   │   │   │   ├── basicstuff.dir
    │   │   │   │   │   ├── DependInfo.cmake
    │   │   │   │   │   ├── build.make
    │   │   │   │   │   ├── cmake_clean.cmake
    │   │   │   │   │   └── progress.make
    │   │   │   │   ├── basicstuff_1.dir
    │   │   │   │   │   ├── DependInfo.cmake
    │   │   │   │   │   ├── Labels.json
    │   │   │   │   │   ├── Labels.txt
    │   │   │   │   │   ├── build.make
    │   │   │   │   │   ├── cmake_clean.cmake
    │   │   │   │   │   ├── depend.make
    │   │   │   │   │   ├── flags.make
    │   │   │   │   │   ├── link.txt
    │   │   │   │   │   └── progress.make
    │   │   │   │   ├── basicstuff_2.dir
    │   │   │   │   │   ├── DependInfo.cmake
    │   │   │   │   │   ├── Labels.json
    │   │   │   │   │   ├── Labels.txt
    │   │   │   │   │   ├── build.make
    │   │   │   │   │   ├── cmake_clean.cmake
    │   │   │   │   │   ├── depend.make
    │   │   │   │   │   ├── flags.make
    │   │   │   │   │   ├── link.txt
    │   │   │   │   │   └── progress.make
    │   │   │   │   ├── basicstuff_3.dir
    │   │   │   │   │   ├── DependInfo.cmake
    │   │   │   │   │   ├── Labels.json
    │   │   │   │   │   ├── Labels.txt
    │   │   │   │   │   ├── build.make
    │   │   │   │   │   ├── cmake_clean.cmake
    │   │   │   │   │   ├── depend.make
    │   │   │   │   │   ├── flags.make
    │   │   │   │   │   ├── link.txt
    │   │   │   │   │   └── progress.make
    │   │   │   │   ├── basicstuff_4.dir
    │   │   │   │   │   ├── DependInfo.cmake
    │   │   │   │   │   ├── Labels.json
    │   │   │   │   │   ├── Labels.txt
    │   │   │   │   │   ├── build.make
    │   │   │   │   │   ├── cmake_clean.cmake
    │   │   │   │   │   ├── depend.make
    │   │   │   │   │   ├── flags.make
    │   │   │   │   │   ├── link.txt
    │   │   │   │   │   └── progress.make
    │   │   │   │   ├── basicstuff_5.dir
    │   │   │   │   │   ├── DependInfo.cmake
    │   │   │   │   │   ├── Labels.json
    │   │   │   │   │   ├── Labels.txt
    │   │   │   │   │   ├── build.make
    │   │   │   │   │   ├── cmake_clean.cmake
    │   │   │   │   │   ├── depend.make
    │   │   │   │   │   ├── flags.make
    │   │   │   │   │   ├── link.txt
    │   │   │   │   │   └── progress.make
    │   │   │   │   ├── basicstuff_6.dir
    │   │   │   │   │   ├── DependInfo.cmake
    │   │   │   │   │   ├── Labels.json
    │   │   │   │   │   ├── Labels.txt
    │   │   │   │   │   ├── build.make
    │   │   │   │   │   ├── cmake_clean.cmake
    │   │   │   │   │   ├── depend.make
    │   │   │   │   │   ├── flags.make
    │   │   │   │   │   ├── link.txt
    │   │   │   │   │   └── progress.make
    │   │   │   │   ├── basicstuff_7.dir
    │   │   │   │   │   ├── DependInfo.cmake
    │   │   │   │   │   ├── Labels.json
    │   │   │   │   │   ├── Labels.txt
    │   │   │   │   │   ├── build.make
    │   │   │   │   │   ├── cmake_clean.cmake
    │   │   │   │   │   ├── depend.make
    │   │   │   │   │   ├── flags.make
    │   │   │   │   │   ├── link.txt
    │   │   │   │   │   └── progress.make
    │   │   │   │   ├── basicstuff_8.dir
    │   │   │   │   │   ├── DependInfo.cmake
    │   │   │   │   │   ├── Labels.json
    │   │   │   │   │   ├── Labels.txt
    │   │   │   │   │   ├── build.make
    │   │   │   │   │   ├── cmake_clean.cmake
    │   │   │   │   │   ├── depend.make
    │   │   │   │   │   ├── flags.make
    │   │   │   │   │   ├── link.txt
    │   │   │   │   │   └── progress.make
    │   │   │   │   ├── bdcsvd.dir
    │   │   │   │   │   ├── DependInfo.cmake
    │   │   │   │   │   ├── build.make
    │   │   │   │   │   ├── cmake_clean.cmake
    │   │   │   │   │   └── progress.make
    │   │   │   │   ├── bdcsvd_1.dir
    │   │   │   │   │   ├── DependInfo.cmake
    │   │   │   │   │   ├── Labels.json
    │   │   │   │   │   ├── Labels.txt
    │   │   │   │   │   ├── build.make
    │   │   │   │   │   ├── cmake_clean.cmake
    │   │   │   │   │   ├── depend.make
    │   │   │   │   │   ├── flags.make
    │   │   │   │   │   ├── link.txt
    │   │   │   │   │   └── progress.make
    │   │   │   │   ├── bdcsvd_10.dir
    │   │   │   │   │   ├── DependInfo.cmake
    │   │   │   │   │   ├── Labels.json
    │   │   │   │   │   ├── Labels.txt
    │   │   │   │   │   ├── build.make
    │   │   │   │   │   ├── cmake_clean.cmake
    │   │   │   │   │   ├── depend.make
    │   │   │   │   │   ├── flags.make
    │   │   │   │   │   ├── link.txt
    │   │   │   │   │   └── progress.make
    │   │   │   │   ├── bdcsvd_101.dir
    │   │   │   │   │   ├── DependInfo.cmake
    │   │   │   │   │   ├── Labels.json
    │   │   │   │   │   ├── Labels.txt
    │   │   │   │   │   ├── build.make
    │   │   │   │   │   ├── cmake_clean.cmake
    │   │   │   │   │   ├── depend.make
    │   │   │   │   │   ├── flags.make
    │   │   │   │   │   ├── link.txt
    │   │   │   │   │   └── progress.make
    │   │   │   │   ├── bdcsvd_102.dir
    │   │   │   │   │   ├── DependInfo.cmake
    │   │   │   │   │   ├── Labels.json
    │   │   │   │   │   ├── Labels.txt
    │   │   │   │   │   ├── build.make
    │   │   │   │   │   ├── cmake_clean.cmake
    │   │   │   │   │   ├── depend.make
    │   │   │   │   │   ├── flags.make
    │   │   │   │   │   ├── link.txt
    │   │   │   │   │   └── progress.make
    │   │   │   │   ├── bdcsvd_2.dir
    │   │   │   │   │   ├── DependInfo.cmake
    │   │   │   │   │   ├── Labels.json
    │   │   │   │   │   ├── Labels.txt
    │   │   │   │   │   ├── build.make
    │   │   │   │   │   ├── cmake_clean.cmake
    │   │   │   │   │   ├── depend.make
    │   │   │   │   │   ├── flags.make
    │   │   │   │   │   ├── link.txt
    │   │   │   │   │   └── progress.make
    │   │   │   │   ├── bdcsvd_3.dir
    │   │   │   │   │   ├── DependInfo.cmake
    │   │   │   │   │   ├── Labels.json
    │   │   │   │   │   ├── Labels.txt
    │   │   │   │   │   ├── build.make
    │   │   │   │   │   ├── cmake_clean.cmake
    │   │   │   │   │   ├── depend.make
    │   │   │   │   │   ├── flags.make
    │   │   │   │   │   ├── link.txt
    │   │   │   │   │   └── progress.make
    │   │   │   │   ├── bdcsvd_4.dir
    │   │   │   │   │   ├── DependInfo.cmake
    │   │   │   │   │   ├── Labels.json
    │   │   │   │   │   ├── Labels.txt
    │   │   │   │   │   ├── build.make
    │   │   │   │   │   ├── cmake_clean.cmake
    │   │   │   │   │   ├── depend.make
    │   │   │   │   │   ├── flags.make
    │   │   │   │   │   ├── link.txt
    │   │   │   │   │   └── progress.make
    │   │   │   │   ├── bdcsvd_5.dir
    │   │   │   │   │   ├── DependInfo.cmake
    │   │   │   │   │   ├── Labels.json
    │   │   │   │   │   ├── Labels.txt
    │   │   │   │   │   ├── build.make
    │   │   │   │   │   ├── cmake_clean.cmake
    │   │   │   │   │   ├── depend.make
    │   │   │   │   │   ├── flags.make
    │   │   │   │   │   ├── link.txt
    │   │   │   │   │   └── progress.make
    │   │   │   │   ├── bdcsvd_6.dir
    │   │   │   │   │   ├── DependInfo.cmake
    │   │   │   │   │   ├── Labels.json
    │   │   │   │   │   ├── Labels.txt
    │   │   │   │   │   ├── build.make
    │   │   │   │   │   ├── cmake_clean.cmake
    │   │   │   │   │   ├── depend.make
    │   │   │   │   │   ├── flags.make
    │   │   │   │   │   ├── link.txt
    │   │   │   │   │   └── progress.make
    │   │   │   │   ├── bdcsvd_7.dir
    │   │   │   │   │   ├── DependInfo.cmake
    │   │   │   │   │   ├── Labels.json
    │   │   │   │   │   ├── Labels.txt
    │   │   │   │   │   ├── build.make
    │   │   │   │   │   ├── cmake_clean.cmake
    │   │   │   │   │   ├── depend.make
    │   │   │   │   │   ├── flags.make
    │   │   │   │   │   ├── link.txt
    │   │   │   │   │   └── progress.make
    │   │   │   │   ├── bdcsvd_8.dir
    │   │   │   │   │   ├── DependInfo.cmake
    │   │   │   │   │   ├── Labels.json
    │   │   │   │   │   ├── Labels.txt
    │   │   │   │   │   ├── build.make
    │   │   │   │   │   ├── cmake_clean.cmake
    │   │   │   │   │   ├── depend.make
    │   │   │   │   │   ├── flags.make
    │   │   │   │   │   ├── link.txt
    │   │   │   │   │   └── progress.make
    │   │   │   │   ├── bdcsvd_9.dir
    │   │   │   │   │   ├── DependInfo.cmake
    │   │   │   │   │   ├── Labels.json
    │   │   │   │   │   ├── Labels.txt
    │   │   │   │   │   ├── build.make
    │   │   │   │   │   ├── cmake_clean.cmake
    │   │   │   │   │   ├── depend.make
    │   │   │   │   │   ├── flags.make
    │   │   │   │   │   ├── link.txt
    │   │   │   │   │   └── progress.make
    │   │   │   │   ├── bfloat16_float.dir
    │   │   │   │   │   ├── DependInfo.cmake
    │   │   │   │   │   ├── Labels.json
    │   │   │   │   │   ├── Labels.txt
    │   │   │   │   │   ├── build.make
    │   │   │   │   │   ├── cmake_clean.cmake
    │   │   │   │   │   ├── depend.make
    │   │   │   │   │   ├── flags.make
    │   │   │   │   │   ├── link.txt
    │   │   │   │   │   └── progress.make
    │   │   │   │   ├── bicgstab.dir
    │   │   │   │   │   ├── DependInfo.cmake
    │   │   │   │   │   ├── build.make
    │   │   │   │   │   ├── cmake_clean.cmake
    │   │   │   │   │   └── progress.make
    │   │   │   │   ├── bicgstab_1.dir
    │   │   │   │   │   ├── DependInfo.cmake
    │   │   │   │   │   ├── Labels.json
    │   │   │   │   │   ├── Labels.txt
    │   │   │   │   │   ├── build.make
    │   │   │   │   │   ├── cmake_clean.cmake
    │   │   │   │   │   ├── depend.make
    │   │   │   │   │   ├── flags.make
    │   │   │   │   │   ├── link.txt
    │   │   │   │   │   └── progress.make
    │   │   │   │   ├── bicgstab_2.dir
    │   │   │   │   │   ├── DependInfo.cmake
    │   │   │   │   │   ├── Labels.json
    │   │   │   │   │   ├── Labels.txt
    │   │   │   │   │   ├── build.make
    │   │   │   │   │   ├── cmake_clean.cmake
    │   │   │   │   │   ├── depend.make
    │   │   │   │   │   ├── flags.make
    │   │   │   │   │   ├── link.txt
    │   │   │   │   │   └── progress.make
    │   │   │   │   ├── bicgstab_3.dir
    │   │   │   │   │   ├── DependInfo.cmake
    │   │   │   │   │   ├── Labels.json
    │   │   │   │   │   ├── Labels.txt
    │   │   │   │   │   ├── build.make
    │   │   │   │   │   ├── cmake_clean.cmake
    │   │   │   │   │   ├── depend.make
    │   │   │   │   │   ├── flags.make
    │   │   │   │   │   ├── link.txt
    │   │   │   │   │   └── progress.make
    │   │   │   │   ├── blasutil.dir
    │   │   │   │   │   ├── DependInfo.cmake
    │   │   │   │   │   ├── build.make
    │   │   │   │   │   ├── cmake_clean.cmake
    │   │   │   │   │   └── progress.make
    │   │   │   │   ├── blasutil_1.dir
    │   │   │   │   │   ├── DependInfo.cmake
    │   │   │   │   │   ├── Labels.json
    │   │   │   │   │   ├── Labels.txt
    │   │   │   │   │   ├── build.make
    │   │   │   │   │   ├── cmake_clean.cmake
    │   │   │   │   │   ├── depend.make
    │   │   │   │   │   ├── flags.make
    │   │   │   │   │   ├── link.txt
    │   │   │   │   │   └── progress.make
    │   │   │   │   ├── blasutil_2.dir
    │   │   │   │   │   ├── DependInfo.cmake
    │   │   │   │   │   ├── Labels.json
    │   │   │   │   │   ├── Labels.txt
    │   │   │   │   │   ├── build.make
    │   │   │   │   │   ├── cmake_clean.cmake
    │   │   │   │   │   ├── depend.make
    │   │   │   │   │   ├── flags.make
    │   │   │   │   │   ├── link.txt
    │   │   │   │   │   └── progress.make
    │   │   │   │   ├── blasutil_3.dir
    │   │   │   │   │   ├── DependInfo.cmake
    │   │   │   │   │   ├── Labels.json
    │   │   │   │   │   ├── Labels.txt
    │   │   │   │   │   ├── build.make
    │   │   │   │   │   ├── cmake_clean.cmake
    │   │   │   │   │   ├── depend.make
    │   │   │   │   │   ├── flags.make
    │   │   │   │   │   ├── link.txt
    │   │   │   │   │   └── progress.make
    │   │   │   │   ├── blasutil_4.dir
    │   │   │   │   │   ├── DependInfo.cmake
    │   │   │   │   │   ├── Labels.json
    │   │   │   │   │   ├── Labels.txt
    │   │   │   │   │   ├── build.make
    │   │   │   │   │   ├── cmake_clean.cmake
    │   │   │   │   │   ├── depend.make
    │   │   │   │   │   ├── flags.make
    │   │   │   │   │   ├── link.txt
    │   │   │   │   │   └── progress.make
    │   │   │   │   ├── blasutil_5.dir
    │   │   │   │   │   ├── DependInfo.cmake
    │   │   │   │   │   ├── Labels.json
    │   │   │   │   │   ├── Labels.txt
    │   │   │   │   │   ├── build.make
    │   │   │   │   │   ├── cmake_clean.cmake
    │   │   │   │   │   ├── depend.make
    │   │   │   │   │   ├── flags.make
    │   │   │   │   │   ├── link.txt
    │   │   │   │   │   └── progress.make
    │   │   │   │   ├── blasutil_6.dir
    │   │   │   │   │   ├── DependInfo.cmake
    │   │   │   │   │   ├── Labels.json
    │   │   │   │   │   ├── Labels.txt
    │   │   │   │   │   ├── build.make
    │   │   │   │   │   ├── cmake_clean.cmake
    │   │   │   │   │   ├── depend.make
    │   │   │   │   │   ├── flags.make
    │   │   │   │   │   ├── link.txt
    │   │   │   │   │   └── progress.make
    │   │   │   │   ├── blasutil_7.dir
    │   │   │   │   │   ├── DependInfo.cmake
    │   │   │   │   │   ├── Labels.json
    │   │   │   │   │   ├── Labels.txt
    │   │   │   │   │   ├── build.make
    │   │   │   │   │   ├── cmake_clean.cmake
    │   │   │   │   │   ├── depend.make
    │   │   │   │   │   ├── flags.make
    │   │   │   │   │   ├── link.txt
    │   │   │   │   │   └── progress.make
    │   │   │   │   ├── blasutil_8.dir
    │   │   │   │   │   ├── DependInfo.cmake
    │   │   │   │   │   ├── Labels.json
    │   │   │   │   │   ├── Labels.txt
    │   │   │   │   │   ├── build.make
    │   │   │   │   │   ├── cmake_clean.cmake
    │   │   │   │   │   ├── depend.make
    │   │   │   │   │   ├── flags.make
    │   │   │   │   │   ├── link.txt
    │   │   │   │   │   └── progress.make
    │   │   │   │   ├── block.dir
    │   │   │   │   │   ├── DependInfo.cmake
    │   │   │   │   │   ├── build.make
    │   │   │   │   │   ├── cmake_clean.cmake
    │   │   │   │   │   └── progress.make
    │   │   │   │   ├── block_1.dir
    │   │   │   │   │   ├── DependInfo.cmake
    │   │   │   │   │   ├── Labels.json
    │   │   │   │   │   ├── Labels.txt
    │   │   │   │   │   ├── build.make
    │   │   │   │   │   ├── cmake_clean.cmake
    │   │   │   │   │   ├── depend.make
    │   │   │   │   │   ├── flags.make
    │   │   │   │   │   ├── link.txt
    │   │   │   │   │   └── progress.make
    │   │   │   │   ├── block_2.dir
    │   │   │   │   │   ├── DependInfo.cmake
    │   │   │   │   │   ├── Labels.json
    │   │   │   │   │   ├── Labels.txt
    │   │   │   │   │   ├── build.make
    │   │   │   │   │   ├── cmake_clean.cmake
    │   │   │   │   │   ├── depend.make
    │   │   │   │   │   ├── flags.make
    │   │   │   │   │   ├── link.txt
    │   │   │   │   │   └── progress.make
    │   │   │   │   ├── block_3.dir
    │   │   │   │   │   ├── DependInfo.cmake
    │   │   │   │   │   ├── Labels.json
    │   │   │   │   │   ├── Labels.txt
    │   │   │   │   │   ├── build.make
    │   │   │   │   │   ├── cmake_clean.cmake
    │   │   │   │   │   ├── depend.make
    │   │   │   │   │   ├── flags.make
    │   │   │   │   │   ├── link.txt
    │   │   │   │   │   └── progress.make
    │   │   │   │   ├── block_4.dir
    │   │   │   │   │   ├── DependInfo.cmake
    │   │   │   │   │   ├── Labels.json
    │   │   │   │   │   ├── Labels.txt
    │   │   │   │   │   ├── build.make
    │   │   │   │   │   ├── cmake_clean.cmake
    │   │   │   │   │   ├── depend.make
    │   │   │   │   │   ├── flags.make
    │   │   │   │   │   ├── link.txt
    │   │   │   │   │   └── progress.make
    │   │   │   │   ├── block_5.dir
    │   │   │   │   │   ├── DependInfo.cmake
    │   │   │   │   │   ├── Labels.json
    │   │   │   │   │   ├── Labels.txt
    │   │   │   │   │   ├── build.make
    │   │   │   │   │   ├── cmake_clean.cmake
    │   │   │   │   │   ├── depend.make
    │   │   │   │   │   ├── flags.make
    │   │   │   │   │   ├── link.txt
    │   │   │   │   │   └── progress.make
    │   │   │   │   ├── block_6.dir
    │   │   │   │   │   ├── DependInfo.cmake
    │   │   │   │   │   ├── Labels.json
    │   │   │   │   │   ├── Labels.txt
    │   │   │   │   │   ├── build.make
    │   │   │   │   │   ├── cmake_clean.cmake
    │   │   │   │   │   ├── depend.make
    │   │   │   │   │   ├── flags.make
    │   │   │   │   │   ├── link.txt
    │   │   │   │   │   └── progress.make
    │   │   │   │   ├── block_7.dir
    │   │   │   │   │   ├── DependInfo.cmake
    │   │   │   │   │   ├── Labels.json
    │   │   │   │   │   ├── Labels.txt
    │   │   │   │   │   ├── build.make
    │   │   │   │   │   ├── cmake_clean.cmake
    │   │   │   │   │   ├── depend.make
    │   │   │   │   │   ├── flags.make
    │   │   │   │   │   ├── link.txt
    │   │   │   │   │   └── progress.make
    │   │   │   │   ├── block_8.dir
    │   │   │   │   │   ├── DependInfo.cmake
    │   │   │   │   │   ├── Labels.json
    │   │   │   │   │   ├── Labels.txt
    │   │   │   │   │   ├── build.make
    │   │   │   │   │   ├── cmake_clean.cmake
    │   │   │   │   │   ├── depend.make
    │   │   │   │   │   ├── flags.make
    │   │   │   │   │   ├── link.txt
    │   │   │   │   │   └── progress.make
    │   │   │   │   ├── boostmultiprec.dir
    │   │   │   │   │   ├── DependInfo.cmake
    │   │   │   │   │   ├── build.make
    │   │   │   │   │   ├── cmake_clean.cmake
    │   │   │   │   │   └── progress.make
    │   │   │   │   ├── boostmultiprec_1.dir
    │   │   │   │   │   ├── DependInfo.cmake
    │   │   │   │   │   ├── Labels.json
    │   │   │   │   │   ├── Labels.txt
    │   │   │   │   │   ├── build.make
    │   │   │   │   │   ├── cmake_clean.cmake
    │   │   │   │   │   ├── depend.make
    │   │   │   │   │   ├── flags.make
    │   │   │   │   │   ├── link.txt
    │   │   │   │   │   └── progress.make
    │   │   │   │   ├── boostmultiprec_10.dir
    │   │   │   │   │   ├── DependInfo.cmake
    │   │   │   │   │   ├── Labels.json
    │   │   │   │   │   ├── Labels.txt
    │   │   │   │   │   ├── build.make
    │   │   │   │   │   ├── cmake_clean.cmake
    │   │   │   │   │   ├── depend.make
    │   │   │   │   │   ├── flags.make
    │   │   │   │   │   ├── link.txt
    │   │   │   │   │   └── progress.make
    │   │   │   │   ├── boostmultiprec_11.dir
    │   │   │   │   │   ├── DependInfo.cmake
    │   │   │   │   │   ├── Labels.json
    │   │   │   │   │   ├── Labels.txt
    │   │   │   │   │   ├── build.make
    │   │   │   │   │   ├── cmake_clean.cmake
    │   │   │   │   │   ├── depend.make
    │   │   │   │   │   ├── flags.make
    │   │   │   │   │   ├── link.txt
    │   │   │   │   │   └── progress.make
    │   │   │   │   ├── boostmultiprec_2.dir
    │   │   │   │   │   ├── DependInfo.cmake
    │   │   │   │   │   ├── Labels.json
    │   │   │   │   │   ├── Labels.txt
    │   │   │   │   │   ├── build.make
    │   │   │   │   │   ├── cmake_clean.cmake
    │   │   │   │   │   ├── depend.make
    │   │   │   │   │   ├── flags.make
    │   │   │   │   │   ├── link.txt
    │   │   │   │   │   └── progress.make
    │   │   │   │   ├── boostmultiprec_3.dir
    │   │   │   │   │   ├── DependInfo.cmake
    │   │   │   │   │   ├── Labels.json
    │   │   │   │   │   ├── Labels.txt
    │   │   │   │   │   ├── build.make
    │   │   │   │   │   ├── cmake_clean.cmake
    │   │   │   │   │   ├── depend.make
    │   │   │   │   │   ├── flags.make
    │   │   │   │   │   ├── link.txt
    │   │   │   │   │   └── progress.make
    │   │   │   │   ├── boostmultiprec_4.dir
    │   │   │   │   │   ├── DependInfo.cmake
    │   │   │   │   │   ├── Labels.json
    │   │   │   │   │   ├── Labels.txt
    │   │   │   │   │   ├── build.make
    │   │   │   │   │   ├── cmake_clean.cmake
    │   │   │   │   │   ├── depend.make
    │   │   │   │   │   ├── flags.make
    │   │   │   │   │   ├── link.txt
    │   │   │   │   │   └── progress.make
    │   │   │   │   ├── boostmultiprec_5.dir
    │   │   │   │   │   ├── DependInfo.cmake
    │   │   │   │   │   ├── Labels.json
    │   │   │   │   │   ├── Labels.txt
    │   │   │   │   │   ├── build.make
    │   │   │   │   │   ├── cmake_clean.cmake
    │   │   │   │   │   ├── depend.make
    │   │   │   │   │   ├── flags.make
    │   │   │   │   │   ├── link.txt
    │   │   │   │   │   └── progress.make
    │   │   │   │   ├── boostmultiprec_6.dir
    │   │   │   │   │   ├── DependInfo.cmake
    │   │   │   │   │   ├── Labels.json
    │   │   │   │   │   ├── Labels.txt
    │   │   │   │   │   ├── build.make
    │   │   │   │   │   ├── cmake_clean.cmake
    │   │   │   │   │   ├── depend.make
    │   │   │   │   │   ├── flags.make
    │   │   │   │   │   ├── link.txt
    │   │   │   │   │   └── progress.make
    │   │   │   │   ├── boostmultiprec_7.dir
    │   │   │   │   │   ├── DependInfo.cmake
    │   │   │   │   │   ├── Labels.json
    │   │   │   │   │   ├── Labels.txt
    │   │   │   │   │   ├── build.make
    │   │   │   │   │   ├── cmake_clean.cmake
    │   │   │   │   │   ├── depend.make
    │   │   │   │   │   ├── flags.make
    │   │   │   │   │   ├── link.txt
    │   │   │   │   │   └── progress.make
    │   │   │   │   ├── boostmultiprec_8.dir
    │   │   │   │   │   ├── DependInfo.cmake
    │   │   │   │   │   ├── Labels.json
    │   │   │   │   │   ├── Labels.txt
    │   │   │   │   │   ├── build.make
    │   │   │   │   │   ├── cmake_clean.cmake
    │   │   │   │   │   ├── depend.make
    │   │   │   │   │   ├── flags.make
    │   │   │   │   │   ├── link.txt
    │   │   │   │   │   └── progress.make
    │   │   │   │   ├── boostmultiprec_9.dir
    │   │   │   │   │   ├── DependInfo.cmake
    │   │   │   │   │   ├── Labels.json
    │   │   │   │   │   ├── Labels.txt
    │   │   │   │   │   ├── build.make
    │   │   │   │   │   ├── cmake_clean.cmake
    │   │   │   │   │   ├── depend.make
    │   │   │   │   │   ├── flags.make
    │   │   │   │   │   ├── link.txt
    │   │   │   │   │   └── progress.make
    │   │   │   │   ├── bug1213.dir
    │   │   │   │   │   ├── DependInfo.cmake
    │   │   │   │   │   ├── build.make
    │   │   │   │   │   ├── cmake_clean.cmake
    │   │   │   │   │   ├── depend.make
    │   │   │   │   │   ├── flags.make
    │   │   │   │   │   ├── link.txt
    │   │   │   │   │   └── progress.make
    │   │   │   │   ├── buildsmoketests.dir
    │   │   │   │   │   ├── DependInfo.cmake
    │   │   │   │   │   ├── build.make
    │   │   │   │   │   ├── cmake_clean.cmake
    │   │   │   │   │   └── progress.make
    │   │   │   │   ├── cholesky.dir
    │   │   │   │   │   ├── DependInfo.cmake
    │   │   │   │   │   ├── build.make
    │   │   │   │   │   ├── cmake_clean.cmake
    │   │   │   │   │   └── progress.make
    │   │   │   │   ├── cholesky_1.dir
    │   │   │   │   │   ├── DependInfo.cmake
    │   │   │   │   │   ├── Labels.json
    │   │   │   │   │   ├── Labels.txt
    │   │   │   │   │   ├── build.make
    │   │   │   │   │   ├── cmake_clean.cmake
    │   │   │   │   │   ├── depend.make
    │   │   │   │   │   ├── flags.make
    │   │   │   │   │   ├── link.txt
    │   │   │   │   │   └── progress.make
    │   │   │   │   ├── cholesky_2.dir
    │   │   │   │   │   ├── DependInfo.cmake
    │   │   │   │   │   ├── Labels.json
    │   │   │   │   │   ├── Labels.txt
    │   │   │   │   │   ├── build.make
    │   │   │   │   │   ├── cmake_clean.cmake
    │   │   │   │   │   ├── depend.make
    │   │   │   │   │   ├── flags.make
    │   │   │   │   │   ├── link.txt
    │   │   │   │   │   └── progress.make
    │   │   │   │   ├── cholesky_3.dir
    │   │   │   │   │   ├── DependInfo.cmake
    │   │   │   │   │   ├── Labels.json
    │   │   │   │   │   ├── Labels.txt
    │   │   │   │   │   ├── build.make
    │   │   │   │   │   ├── cmake_clean.cmake
    │   │   │   │   │   ├── depend.make
    │   │   │   │   │   ├── flags.make
    │   │   │   │   │   ├── link.txt
    │   │   │   │   │   └── progress.make
    │   │   │   │   ├── cholesky_4.dir
    │   │   │   │   │   ├── DependInfo.cmake
    │   │   │   │   │   ├── Labels.json
    │   │   │   │   │   ├── Labels.txt
    │   │   │   │   │   ├── build.make
    │   │   │   │   │   ├── cmake_clean.cmake
    │   │   │   │   │   ├── depend.make
    │   │   │   │   │   ├── flags.make
    │   │   │   │   │   ├── link.txt
    │   │   │   │   │   └── progress.make
    │   │   │   │   ├── cholesky_5.dir
    │   │   │   │   │   ├── DependInfo.cmake
    │   │   │   │   │   ├── Labels.json
    │   │   │   │   │   ├── Labels.txt
    │   │   │   │   │   ├── build.make
    │   │   │   │   │   ├── cmake_clean.cmake
    │   │   │   │   │   ├── depend.make
    │   │   │   │   │   ├── flags.make
    │   │   │   │   │   ├── link.txt
    │   │   │   │   │   └── progress.make
    │   │   │   │   ├── cholesky_6.dir
    │   │   │   │   │   ├── DependInfo.cmake
    │   │   │   │   │   ├── Labels.json
    │   │   │   │   │   ├── Labels.txt
    │   │   │   │   │   ├── build.make
    │   │   │   │   │   ├── cmake_clean.cmake
    │   │   │   │   │   ├── depend.make
    │   │   │   │   │   ├── flags.make
    │   │   │   │   │   ├── link.txt
    │   │   │   │   │   └── progress.make
    │   │   │   │   ├── cholesky_7.dir
    │   │   │   │   │   ├── DependInfo.cmake
    │   │   │   │   │   ├── Labels.json
    │   │   │   │   │   ├── Labels.txt
    │   │   │   │   │   ├── build.make
    │   │   │   │   │   ├── cmake_clean.cmake
    │   │   │   │   │   ├── depend.make
    │   │   │   │   │   ├── flags.make
    │   │   │   │   │   ├── link.txt
    │   │   │   │   │   └── progress.make
    │   │   │   │   ├── cholesky_8.dir
    │   │   │   │   │   ├── DependInfo.cmake
    │   │   │   │   │   ├── Labels.json
    │   │   │   │   │   ├── Labels.txt
    │   │   │   │   │   ├── build.make
    │   │   │   │   │   ├── cmake_clean.cmake
    │   │   │   │   │   ├── depend.make
    │   │   │   │   │   ├── flags.make
    │   │   │   │   │   ├── link.txt
    │   │   │   │   │   └── progress.make
    │   │   │   │   ├── cholesky_9.dir
    │   │   │   │   │   ├── DependInfo.cmake
    │   │   │   │   │   ├── Labels.json
    │   │   │   │   │   ├── Labels.txt
    │   │   │   │   │   ├── build.make
    │   │   │   │   │   ├── cmake_clean.cmake
    │   │   │   │   │   ├── depend.make
    │   │   │   │   │   ├── flags.make
    │   │   │   │   │   ├── link.txt
    │   │   │   │   │   └── progress.make
    │   │   │   │   ├── commainitializer.dir
    │   │   │   │   │   ├── DependInfo.cmake
    │   │   │   │   │   ├── build.make
    │   │   │   │   │   ├── cmake_clean.cmake
    │   │   │   │   │   └── progress.make
    │   │   │   │   ├── commainitializer_1.dir
    │   │   │   │   │   ├── DependInfo.cmake
    │   │   │   │   │   ├── Labels.json
    │   │   │   │   │   ├── Labels.txt
    │   │   │   │   │   ├── build.make
    │   │   │   │   │   ├── cmake_clean.cmake
    │   │   │   │   │   ├── depend.make
    │   │   │   │   │   ├── flags.make
    │   │   │   │   │   ├── link.txt
    │   │   │   │   │   └── progress.make
    │   │   │   │   ├── commainitializer_2.dir
    │   │   │   │   │   ├── DependInfo.cmake
    │   │   │   │   │   ├── Labels.json
    │   │   │   │   │   ├── Labels.txt
    │   │   │   │   │   ├── build.make
    │   │   │   │   │   ├── cmake_clean.cmake
    │   │   │   │   │   ├── depend.make
    │   │   │   │   │   ├── flags.make
    │   │   │   │   │   ├── link.txt
    │   │   │   │   │   └── progress.make
    │   │   │   │   ├── conjugate_gradient.dir
    │   │   │   │   │   ├── DependInfo.cmake
    │   │   │   │   │   ├── build.make
    │   │   │   │   │   ├── cmake_clean.cmake
    │   │   │   │   │   └── progress.make
    │   │   │   │   ├── conjugate_gradient_1.dir
    │   │   │   │   │   ├── DependInfo.cmake
    │   │   │   │   │   ├── Labels.json
    │   │   │   │   │   ├── Labels.txt
    │   │   │   │   │   ├── build.make
    │   │   │   │   │   ├── cmake_clean.cmake
    │   │   │   │   │   ├── depend.make
    │   │   │   │   │   ├── flags.make
    │   │   │   │   │   ├── link.txt
    │   │   │   │   │   └── progress.make
    │   │   │   │   ├── conjugate_gradient_2.dir
    │   │   │   │   │   ├── DependInfo.cmake
    │   │   │   │   │   ├── Labels.json
    │   │   │   │   │   ├── Labels.txt
    │   │   │   │   │   ├── build.make
    │   │   │   │   │   ├── cmake_clean.cmake
    │   │   │   │   │   ├── depend.make
    │   │   │   │   │   ├── flags.make
    │   │   │   │   │   ├── link.txt
    │   │   │   │   │   └── progress.make
    │   │   │   │   ├── conjugate_gradient_3.dir
    │   │   │   │   │   ├── DependInfo.cmake
    │   │   │   │   │   ├── Labels.json
    │   │   │   │   │   ├── Labels.txt
    │   │   │   │   │   ├── build.make
    │   │   │   │   │   ├── cmake_clean.cmake
    │   │   │   │   │   ├── depend.make
    │   │   │   │   │   ├── flags.make
    │   │   │   │   │   ├── link.txt
    │   │   │   │   │   └── progress.make
    │   │   │   │   ├── conservative_resize.dir
    │   │   │   │   │   ├── DependInfo.cmake
    │   │   │   │   │   ├── build.make
    │   │   │   │   │   ├── cmake_clean.cmake
    │   │   │   │   │   └── progress.make
    │   │   │   │   ├── conservative_resize_1.dir
    │   │   │   │   │   ├── DependInfo.cmake
    │   │   │   │   │   ├── Labels.json
    │   │   │   │   │   ├── Labels.txt
    │   │   │   │   │   ├── build.make
    │   │   │   │   │   ├── cmake_clean.cmake
    │   │   │   │   │   ├── depend.make
    │   │   │   │   │   ├── flags.make
    │   │   │   │   │   ├── link.txt
    │   │   │   │   │   └── progress.make
    │   │   │   │   ├── conservative_resize_2.dir
    │   │   │   │   │   ├── DependInfo.cmake
    │   │   │   │   │   ├── Labels.json
    │   │   │   │   │   ├── Labels.txt
    │   │   │   │   │   ├── build.make
    │   │   │   │   │   ├── cmake_clean.cmake
    │   │   │   │   │   ├── depend.make
    │   │   │   │   │   ├── flags.make
    │   │   │   │   │   ├── link.txt
    │   │   │   │   │   └── progress.make
    │   │   │   │   ├── conservative_resize_3.dir
    │   │   │   │   │   ├── DependInfo.cmake
    │   │   │   │   │   ├── Labels.json
    │   │   │   │   │   ├── Labels.txt
    │   │   │   │   │   ├── build.make
    │   │   │   │   │   ├── cmake_clean.cmake
    │   │   │   │   │   ├── depend.make
    │   │   │   │   │   ├── flags.make
    │   │   │   │   │   ├── link.txt
    │   │   │   │   │   └── progress.make
    │   │   │   │   ├── conservative_resize_4.dir
    │   │   │   │   │   ├── DependInfo.cmake
    │   │   │   │   │   ├── Labels.json
    │   │   │   │   │   ├── Labels.txt
    │   │   │   │   │   ├── build.make
    │   │   │   │   │   ├── cmake_clean.cmake
    │   │   │   │   │   ├── depend.make
    │   │   │   │   │   ├── flags.make
    │   │   │   │   │   ├── link.txt
    │   │   │   │   │   └── progress.make
    │   │   │   │   ├── conservative_resize_5.dir
    │   │   │   │   │   ├── DependInfo.cmake
    │   │   │   │   │   ├── Labels.json
    │   │   │   │   │   ├── Labels.txt
    │   │   │   │   │   ├── build.make
    │   │   │   │   │   ├── cmake_clean.cmake
    │   │   │   │   │   ├── depend.make
    │   │   │   │   │   ├── flags.make
    │   │   │   │   │   ├── link.txt
    │   │   │   │   │   └── progress.make
    │   │   │   │   ├── conservative_resize_6.dir
    │   │   │   │   │   ├── DependInfo.cmake
    │   │   │   │   │   ├── Labels.json
    │   │   │   │   │   ├── Labels.txt
    │   │   │   │   │   ├── build.make
    │   │   │   │   │   ├── cmake_clean.cmake
    │   │   │   │   │   ├── depend.make
    │   │   │   │   │   ├── flags.make
    │   │   │   │   │   ├── link.txt
    │   │   │   │   │   └── progress.make
    │   │   │   │   ├── constructor.dir
    │   │   │   │   │   ├── DependInfo.cmake
    │   │   │   │   │   ├── build.make
    │   │   │   │   │   ├── cmake_clean.cmake
    │   │   │   │   │   └── progress.make
    │   │   │   │   ├── constructor_1.dir
    │   │   │   │   │   ├── DependInfo.cmake
    │   │   │   │   │   ├── Labels.json
    │   │   │   │   │   ├── Labels.txt
    │   │   │   │   │   ├── build.make
    │   │   │   │   │   ├── cmake_clean.cmake
    │   │   │   │   │   ├── depend.make
    │   │   │   │   │   ├── flags.make
    │   │   │   │   │   ├── link.txt
    │   │   │   │   │   └── progress.make
    │   │   │   │   ├── corners.dir
    │   │   │   │   │   ├── DependInfo.cmake
    │   │   │   │   │   ├── build.make
    │   │   │   │   │   ├── cmake_clean.cmake
    │   │   │   │   │   └── progress.make
    │   │   │   │   ├── corners_1.dir
    │   │   │   │   │   ├── DependInfo.cmake
    │   │   │   │   │   ├── Labels.json
    │   │   │   │   │   ├── Labels.txt
    │   │   │   │   │   ├── build.make
    │   │   │   │   │   ├── cmake_clean.cmake
    │   │   │   │   │   ├── depend.make
    │   │   │   │   │   ├── flags.make
    │   │   │   │   │   ├── link.txt
    │   │   │   │   │   └── progress.make
    │   │   │   │   ├── corners_2.dir
    │   │   │   │   │   ├── DependInfo.cmake
    │   │   │   │   │   ├── Labels.json
    │   │   │   │   │   ├── Labels.txt
    │   │   │   │   │   ├── build.make
    │   │   │   │   │   ├── cmake_clean.cmake
    │   │   │   │   │   ├── depend.make
    │   │   │   │   │   ├── flags.make
    │   │   │   │   │   ├── link.txt
    │   │   │   │   │   └── progress.make
    │   │   │   │   ├── corners_3.dir
    │   │   │   │   │   ├── DependInfo.cmake
    │   │   │   │   │   ├── Labels.json
    │   │   │   │   │   ├── Labels.txt
    │   │   │   │   │   ├── build.make
    │   │   │   │   │   ├── cmake_clean.cmake
    │   │   │   │   │   ├── depend.make
    │   │   │   │   │   ├── flags.make
    │   │   │   │   │   ├── link.txt
    │   │   │   │   │   └── progress.make
    │   │   │   │   ├── corners_4.dir
    │   │   │   │   │   ├── DependInfo.cmake
    │   │   │   │   │   ├── Labels.json
    │   │   │   │   │   ├── Labels.txt
    │   │   │   │   │   ├── build.make
    │   │   │   │   │   ├── cmake_clean.cmake
    │   │   │   │   │   ├── depend.make
    │   │   │   │   │   ├── flags.make
    │   │   │   │   │   ├── link.txt
    │   │   │   │   │   └── progress.make
    │   │   │   │   ├── corners_5.dir
    │   │   │   │   │   ├── DependInfo.cmake
    │   │   │   │   │   ├── Labels.json
    │   │   │   │   │   ├── Labels.txt
    │   │   │   │   │   ├── build.make
    │   │   │   │   │   ├── cmake_clean.cmake
    │   │   │   │   │   ├── depend.make
    │   │   │   │   │   ├── flags.make
    │   │   │   │   │   ├── link.txt
    │   │   │   │   │   └── progress.make
    │   │   │   │   ├── ctorleak.dir
    │   │   │   │   │   ├── DependInfo.cmake
    │   │   │   │   │   ├── Labels.json
    │   │   │   │   │   ├── Labels.txt
    │   │   │   │   │   ├── build.make
    │   │   │   │   │   ├── cmake_clean.cmake
    │   │   │   │   │   ├── depend.make
    │   │   │   │   │   ├── flags.make
    │   │   │   │   │   ├── link.txt
    │   │   │   │   │   └── progress.make
    │   │   │   │   ├── dense_storage.dir
    │   │   │   │   │   ├── DependInfo.cmake
    │   │   │   │   │   ├── Labels.json
    │   │   │   │   │   ├── Labels.txt
    │   │   │   │   │   ├── build.make
    │   │   │   │   │   ├── cmake_clean.cmake
    │   │   │   │   │   ├── depend.make
    │   │   │   │   │   ├── flags.make
    │   │   │   │   │   ├── link.txt
    │   │   │   │   │   └── progress.make
    │   │   │   │   ├── determinant.dir
    │   │   │   │   │   ├── DependInfo.cmake
    │   │   │   │   │   ├── build.make
    │   │   │   │   │   ├── cmake_clean.cmake
    │   │   │   │   │   └── progress.make
    │   │   │   │   ├── determinant_1.dir
    │   │   │   │   │   ├── DependInfo.cmake
    │   │   │   │   │   ├── Labels.json
    │   │   │   │   │   ├── Labels.txt
    │   │   │   │   │   ├── build.make
    │   │   │   │   │   ├── cmake_clean.cmake
    │   │   │   │   │   ├── depend.make
    │   │   │   │   │   ├── flags.make
    │   │   │   │   │   ├── link.txt
    │   │   │   │   │   └── progress.make
    │   │   │   │   ├── determinant_2.dir
    │   │   │   │   │   ├── DependInfo.cmake
    │   │   │   │   │   ├── Labels.json
    │   │   │   │   │   ├── Labels.txt
    │   │   │   │   │   ├── build.make
    │   │   │   │   │   ├── cmake_clean.cmake
    │   │   │   │   │   ├── depend.make
    │   │   │   │   │   ├── flags.make
    │   │   │   │   │   ├── link.txt
    │   │   │   │   │   └── progress.make
    │   │   │   │   ├── determinant_3.dir
    │   │   │   │   │   ├── DependInfo.cmake
    │   │   │   │   │   ├── Labels.json
    │   │   │   │   │   ├── Labels.txt
    │   │   │   │   │   ├── build.make
    │   │   │   │   │   ├── cmake_clean.cmake
    │   │   │   │   │   ├── depend.make
    │   │   │   │   │   ├── flags.make
    │   │   │   │   │   ├── link.txt
    │   │   │   │   │   └── progress.make
    │   │   │   │   ├── determinant_4.dir
    │   │   │   │   │   ├── DependInfo.cmake
    │   │   │   │   │   ├── Labels.json
    │   │   │   │   │   ├── Labels.txt
    │   │   │   │   │   ├── build.make
    │   │   │   │   │   ├── cmake_clean.cmake
    │   │   │   │   │   ├── depend.make
    │   │   │   │   │   ├── flags.make
    │   │   │   │   │   ├── link.txt
    │   │   │   │   │   └── progress.make
    │   │   │   │   ├── determinant_5.dir
    │   │   │   │   │   ├── DependInfo.cmake
    │   │   │   │   │   ├── Labels.json
    │   │   │   │   │   ├── Labels.txt
    │   │   │   │   │   ├── build.make
    │   │   │   │   │   ├── cmake_clean.cmake
    │   │   │   │   │   ├── depend.make
    │   │   │   │   │   ├── flags.make
    │   │   │   │   │   ├── link.txt
    │   │   │   │   │   └── progress.make
    │   │   │   │   ├── determinant_6.dir
    │   │   │   │   │   ├── DependInfo.cmake
    │   │   │   │   │   ├── Labels.json
    │   │   │   │   │   ├── Labels.txt
    │   │   │   │   │   ├── build.make
    │   │   │   │   │   ├── cmake_clean.cmake
    │   │   │   │   │   ├── depend.make
    │   │   │   │   │   ├── flags.make
    │   │   │   │   │   ├── link.txt
    │   │   │   │   │   └── progress.make
    │   │   │   │   ├── diagonal.dir
    │   │   │   │   │   ├── DependInfo.cmake
    │   │   │   │   │   ├── build.make
    │   │   │   │   │   ├── cmake_clean.cmake
    │   │   │   │   │   └── progress.make
    │   │   │   │   ├── diagonal_1.dir
    │   │   │   │   │   ├── DependInfo.cmake
    │   │   │   │   │   ├── Labels.json
    │   │   │   │   │   ├── Labels.txt
    │   │   │   │   │   ├── build.make
    │   │   │   │   │   ├── cmake_clean.cmake
    │   │   │   │   │   ├── depend.make
    │   │   │   │   │   ├── flags.make
    │   │   │   │   │   ├── link.txt
    │   │   │   │   │   └── progress.make
    │   │   │   │   ├── diagonal_2.dir
    │   │   │   │   │   ├── DependInfo.cmake
    │   │   │   │   │   ├── Labels.json
    │   │   │   │   │   ├── Labels.txt
    │   │   │   │   │   ├── build.make
    │   │   │   │   │   ├── cmake_clean.cmake
    │   │   │   │   │   ├── depend.make
    │   │   │   │   │   ├── flags.make
    │   │   │   │   │   ├── link.txt
    │   │   │   │   │   └── progress.make
    │   │   │   │   ├── diagonalmatrices.dir
    │   │   │   │   │   ├── DependInfo.cmake
    │   │   │   │   │   ├── build.make
    │   │   │   │   │   ├── cmake_clean.cmake
    │   │   │   │   │   └── progress.make
    │   │   │   │   ├── diagonalmatrices_1.dir
    │   │   │   │   │   ├── DependInfo.cmake
    │   │   │   │   │   ├── Labels.json
    │   │   │   │   │   ├── Labels.txt
    │   │   │   │   │   ├── build.make
    │   │   │   │   │   ├── cmake_clean.cmake
    │   │   │   │   │   ├── depend.make
    │   │   │   │   │   ├── flags.make
    │   │   │   │   │   ├── link.txt
    │   │   │   │   │   └── progress.make
    │   │   │   │   ├── diagonalmatrices_10.dir
    │   │   │   │   │   ├── DependInfo.cmake
    │   │   │   │   │   ├── Labels.json
    │   │   │   │   │   ├── Labels.txt
    │   │   │   │   │   ├── build.make
    │   │   │   │   │   ├── cmake_clean.cmake
    │   │   │   │   │   ├── depend.make
    │   │   │   │   │   ├── flags.make
    │   │   │   │   │   ├── link.txt
    │   │   │   │   │   └── progress.make
    │   │   │   │   ├── diagonalmatrices_2.dir
    │   │   │   │   │   ├── DependInfo.cmake
    │   │   │   │   │   ├── Labels.json
    │   │   │   │   │   ├── Labels.txt
    │   │   │   │   │   ├── build.make
    │   │   │   │   │   ├── cmake_clean.cmake
    │   │   │   │   │   ├── depend.make
    │   │   │   │   │   ├── flags.make
    │   │   │   │   │   ├── link.txt
    │   │   │   │   │   └── progress.make
    │   │   │   │   ├── diagonalmatrices_3.dir
    │   │   │   │   │   ├── DependInfo.cmake
    │   │   │   │   │   ├── Labels.json
    │   │   │   │   │   ├── Labels.txt
    │   │   │   │   │   ├── build.make
    │   │   │   │   │   ├── cmake_clean.cmake
    │   │   │   │   │   ├── depend.make
    │   │   │   │   │   ├── flags.make
    │   │   │   │   │   ├── link.txt
    │   │   │   │   │   └── progress.make
    │   │   │   │   ├── diagonalmatrices_4.dir
    │   │   │   │   │   ├── DependInfo.cmake
    │   │   │   │   │   ├── Labels.json
    │   │   │   │   │   ├── Labels.txt
    │   │   │   │   │   ├── build.make
    │   │   │   │   │   ├── cmake_clean.cmake
    │   │   │   │   │   ├── depend.make
    │   │   │   │   │   ├── flags.make
    │   │   │   │   │   ├── link.txt
    │   │   │   │   │   └── progress.make
    │   │   │   │   ├── diagonalmatrices_5.dir
    │   │   │   │   │   ├── DependInfo.cmake
    │   │   │   │   │   ├── Labels.json
    │   │   │   │   │   ├── Labels.txt
    │   │   │   │   │   ├── build.make
    │   │   │   │   │   ├── cmake_clean.cmake
    │   │   │   │   │   ├── depend.make
    │   │   │   │   │   ├── flags.make
    │   │   │   │   │   ├── link.txt
    │   │   │   │   │   └── progress.make
    │   │   │   │   ├── diagonalmatrices_6.dir
    │   │   │   │   │   ├── DependInfo.cmake
    │   │   │   │   │   ├── Labels.json
    │   │   │   │   │   ├── Labels.txt
    │   │   │   │   │   ├── build.make
    │   │   │   │   │   ├── cmake_clean.cmake
    │   │   │   │   │   ├── depend.make
    │   │   │   │   │   ├── flags.make
    │   │   │   │   │   ├── link.txt
    │   │   │   │   │   └── progress.make
    │   │   │   │   ├── diagonalmatrices_7.dir
    │   │   │   │   │   ├── DependInfo.cmake
    │   │   │   │   │   ├── Labels.json
    │   │   │   │   │   ├── Labels.txt
    │   │   │   │   │   ├── build.make
    │   │   │   │   │   ├── cmake_clean.cmake
    │   │   │   │   │   ├── depend.make
    │   │   │   │   │   ├── flags.make
    │   │   │   │   │   ├── link.txt
    │   │   │   │   │   └── progress.make
    │   │   │   │   ├── diagonalmatrices_8.dir
    │   │   │   │   │   ├── DependInfo.cmake
    │   │   │   │   │   ├── Labels.json
    │   │   │   │   │   ├── Labels.txt
    │   │   │   │   │   ├── build.make
    │   │   │   │   │   ├── cmake_clean.cmake
    │   │   │   │   │   ├── depend.make
    │   │   │   │   │   ├── flags.make
    │   │   │   │   │   ├── link.txt
    │   │   │   │   │   └── progress.make
    │   │   │   │   ├── diagonalmatrices_9.dir
    │   │   │   │   │   ├── DependInfo.cmake
    │   │   │   │   │   ├── Labels.json
    │   │   │   │   │   ├── Labels.txt
    │   │   │   │   │   ├── build.make
    │   │   │   │   │   ├── cmake_clean.cmake
    │   │   │   │   │   ├── depend.make
    │   │   │   │   │   ├── flags.make
    │   │   │   │   │   ├── link.txt
    │   │   │   │   │   └── progress.make
    │   │   │   │   ├── dontalign.dir
    │   │   │   │   │   ├── DependInfo.cmake
    │   │   │   │   │   ├── build.make
    │   │   │   │   │   ├── cmake_clean.cmake
    │   │   │   │   │   └── progress.make
    │   │   │   │   ├── dontalign_1.dir
    │   │   │   │   │   ├── DependInfo.cmake
    │   │   │   │   │   ├── Labels.json
    │   │   │   │   │   ├── Labels.txt
    │   │   │   │   │   ├── build.make
    │   │   │   │   │   ├── cmake_clean.cmake
    │   │   │   │   │   ├── depend.make
    │   │   │   │   │   ├── flags.make
    │   │   │   │   │   ├── link.txt
    │   │   │   │   │   └── progress.make
    │   │   │   │   ├── dontalign_2.dir
    │   │   │   │   │   ├── DependInfo.cmake
    │   │   │   │   │   ├── Labels.json
    │   │   │   │   │   ├── Labels.txt
    │   │   │   │   │   ├── build.make
    │   │   │   │   │   ├── cmake_clean.cmake
    │   │   │   │   │   ├── depend.make
    │   │   │   │   │   ├── flags.make
    │   │   │   │   │   ├── link.txt
    │   │   │   │   │   └── progress.make
    │   │   │   │   ├── dontalign_3.dir
    │   │   │   │   │   ├── DependInfo.cmake
    │   │   │   │   │   ├── Labels.json
    │   │   │   │   │   ├── Labels.txt
    │   │   │   │   │   ├── build.make
    │   │   │   │   │   ├── cmake_clean.cmake
    │   │   │   │   │   ├── depend.make
    │   │   │   │   │   ├── flags.make
    │   │   │   │   │   ├── link.txt
    │   │   │   │   │   └── progress.make
    │   │   │   │   ├── dontalign_4.dir
    │   │   │   │   │   ├── DependInfo.cmake
    │   │   │   │   │   ├── Labels.json
    │   │   │   │   │   ├── Labels.txt
    │   │   │   │   │   ├── build.make
    │   │   │   │   │   ├── cmake_clean.cmake
    │   │   │   │   │   ├── depend.make
    │   │   │   │   │   ├── flags.make
    │   │   │   │   │   ├── link.txt
    │   │   │   │   │   └── progress.make
    │   │   │   │   ├── dontalign_5.dir
    │   │   │   │   │   ├── DependInfo.cmake
    │   │   │   │   │   ├── Labels.json
    │   │   │   │   │   ├── Labels.txt
    │   │   │   │   │   ├── build.make
    │   │   │   │   │   ├── cmake_clean.cmake
    │   │   │   │   │   ├── depend.make
    │   │   │   │   │   ├── flags.make
    │   │   │   │   │   ├── link.txt
    │   │   │   │   │   └── progress.make
    │   │   │   │   ├── dontalign_6.dir
    │   │   │   │   │   ├── DependInfo.cmake
    │   │   │   │   │   ├── Labels.json
    │   │   │   │   │   ├── Labels.txt
    │   │   │   │   │   ├── build.make
    │   │   │   │   │   ├── cmake_clean.cmake
    │   │   │   │   │   ├── depend.make
    │   │   │   │   │   ├── flags.make
    │   │   │   │   │   ├── link.txt
    │   │   │   │   │   └── progress.make
    │   │   │   │   ├── dontalign_7.dir
    │   │   │   │   │   ├── DependInfo.cmake
    │   │   │   │   │   ├── Labels.json
    │   │   │   │   │   ├── Labels.txt
    │   │   │   │   │   ├── build.make
    │   │   │   │   │   ├── cmake_clean.cmake
    │   │   │   │   │   ├── depend.make
    │   │   │   │   │   ├── flags.make
    │   │   │   │   │   ├── link.txt
    │   │   │   │   │   └── progress.make
    │   │   │   │   ├── dontalign_8.dir
    │   │   │   │   │   ├── DependInfo.cmake
    │   │   │   │   │   ├── Labels.json
    │   │   │   │   │   ├── Labels.txt
    │   │   │   │   │   ├── build.make
    │   │   │   │   │   ├── cmake_clean.cmake
    │   │   │   │   │   ├── depend.make
    │   │   │   │   │   ├── flags.make
    │   │   │   │   │   ├── link.txt
    │   │   │   │   │   └── progress.make
    │   │   │   │   ├── dynalloc.dir
    │   │   │   │   │   ├── DependInfo.cmake
    │   │   │   │   │   ├── Labels.json
    │   │   │   │   │   ├── Labels.txt
    │   │   │   │   │   ├── build.make
    │   │   │   │   │   ├── cmake_clean.cmake
    │   │   │   │   │   ├── depend.make
    │   │   │   │   │   ├── flags.make
    │   │   │   │   │   ├── link.txt
    │   │   │   │   │   └── progress.make
    │   │   │   │   ├── eigensolver_complex.dir
    │   │   │   │   │   ├── DependInfo.cmake
    │   │   │   │   │   ├── build.make
    │   │   │   │   │   ├── cmake_clean.cmake
    │   │   │   │   │   └── progress.make
    │   │   │   │   ├── eigensolver_complex_1.dir
    │   │   │   │   │   ├── DependInfo.cmake
    │   │   │   │   │   ├── Labels.json
    │   │   │   │   │   ├── Labels.txt
    │   │   │   │   │   ├── build.make
    │   │   │   │   │   ├── cmake_clean.cmake
    │   │   │   │   │   ├── depend.make
    │   │   │   │   │   ├── flags.make
    │   │   │   │   │   ├── link.txt
    │   │   │   │   │   └── progress.make
    │   │   │   │   ├── eigensolver_complex_2.dir
    │   │   │   │   │   ├── DependInfo.cmake
    │   │   │   │   │   ├── Labels.json
    │   │   │   │   │   ├── Labels.txt
    │   │   │   │   │   ├── build.make
    │   │   │   │   │   ├── cmake_clean.cmake
    │   │   │   │   │   ├── depend.make
    │   │   │   │   │   ├── flags.make
    │   │   │   │   │   ├── link.txt
    │   │   │   │   │   └── progress.make
    │   │   │   │   ├── eigensolver_complex_3.dir
    │   │   │   │   │   ├── DependInfo.cmake
    │   │   │   │   │   ├── Labels.json
    │   │   │   │   │   ├── Labels.txt
    │   │   │   │   │   ├── build.make
    │   │   │   │   │   ├── cmake_clean.cmake
    │   │   │   │   │   ├── depend.make
    │   │   │   │   │   ├── flags.make
    │   │   │   │   │   ├── link.txt
    │   │   │   │   │   └── progress.make
    │   │   │   │   ├── eigensolver_complex_4.dir
    │   │   │   │   │   ├── DependInfo.cmake
    │   │   │   │   │   ├── Labels.json
    │   │   │   │   │   ├── Labels.txt
    │   │   │   │   │   ├── build.make
    │   │   │   │   │   ├── cmake_clean.cmake
    │   │   │   │   │   ├── depend.make
    │   │   │   │   │   ├── flags.make
    │   │   │   │   │   ├── link.txt
    │   │   │   │   │   └── progress.make
    │   │   │   │   ├── eigensolver_complex_5.dir
    │   │   │   │   │   ├── DependInfo.cmake
    │   │   │   │   │   ├── Labels.json
    │   │   │   │   │   ├── Labels.txt
    │   │   │   │   │   ├── build.make
    │   │   │   │   │   ├── cmake_clean.cmake
    │   │   │   │   │   ├── depend.make
    │   │   │   │   │   ├── flags.make
    │   │   │   │   │   ├── link.txt
    │   │   │   │   │   └── progress.make
    │   │   │   │   ├── eigensolver_generalized_real.dir
    │   │   │   │   │   ├── DependInfo.cmake
    │   │   │   │   │   ├── build.make
    │   │   │   │   │   ├── cmake_clean.cmake
    │   │   │   │   │   └── progress.make
    │   │   │   │   ├── eigensolver_generalized_real_1.dir
    │   │   │   │   │   ├── DependInfo.cmake
    │   │   │   │   │   ├── Labels.json
    │   │   │   │   │   ├── Labels.txt
    │   │   │   │   │   ├── build.make
    │   │   │   │   │   ├── cmake_clean.cmake
    │   │   │   │   │   ├── depend.make
    │   │   │   │   │   ├── flags.make
    │   │   │   │   │   ├── link.txt
    │   │   │   │   │   └── progress.make
    │   │   │   │   ├── eigensolver_generalized_real_2.dir
    │   │   │   │   │   ├── DependInfo.cmake
    │   │   │   │   │   ├── Labels.json
    │   │   │   │   │   ├── Labels.txt
    │   │   │   │   │   ├── build.make
    │   │   │   │   │   ├── cmake_clean.cmake
    │   │   │   │   │   ├── depend.make
    │   │   │   │   │   ├── flags.make
    │   │   │   │   │   ├── link.txt
    │   │   │   │   │   └── progress.make
    │   │   │   │   ├── eigensolver_generalized_real_3.dir
    │   │   │   │   │   ├── DependInfo.cmake
    │   │   │   │   │   ├── Labels.json
    │   │   │   │   │   ├── Labels.txt
    │   │   │   │   │   ├── build.make
    │   │   │   │   │   ├── cmake_clean.cmake
    │   │   │   │   │   ├── depend.make
    │   │   │   │   │   ├── flags.make
    │   │   │   │   │   ├── link.txt
    │   │   │   │   │   └── progress.make
    │   │   │   │   ├── eigensolver_generalized_real_4.dir
    │   │   │   │   │   ├── DependInfo.cmake
    │   │   │   │   │   ├── Labels.json
    │   │   │   │   │   ├── Labels.txt
    │   │   │   │   │   ├── build.make
    │   │   │   │   │   ├── cmake_clean.cmake
    │   │   │   │   │   ├── depend.make
    │   │   │   │   │   ├── flags.make
    │   │   │   │   │   ├── link.txt
    │   │   │   │   │   └── progress.make
    │   │   │   │   ├── eigensolver_generic.dir
    │   │   │   │   │   ├── DependInfo.cmake
    │   │   │   │   │   ├── build.make
    │   │   │   │   │   ├── cmake_clean.cmake
    │   │   │   │   │   └── progress.make
    │   │   │   │   ├── eigensolver_generic_1.dir
    │   │   │   │   │   ├── DependInfo.cmake
    │   │   │   │   │   ├── Labels.json
    │   │   │   │   │   ├── Labels.txt
    │   │   │   │   │   ├── build.make
    │   │   │   │   │   ├── cmake_clean.cmake
    │   │   │   │   │   ├── depend.make
    │   │   │   │   │   ├── flags.make
    │   │   │   │   │   ├── link.txt
    │   │   │   │   │   └── progress.make
    │   │   │   │   ├── eigensolver_generic_2.dir
    │   │   │   │   │   ├── DependInfo.cmake
    │   │   │   │   │   ├── Labels.json
    │   │   │   │   │   ├── Labels.txt
    │   │   │   │   │   ├── build.make
    │   │   │   │   │   ├── cmake_clean.cmake
    │   │   │   │   │   ├── depend.make
    │   │   │   │   │   ├── flags.make
    │   │   │   │   │   ├── link.txt
    │   │   │   │   │   └── progress.make
    │   │   │   │   ├── eigensolver_generic_3.dir
    │   │   │   │   │   ├── DependInfo.cmake
    │   │   │   │   │   ├── Labels.json
    │   │   │   │   │   ├── Labels.txt
    │   │   │   │   │   ├── build.make
    │   │   │   │   │   ├── cmake_clean.cmake
    │   │   │   │   │   ├── depend.make
    │   │   │   │   │   ├── flags.make
    │   │   │   │   │   ├── link.txt
    │   │   │   │   │   └── progress.make
    │   │   │   │   ├── eigensolver_generic_4.dir
    │   │   │   │   │   ├── DependInfo.cmake
    │   │   │   │   │   ├── Labels.json
    │   │   │   │   │   ├── Labels.txt
    │   │   │   │   │   ├── build.make
    │   │   │   │   │   ├── cmake_clean.cmake
    │   │   │   │   │   ├── depend.make
    │   │   │   │   │   ├── flags.make
    │   │   │   │   │   ├── link.txt
    │   │   │   │   │   └── progress.make
    │   │   │   │   ├── eigensolver_generic_5.dir
    │   │   │   │   │   ├── DependInfo.cmake
    │   │   │   │   │   ├── Labels.json
    │   │   │   │   │   ├── Labels.txt
    │   │   │   │   │   ├── build.make
    │   │   │   │   │   ├── cmake_clean.cmake
    │   │   │   │   │   ├── depend.make
    │   │   │   │   │   ├── flags.make
    │   │   │   │   │   ├── link.txt
    │   │   │   │   │   └── progress.make
    │   │   │   │   ├── eigensolver_selfadjoint.dir
    │   │   │   │   │   ├── DependInfo.cmake
    │   │   │   │   │   ├── build.make
    │   │   │   │   │   ├── cmake_clean.cmake
    │   │   │   │   │   └── progress.make
    │   │   │   │   ├── eigensolver_selfadjoint_1.dir
    │   │   │   │   │   ├── DependInfo.cmake
    │   │   │   │   │   ├── Labels.json
    │   │   │   │   │   ├── Labels.txt
    │   │   │   │   │   ├── build.make
    │   │   │   │   │   ├── cmake_clean.cmake
    │   │   │   │   │   ├── depend.make
    │   │   │   │   │   ├── flags.make
    │   │   │   │   │   ├── link.txt
    │   │   │   │   │   └── progress.make
    │   │   │   │   ├── eigensolver_selfadjoint_12.dir
    │   │   │   │   │   ├── DependInfo.cmake
    │   │   │   │   │   ├── Labels.json
    │   │   │   │   │   ├── Labels.txt
    │   │   │   │   │   ├── build.make
    │   │   │   │   │   ├── cmake_clean.cmake
    │   │   │   │   │   ├── depend.make
    │   │   │   │   │   ├── flags.make
    │   │   │   │   │   ├── link.txt
    │   │   │   │   │   └── progress.make
    │   │   │   │   ├── eigensolver_selfadjoint_13.dir
    │   │   │   │   │   ├── DependInfo.cmake
    │   │   │   │   │   ├── Labels.json
    │   │   │   │   │   ├── Labels.txt
    │   │   │   │   │   ├── build.make
    │   │   │   │   │   ├── cmake_clean.cmake
    │   │   │   │   │   ├── depend.make
    │   │   │   │   │   ├── flags.make
    │   │   │   │   │   ├── link.txt
    │   │   │   │   │   └── progress.make
    │   │   │   │   ├── eigensolver_selfadjoint_2.dir
    │   │   │   │   │   ├── DependInfo.cmake
    │   │   │   │   │   ├── Labels.json
    │   │   │   │   │   ├── Labels.txt
    │   │   │   │   │   ├── build.make
    │   │   │   │   │   ├── cmake_clean.cmake
    │   │   │   │   │   ├── depend.make
    │   │   │   │   │   ├── flags.make
    │   │   │   │   │   ├── link.txt
    │   │   │   │   │   └── progress.make
    │   │   │   │   ├── eigensolver_selfadjoint_3.dir
    │   │   │   │   │   ├── DependInfo.cmake
    │   │   │   │   │   ├── Labels.json
    │   │   │   │   │   ├── Labels.txt
    │   │   │   │   │   ├── build.make
    │   │   │   │   │   ├── cmake_clean.cmake
    │   │   │   │   │   ├── depend.make
    │   │   │   │   │   ├── flags.make
    │   │   │   │   │   ├── link.txt
    │   │   │   │   │   └── progress.make
    │   │   │   │   ├── eigensolver_selfadjoint_4.dir
    │   │   │   │   │   ├── DependInfo.cmake
    │   │   │   │   │   ├── Labels.json
    │   │   │   │   │   ├── Labels.txt
    │   │   │   │   │   ├── build.make
    │   │   │   │   │   ├── cmake_clean.cmake
    │   │   │   │   │   ├── depend.make
    │   │   │   │   │   ├── flags.make
    │   │   │   │   │   ├── link.txt
    │   │   │   │   │   └── progress.make
    │   │   │   │   ├── eigensolver_selfadjoint_5.dir
    │   │   │   │   │   ├── DependInfo.cmake
    │   │   │   │   │   ├── Labels.json
    │   │   │   │   │   ├── Labels.txt
    │   │   │   │   │   ├── build.make
    │   │   │   │   │   ├── cmake_clean.cmake
    │   │   │   │   │   ├── depend.make
    │   │   │   │   │   ├── flags.make
    │   │   │   │   │   ├── link.txt
    │   │   │   │   │   └── progress.make
    │   │   │   │   ├── eigensolver_selfadjoint_6.dir
    │   │   │   │   │   ├── DependInfo.cmake
    │   │   │   │   │   ├── Labels.json
    │   │   │   │   │   ├── Labels.txt
    │   │   │   │   │   ├── build.make
    │   │   │   │   │   ├── cmake_clean.cmake
    │   │   │   │   │   ├── depend.make
    │   │   │   │   │   ├── flags.make
    │   │   │   │   │   ├── link.txt
    │   │   │   │   │   └── progress.make
    │   │   │   │   ├── eigensolver_selfadjoint_7.dir
    │   │   │   │   │   ├── DependInfo.cmake
    │   │   │   │   │   ├── Labels.json
    │   │   │   │   │   ├── Labels.txt
    │   │   │   │   │   ├── build.make
    │   │   │   │   │   ├── cmake_clean.cmake
    │   │   │   │   │   ├── depend.make
    │   │   │   │   │   ├── flags.make
    │   │   │   │   │   ├── link.txt
    │   │   │   │   │   └── progress.make
    │   │   │   │   ├── eigensolver_selfadjoint_8.dir
    │   │   │   │   │   ├── DependInfo.cmake
    │   │   │   │   │   ├── Labels.json
    │   │   │   │   │   ├── Labels.txt
    │   │   │   │   │   ├── build.make
    │   │   │   │   │   ├── cmake_clean.cmake
    │   │   │   │   │   ├── depend.make
    │   │   │   │   │   ├── flags.make
    │   │   │   │   │   ├── link.txt
    │   │   │   │   │   └── progress.make
    │   │   │   │   ├── eigensolver_selfadjoint_9.dir
    │   │   │   │   │   ├── DependInfo.cmake
    │   │   │   │   │   ├── Labels.json
    │   │   │   │   │   ├── Labels.txt
    │   │   │   │   │   ├── build.make
    │   │   │   │   │   ├── cmake_clean.cmake
    │   │   │   │   │   ├── depend.make
    │   │   │   │   │   ├── flags.make
    │   │   │   │   │   ├── link.txt
    │   │   │   │   │   └── progress.make
    │   │   │   │   ├── evaluators.dir
    │   │   │   │   │   ├── DependInfo.cmake
    │   │   │   │   │   ├── Labels.json
    │   │   │   │   │   ├── Labels.txt
    │   │   │   │   │   ├── build.make
    │   │   │   │   │   ├── cmake_clean.cmake
    │   │   │   │   │   ├── depend.make
    │   │   │   │   │   ├── flags.make
    │   │   │   │   │   ├── link.txt
    │   │   │   │   │   └── progress.make
    │   │   │   │   ├── exceptions.dir
    │   │   │   │   │   ├── DependInfo.cmake
    │   │   │   │   │   ├── Labels.json
    │   │   │   │   │   ├── Labels.txt
    │   │   │   │   │   ├── build.make
    │   │   │   │   │   ├── cmake_clean.cmake
    │   │   │   │   │   ├── depend.make
    │   │   │   │   │   ├── flags.make
    │   │   │   │   │   ├── link.txt
    │   │   │   │   │   └── progress.make
    │   │   │   │   ├── fastmath.dir
    │   │   │   │   │   ├── DependInfo.cmake
    │   │   │   │   │   ├── Labels.json
    │   │   │   │   │   ├── Labels.txt
    │   │   │   │   │   ├── build.make
    │   │   │   │   │   ├── cmake_clean.cmake
    │   │   │   │   │   ├── depend.make
    │   │   │   │   │   ├── flags.make
    │   │   │   │   │   ├── link.txt
    │   │   │   │   │   └── progress.make
    │   │   │   │   ├── first_aligned.dir
    │   │   │   │   │   ├── DependInfo.cmake
    │   │   │   │   │   ├── Labels.json
    │   │   │   │   │   ├── Labels.txt
    │   │   │   │   │   ├── build.make
    │   │   │   │   │   ├── cmake_clean.cmake
    │   │   │   │   │   ├── depend.make
    │   │   │   │   │   ├── flags.make
    │   │   │   │   │   ├── link.txt
    │   │   │   │   │   └── progress.make
    │   │   │   │   ├── geo_alignedbox.dir
    │   │   │   │   │   ├── DependInfo.cmake
    │   │   │   │   │   ├── build.make
    │   │   │   │   │   ├── cmake_clean.cmake
    │   │   │   │   │   └── progress.make
    │   │   │   │   ├── geo_alignedbox_1.dir
    │   │   │   │   │   ├── DependInfo.cmake
    │   │   │   │   │   ├── Labels.json
    │   │   │   │   │   ├── Labels.txt
    │   │   │   │   │   ├── build.make
    │   │   │   │   │   ├── cmake_clean.cmake
    │   │   │   │   │   ├── depend.make
    │   │   │   │   │   ├── flags.make
    │   │   │   │   │   ├── link.txt
    │   │   │   │   │   └── progress.make
    │   │   │   │   ├── geo_alignedbox_10.dir
    │   │   │   │   │   ├── DependInfo.cmake
    │   │   │   │   │   ├── Labels.json
    │   │   │   │   │   ├── Labels.txt
    │   │   │   │   │   ├── build.make
    │   │   │   │   │   ├── cmake_clean.cmake
    │   │   │   │   │   ├── depend.make
    │   │   │   │   │   ├── flags.make
    │   │   │   │   │   ├── link.txt
    │   │   │   │   │   └── progress.make
    │   │   │   │   ├── geo_alignedbox_11.dir
    │   │   │   │   │   ├── DependInfo.cmake
    │   │   │   │   │   ├── Labels.json
    │   │   │   │   │   ├── Labels.txt
    │   │   │   │   │   ├── build.make
    │   │   │   │   │   ├── cmake_clean.cmake
    │   │   │   │   │   ├── depend.make
    │   │   │   │   │   ├── flags.make
    │   │   │   │   │   ├── link.txt
    │   │   │   │   │   └── progress.make
    │   │   │   │   ├── geo_alignedbox_12.dir
    │   │   │   │   │   ├── DependInfo.cmake
    │   │   │   │   │   ├── Labels.json
    │   │   │   │   │   ├── Labels.txt
    │   │   │   │   │   ├── build.make
    │   │   │   │   │   ├── cmake_clean.cmake
    │   │   │   │   │   ├── depend.make
    │   │   │   │   │   ├── flags.make
    │   │   │   │   │   ├── link.txt
    │   │   │   │   │   └── progress.make
    │   │   │   │   ├── geo_alignedbox_13.dir
    │   │   │   │   │   ├── DependInfo.cmake
    │   │   │   │   │   ├── Labels.json
    │   │   │   │   │   ├── Labels.txt
    │   │   │   │   │   ├── build.make
    │   │   │   │   │   ├── cmake_clean.cmake
    │   │   │   │   │   ├── depend.make
    │   │   │   │   │   ├── flags.make
    │   │   │   │   │   ├── link.txt
    │   │   │   │   │   └── progress.make
    │   │   │   │   ├── geo_alignedbox_14.dir
    │   │   │   │   │   ├── DependInfo.cmake
    │   │   │   │   │   ├── Labels.json
    │   │   │   │   │   ├── Labels.txt
    │   │   │   │   │   ├── build.make
    │   │   │   │   │   ├── cmake_clean.cmake
    │   │   │   │   │   ├── depend.make
    │   │   │   │   │   ├── flags.make
    │   │   │   │   │   ├── link.txt
    │   │   │   │   │   └── progress.make
    │   │   │   │   ├── geo_alignedbox_2.dir
    │   │   │   │   │   ├── DependInfo.cmake
    │   │   │   │   │   ├── Labels.json
    │   │   │   │   │   ├── Labels.txt
    │   │   │   │   │   ├── build.make
    │   │   │   │   │   ├── cmake_clean.cmake
    │   │   │   │   │   ├── depend.make
    │   │   │   │   │   ├── flags.make
    │   │   │   │   │   ├── link.txt
    │   │   │   │   │   └── progress.make
    │   │   │   │   ├── geo_alignedbox_3.dir
    │   │   │   │   │   ├── DependInfo.cmake
    │   │   │   │   │   ├── Labels.json
    │   │   │   │   │   ├── Labels.txt
    │   │   │   │   │   ├── build.make
    │   │   │   │   │   ├── cmake_clean.cmake
    │   │   │   │   │   ├── depend.make
    │   │   │   │   │   ├── flags.make
    │   │   │   │   │   ├── link.txt
    │   │   │   │   │   └── progress.make
    │   │   │   │   ├── geo_alignedbox_4.dir
    │   │   │   │   │   ├── DependInfo.cmake
    │   │   │   │   │   ├── Labels.json
    │   │   │   │   │   ├── Labels.txt
    │   │   │   │   │   ├── build.make
    │   │   │   │   │   ├── cmake_clean.cmake
    │   │   │   │   │   ├── depend.make
    │   │   │   │   │   ├── flags.make
    │   │   │   │   │   ├── link.txt
    │   │   │   │   │   └── progress.make
    │   │   │   │   ├── geo_alignedbox_5.dir
    │   │   │   │   │   ├── DependInfo.cmake
    │   │   │   │   │   ├── Labels.json
    │   │   │   │   │   ├── Labels.txt
    │   │   │   │   │   ├── build.make
    │   │   │   │   │   ├── cmake_clean.cmake
    │   │   │   │   │   ├── depend.make
    │   │   │   │   │   ├── flags.make
    │   │   │   │   │   ├── link.txt
    │   │   │   │   │   └── progress.make
    │   │   │   │   ├── geo_alignedbox_6.dir
    │   │   │   │   │   ├── DependInfo.cmake
    │   │   │   │   │   ├── Labels.json
    │   │   │   │   │   ├── Labels.txt
    │   │   │   │   │   ├── build.make
    │   │   │   │   │   ├── cmake_clean.cmake
    │   │   │   │   │   ├── depend.make
    │   │   │   │   │   ├── flags.make
    │   │   │   │   │   ├── link.txt
    │   │   │   │   │   └── progress.make
    │   │   │   │   ├── geo_alignedbox_7.dir
    │   │   │   │   │   ├── DependInfo.cmake
    │   │   │   │   │   ├── Labels.json
    │   │   │   │   │   ├── Labels.txt
    │   │   │   │   │   ├── build.make
    │   │   │   │   │   ├── cmake_clean.cmake
    │   │   │   │   │   ├── depend.make
    │   │   │   │   │   ├── flags.make
    │   │   │   │   │   ├── link.txt
    │   │   │   │   │   └── progress.make
    │   │   │   │   ├── geo_alignedbox_8.dir
    │   │   │   │   │   ├── DependInfo.cmake
    │   │   │   │   │   ├── Labels.json
    │   │   │   │   │   ├── Labels.txt
    │   │   │   │   │   ├── build.make
    │   │   │   │   │   ├── cmake_clean.cmake
    │   │   │   │   │   ├── depend.make
    │   │   │   │   │   ├── flags.make
    │   │   │   │   │   ├── link.txt
    │   │   │   │   │   └── progress.make
    │   │   │   │   ├── geo_alignedbox_9.dir
    │   │   │   │   │   ├── DependInfo.cmake
    │   │   │   │   │   ├── Labels.json
    │   │   │   │   │   ├── Labels.txt
    │   │   │   │   │   ├── build.make
    │   │   │   │   │   ├── cmake_clean.cmake
    │   │   │   │   │   ├── depend.make
    │   │   │   │   │   ├── flags.make
    │   │   │   │   │   ├── link.txt
    │   │   │   │   │   └── progress.make
    │   │   │   │   ├── geo_eulerangles.dir
    │   │   │   │   │   ├── DependInfo.cmake
    │   │   │   │   │   ├── build.make
    │   │   │   │   │   ├── cmake_clean.cmake
    │   │   │   │   │   └── progress.make
    │   │   │   │   ├── geo_eulerangles_1.dir
    │   │   │   │   │   ├── DependInfo.cmake
    │   │   │   │   │   ├── Labels.json
    │   │   │   │   │   ├── Labels.txt
    │   │   │   │   │   ├── build.make
    │   │   │   │   │   ├── cmake_clean.cmake
    │   │   │   │   │   ├── depend.make
    │   │   │   │   │   ├── flags.make
    │   │   │   │   │   ├── link.txt
    │   │   │   │   │   └── progress.make
    │   │   │   │   ├── geo_eulerangles_2.dir
    │   │   │   │   │   ├── DependInfo.cmake
    │   │   │   │   │   ├── Labels.json
    │   │   │   │   │   ├── Labels.txt
    │   │   │   │   │   ├── build.make
    │   │   │   │   │   ├── cmake_clean.cmake
    │   │   │   │   │   ├── depend.make
    │   │   │   │   │   ├── flags.make
    │   │   │   │   │   ├── link.txt
    │   │   │   │   │   └── progress.make
    │   │   │   │   ├── geo_homogeneous.dir
    │   │   │   │   │   ├── DependInfo.cmake
    │   │   │   │   │   ├── build.make
    │   │   │   │   │   ├── cmake_clean.cmake
    │   │   │   │   │   └── progress.make
    │   │   │   │   ├── geo_homogeneous_1.dir
    │   │   │   │   │   ├── DependInfo.cmake
    │   │   │   │   │   ├── Labels.json
    │   │   │   │   │   ├── Labels.txt
    │   │   │   │   │   ├── build.make
    │   │   │   │   │   ├── cmake_clean.cmake
    │   │   │   │   │   ├── depend.make
    │   │   │   │   │   ├── flags.make
    │   │   │   │   │   ├── link.txt
    │   │   │   │   │   └── progress.make
    │   │   │   │   ├── geo_homogeneous_2.dir
    │   │   │   │   │   ├── DependInfo.cmake
    │   │   │   │   │   ├── Labels.json
    │   │   │   │   │   ├── Labels.txt
    │   │   │   │   │   ├── build.make
    │   │   │   │   │   ├── cmake_clean.cmake
    │   │   │   │   │   ├── depend.make
    │   │   │   │   │   ├── flags.make
    │   │   │   │   │   ├── link.txt
    │   │   │   │   │   └── progress.make
    │   │   │   │   ├── geo_homogeneous_3.dir
    │   │   │   │   │   ├── DependInfo.cmake
    │   │   │   │   │   ├── Labels.json
    │   │   │   │   │   ├── Labels.txt
    │   │   │   │   │   ├── build.make
    │   │   │   │   │   ├── cmake_clean.cmake
    │   │   │   │   │   ├── depend.make
    │   │   │   │   │   ├── flags.make
    │   │   │   │   │   ├── link.txt
    │   │   │   │   │   └── progress.make
    │   │   │   │   ├── geo_hyperplane.dir
    │   │   │   │   │   ├── DependInfo.cmake
    │   │   │   │   │   ├── build.make
    │   │   │   │   │   ├── cmake_clean.cmake
    │   │   │   │   │   └── progress.make
    │   │   │   │   ├── geo_hyperplane_1.dir
    │   │   │   │   │   ├── DependInfo.cmake
    │   │   │   │   │   ├── Labels.json
    │   │   │   │   │   ├── Labels.txt
    │   │   │   │   │   ├── build.make
    │   │   │   │   │   ├── cmake_clean.cmake
    │   │   │   │   │   ├── depend.make
    │   │   │   │   │   ├── flags.make
    │   │   │   │   │   ├── link.txt
    │   │   │   │   │   └── progress.make
    │   │   │   │   ├── geo_hyperplane_2.dir
    │   │   │   │   │   ├── DependInfo.cmake
    │   │   │   │   │   ├── Labels.json
    │   │   │   │   │   ├── Labels.txt
    │   │   │   │   │   ├── build.make
    │   │   │   │   │   ├── cmake_clean.cmake
    │   │   │   │   │   ├── depend.make
    │   │   │   │   │   ├── flags.make
    │   │   │   │   │   ├── link.txt
    │   │   │   │   │   └── progress.make
    │   │   │   │   ├── geo_hyperplane_3.dir
    │   │   │   │   │   ├── DependInfo.cmake
    │   │   │   │   │   ├── Labels.json
    │   │   │   │   │   ├── Labels.txt
    │   │   │   │   │   ├── build.make
    │   │   │   │   │   ├── cmake_clean.cmake
    │   │   │   │   │   ├── depend.make
    │   │   │   │   │   ├── flags.make
    │   │   │   │   │   ├── link.txt
    │   │   │   │   │   └── progress.make
    │   │   │   │   ├── geo_hyperplane_4.dir
    │   │   │   │   │   ├── DependInfo.cmake
    │   │   │   │   │   ├── Labels.json
    │   │   │   │   │   ├── Labels.txt
    │   │   │   │   │   ├── build.make
    │   │   │   │   │   ├── cmake_clean.cmake
    │   │   │   │   │   ├── depend.make
    │   │   │   │   │   ├── flags.make
    │   │   │   │   │   ├── link.txt
    │   │   │   │   │   └── progress.make
    │   │   │   │   ├── geo_hyperplane_5.dir
    │   │   │   │   │   ├── DependInfo.cmake
    │   │   │   │   │   ├── Labels.json
    │   │   │   │   │   ├── Labels.txt
    │   │   │   │   │   ├── build.make
    │   │   │   │   │   ├── cmake_clean.cmake
    │   │   │   │   │   ├── depend.make
    │   │   │   │   │   ├── flags.make
    │   │   │   │   │   ├── link.txt
    │   │   │   │   │   └── progress.make
    │   │   │   │   ├── geo_orthomethods.dir
    │   │   │   │   │   ├── DependInfo.cmake
    │   │   │   │   │   ├── build.make
    │   │   │   │   │   ├── cmake_clean.cmake
    │   │   │   │   │   └── progress.make
    │   │   │   │   ├── geo_orthomethods_1.dir
    │   │   │   │   │   ├── DependInfo.cmake
    │   │   │   │   │   ├── Labels.json
    │   │   │   │   │   ├── Labels.txt
    │   │   │   │   │   ├── build.make
    │   │   │   │   │   ├── cmake_clean.cmake
    │   │   │   │   │   ├── depend.make
    │   │   │   │   │   ├── flags.make
    │   │   │   │   │   ├── link.txt
    │   │   │   │   │   └── progress.make
    │   │   │   │   ├── geo_orthomethods_2.dir
    │   │   │   │   │   ├── DependInfo.cmake
    │   │   │   │   │   ├── Labels.json
    │   │   │   │   │   ├── Labels.txt
    │   │   │   │   │   ├── build.make
    │   │   │   │   │   ├── cmake_clean.cmake
    │   │   │   │   │   ├── depend.make
    │   │   │   │   │   ├── flags.make
    │   │   │   │   │   ├── link.txt
    │   │   │   │   │   └── progress.make
    │   │   │   │   ├── geo_orthomethods_3.dir
    │   │   │   │   │   ├── DependInfo.cmake
    │   │   │   │   │   ├── Labels.json
    │   │   │   │   │   ├── Labels.txt
    │   │   │   │   │   ├── build.make
    │   │   │   │   │   ├── cmake_clean.cmake
    │   │   │   │   │   ├── depend.make
    │   │   │   │   │   ├── flags.make
    │   │   │   │   │   ├── link.txt
    │   │   │   │   │   └── progress.make
    │   │   │   │   ├── geo_orthomethods_4.dir
    │   │   │   │   │   ├── DependInfo.cmake
    │   │   │   │   │   ├── Labels.json
    │   │   │   │   │   ├── Labels.txt
    │   │   │   │   │   ├── build.make
    │   │   │   │   │   ├── cmake_clean.cmake
    │   │   │   │   │   ├── depend.make
    │   │   │   │   │   ├── flags.make
    │   │   │   │   │   ├── link.txt
    │   │   │   │   │   └── progress.make
    │   │   │   │   ├── geo_orthomethods_5.dir
    │   │   │   │   │   ├── DependInfo.cmake
    │   │   │   │   │   ├── Labels.json
    │   │   │   │   │   ├── Labels.txt
    │   │   │   │   │   ├── build.make
    │   │   │   │   │   ├── cmake_clean.cmake
    │   │   │   │   │   ├── depend.make
    │   │   │   │   │   ├── flags.make
    │   │   │   │   │   ├── link.txt
    │   │   │   │   │   └── progress.make
    │   │   │   │   ├── geo_orthomethods_6.dir
    │   │   │   │   │   ├── DependInfo.cmake
    │   │   │   │   │   ├── Labels.json
    │   │   │   │   │   ├── Labels.txt
    │   │   │   │   │   ├── build.make
    │   │   │   │   │   ├── cmake_clean.cmake
    │   │   │   │   │   ├── depend.make
    │   │   │   │   │   ├── flags.make
    │   │   │   │   │   ├── link.txt
    │   │   │   │   │   └── progress.make
    │   │   │   │   ├── geo_parametrizedline.dir
    │   │   │   │   │   ├── DependInfo.cmake
    │   │   │   │   │   ├── build.make
    │   │   │   │   │   ├── cmake_clean.cmake
    │   │   │   │   │   └── progress.make
    │   │   │   │   ├── geo_parametrizedline_1.dir
    │   │   │   │   │   ├── DependInfo.cmake
    │   │   │   │   │   ├── Labels.json
    │   │   │   │   │   ├── Labels.txt
    │   │   │   │   │   ├── build.make
    │   │   │   │   │   ├── cmake_clean.cmake
    │   │   │   │   │   ├── depend.make
    │   │   │   │   │   ├── flags.make
    │   │   │   │   │   ├── link.txt
    │   │   │   │   │   └── progress.make
    │   │   │   │   ├── geo_parametrizedline_2.dir
    │   │   │   │   │   ├── DependInfo.cmake
    │   │   │   │   │   ├── Labels.json
    │   │   │   │   │   ├── Labels.txt
    │   │   │   │   │   ├── build.make
    │   │   │   │   │   ├── cmake_clean.cmake
    │   │   │   │   │   ├── depend.make
    │   │   │   │   │   ├── flags.make
    │   │   │   │   │   ├── link.txt
    │   │   │   │   │   └── progress.make
    │   │   │   │   ├── geo_parametrizedline_3.dir
    │   │   │   │   │   ├── DependInfo.cmake
    │   │   │   │   │   ├── Labels.json
    │   │   │   │   │   ├── Labels.txt
    │   │   │   │   │   ├── build.make
    │   │   │   │   │   ├── cmake_clean.cmake
    │   │   │   │   │   ├── depend.make
    │   │   │   │   │   ├── flags.make
    │   │   │   │   │   ├── link.txt
    │   │   │   │   │   └── progress.make
    │   │   │   │   ├── geo_parametrizedline_4.dir
    │   │   │   │   │   ├── DependInfo.cmake
    │   │   │   │   │   ├── Labels.json
    │   │   │   │   │   ├── Labels.txt
    │   │   │   │   │   ├── build.make
    │   │   │   │   │   ├── cmake_clean.cmake
    │   │   │   │   │   ├── depend.make
    │   │   │   │   │   ├── flags.make
    │   │   │   │   │   ├── link.txt
    │   │   │   │   │   └── progress.make
    │   │   │   │   ├── geo_quaternion.dir
    │   │   │   │   │   ├── DependInfo.cmake
    │   │   │   │   │   ├── build.make
    │   │   │   │   │   ├── cmake_clean.cmake
    │   │   │   │   │   └── progress.make
    │   │   │   │   ├── geo_quaternion_1.dir
    │   │   │   │   │   ├── DependInfo.cmake
    │   │   │   │   │   ├── Labels.json
    │   │   │   │   │   ├── Labels.txt
    │   │   │   │   │   ├── build.make
    │   │   │   │   │   ├── cmake_clean.cmake
    │   │   │   │   │   ├── depend.make
    │   │   │   │   │   ├── flags.make
    │   │   │   │   │   ├── link.txt
    │   │   │   │   │   └── progress.make
    │   │   │   │   ├── geo_quaternion_2.dir
    │   │   │   │   │   ├── DependInfo.cmake
    │   │   │   │   │   ├── Labels.json
    │   │   │   │   │   ├── Labels.txt
    │   │   │   │   │   ├── build.make
    │   │   │   │   │   ├── cmake_clean.cmake
    │   │   │   │   │   ├── depend.make
    │   │   │   │   │   ├── flags.make
    │   │   │   │   │   ├── link.txt
    │   │   │   │   │   └── progress.make
    │   │   │   │   ├── geo_quaternion_3.dir
    │   │   │   │   │   ├── DependInfo.cmake
    │   │   │   │   │   ├── Labels.json
    │   │   │   │   │   ├── Labels.txt
    │   │   │   │   │   ├── build.make
    │   │   │   │   │   ├── cmake_clean.cmake
    │   │   │   │   │   ├── depend.make
    │   │   │   │   │   ├── flags.make
    │   │   │   │   │   ├── link.txt
    │   │   │   │   │   └── progress.make
    │   │   │   │   ├── geo_transformations.dir
    │   │   │   │   │   ├── DependInfo.cmake
    │   │   │   │   │   ├── build.make
    │   │   │   │   │   ├── cmake_clean.cmake
    │   │   │   │   │   └── progress.make
    │   │   │   │   ├── geo_transformations_1.dir
    │   │   │   │   │   ├── DependInfo.cmake
    │   │   │   │   │   ├── Labels.json
    │   │   │   │   │   ├── Labels.txt
    │   │   │   │   │   ├── build.make
    │   │   │   │   │   ├── cmake_clean.cmake
    │   │   │   │   │   ├── depend.make
    │   │   │   │   │   ├── flags.make
    │   │   │   │   │   ├── link.txt
    │   │   │   │   │   └── progress.make
    │   │   │   │   ├── geo_transformations_2.dir
    │   │   │   │   │   ├── DependInfo.cmake
    │   │   │   │   │   ├── Labels.json
    │   │   │   │   │   ├── Labels.txt
    │   │   │   │   │   ├── build.make
    │   │   │   │   │   ├── cmake_clean.cmake
    │   │   │   │   │   ├── depend.make
    │   │   │   │   │   ├── flags.make
    │   │   │   │   │   ├── link.txt
    │   │   │   │   │   └── progress.make
    │   │   │   │   ├── geo_transformations_3.dir
    │   │   │   │   │   ├── DependInfo.cmake
    │   │   │   │   │   ├── Labels.json
    │   │   │   │   │   ├── Labels.txt
    │   │   │   │   │   ├── build.make
    │   │   │   │   │   ├── cmake_clean.cmake
    │   │   │   │   │   ├── depend.make
    │   │   │   │   │   ├── flags.make
    │   │   │   │   │   ├── link.txt
    │   │   │   │   │   └── progress.make
    │   │   │   │   ├── geo_transformations_4.dir
    │   │   │   │   │   ├── DependInfo.cmake
    │   │   │   │   │   ├── Labels.json
    │   │   │   │   │   ├── Labels.txt
    │   │   │   │   │   ├── build.make
    │   │   │   │   │   ├── cmake_clean.cmake
    │   │   │   │   │   ├── depend.make
    │   │   │   │   │   ├── flags.make
    │   │   │   │   │   ├── link.txt
    │   │   │   │   │   └── progress.make
    │   │   │   │   ├── geo_transformations_5.dir
    │   │   │   │   │   ├── DependInfo.cmake
    │   │   │   │   │   ├── Labels.json
    │   │   │   │   │   ├── Labels.txt
    │   │   │   │   │   ├── build.make
    │   │   │   │   │   ├── cmake_clean.cmake
    │   │   │   │   │   ├── depend.make
    │   │   │   │   │   ├── flags.make
    │   │   │   │   │   ├── link.txt
    │   │   │   │   │   └── progress.make
    │   │   │   │   ├── geo_transformations_6.dir
    │   │   │   │   │   ├── DependInfo.cmake
    │   │   │   │   │   ├── Labels.json
    │   │   │   │   │   ├── Labels.txt
    │   │   │   │   │   ├── build.make
    │   │   │   │   │   ├── cmake_clean.cmake
    │   │   │   │   │   ├── depend.make
    │   │   │   │   │   ├── flags.make
    │   │   │   │   │   ├── link.txt
    │   │   │   │   │   └── progress.make
    │   │   │   │   ├── geo_transformations_7.dir
    │   │   │   │   │   ├── DependInfo.cmake
    │   │   │   │   │   ├── Labels.json
    │   │   │   │   │   ├── Labels.txt
    │   │   │   │   │   ├── build.make
    │   │   │   │   │   ├── cmake_clean.cmake
    │   │   │   │   │   ├── depend.make
    │   │   │   │   │   ├── flags.make
    │   │   │   │   │   ├── link.txt
    │   │   │   │   │   └── progress.make
    │   │   │   │   ├── geo_transformations_8.dir
    │   │   │   │   │   ├── DependInfo.cmake
    │   │   │   │   │   ├── Labels.json
    │   │   │   │   │   ├── Labels.txt
    │   │   │   │   │   ├── build.make
    │   │   │   │   │   ├── cmake_clean.cmake
    │   │   │   │   │   ├── depend.make
    │   │   │   │   │   ├── flags.make
    │   │   │   │   │   ├── link.txt
    │   │   │   │   │   └── progress.make
    │   │   │   │   ├── geo_transformations_9.dir
    │   │   │   │   │   ├── DependInfo.cmake
    │   │   │   │   │   ├── Labels.json
    │   │   │   │   │   ├── Labels.txt
    │   │   │   │   │   ├── build.make
    │   │   │   │   │   ├── cmake_clean.cmake
    │   │   │   │   │   ├── depend.make
    │   │   │   │   │   ├── flags.make
    │   │   │   │   │   ├── link.txt
    │   │   │   │   │   └── progress.make
    │   │   │   │   ├── half_float.dir
    │   │   │   │   │   ├── DependInfo.cmake
    │   │   │   │   │   ├── Labels.json
    │   │   │   │   │   ├── Labels.txt
    │   │   │   │   │   ├── build.make
    │   │   │   │   │   ├── cmake_clean.cmake
    │   │   │   │   │   ├── depend.make
    │   │   │   │   │   ├── flags.make
    │   │   │   │   │   ├── link.txt
    │   │   │   │   │   └── progress.make
    │   │   │   │   ├── hessenberg.dir
    │   │   │   │   │   ├── DependInfo.cmake
    │   │   │   │   │   ├── build.make
    │   │   │   │   │   ├── cmake_clean.cmake
    │   │   │   │   │   └── progress.make
    │   │   │   │   ├── hessenberg_1.dir
    │   │   │   │   │   ├── DependInfo.cmake
    │   │   │   │   │   ├── Labels.json
    │   │   │   │   │   ├── Labels.txt
    │   │   │   │   │   ├── build.make
    │   │   │   │   │   ├── cmake_clean.cmake
    │   │   │   │   │   ├── depend.make
    │   │   │   │   │   ├── flags.make
    │   │   │   │   │   ├── link.txt
    │   │   │   │   │   └── progress.make
    │   │   │   │   ├── hessenberg_2.dir
    │   │   │   │   │   ├── DependInfo.cmake
    │   │   │   │   │   ├── Labels.json
    │   │   │   │   │   ├── Labels.txt
    │   │   │   │   │   ├── build.make
    │   │   │   │   │   ├── cmake_clean.cmake
    │   │   │   │   │   ├── depend.make
    │   │   │   │   │   ├── flags.make
    │   │   │   │   │   ├── link.txt
    │   │   │   │   │   └── progress.make
    │   │   │   │   ├── hessenberg_3.dir
    │   │   │   │   │   ├── DependInfo.cmake
    │   │   │   │   │   ├── Labels.json
    │   │   │   │   │   ├── Labels.txt
    │   │   │   │   │   ├── build.make
    │   │   │   │   │   ├── cmake_clean.cmake
    │   │   │   │   │   ├── depend.make
    │   │   │   │   │   ├── flags.make
    │   │   │   │   │   ├── link.txt
    │   │   │   │   │   └── progress.make
    │   │   │   │   ├── hessenberg_4.dir
    │   │   │   │   │   ├── DependInfo.cmake
    │   │   │   │   │   ├── Labels.json
    │   │   │   │   │   ├── Labels.txt
    │   │   │   │   │   ├── build.make
    │   │   │   │   │   ├── cmake_clean.cmake
    │   │   │   │   │   ├── depend.make
    │   │   │   │   │   ├── flags.make
    │   │   │   │   │   ├── link.txt
    │   │   │   │   │   └── progress.make
    │   │   │   │   ├── hessenberg_5.dir
    │   │   │   │   │   ├── DependInfo.cmake
    │   │   │   │   │   ├── Labels.json
    │   │   │   │   │   ├── Labels.txt
    │   │   │   │   │   ├── build.make
    │   │   │   │   │   ├── cmake_clean.cmake
    │   │   │   │   │   ├── depend.make
    │   │   │   │   │   ├── flags.make
    │   │   │   │   │   ├── link.txt
    │   │   │   │   │   └── progress.make
    │   │   │   │   ├── hessenberg_6.dir
    │   │   │   │   │   ├── DependInfo.cmake
    │   │   │   │   │   ├── Labels.json
    │   │   │   │   │   ├── Labels.txt
    │   │   │   │   │   ├── build.make
    │   │   │   │   │   ├── cmake_clean.cmake
    │   │   │   │   │   ├── depend.make
    │   │   │   │   │   ├── flags.make
    │   │   │   │   │   ├── link.txt
    │   │   │   │   │   └── progress.make
    │   │   │   │   ├── householder.dir
    │   │   │   │   │   ├── DependInfo.cmake
    │   │   │   │   │   ├── build.make
    │   │   │   │   │   ├── cmake_clean.cmake
    │   │   │   │   │   └── progress.make
    │   │   │   │   ├── householder_1.dir
    │   │   │   │   │   ├── DependInfo.cmake
    │   │   │   │   │   ├── Labels.json
    │   │   │   │   │   ├── Labels.txt
    │   │   │   │   │   ├── build.make
    │   │   │   │   │   ├── cmake_clean.cmake
    │   │   │   │   │   ├── depend.make
    │   │   │   │   │   ├── flags.make
    │   │   │   │   │   ├── link.txt
    │   │   │   │   │   └── progress.make
    │   │   │   │   ├── householder_2.dir
    │   │   │   │   │   ├── DependInfo.cmake
    │   │   │   │   │   ├── Labels.json
    │   │   │   │   │   ├── Labels.txt
    │   │   │   │   │   ├── build.make
    │   │   │   │   │   ├── cmake_clean.cmake
    │   │   │   │   │   ├── depend.make
    │   │   │   │   │   ├── flags.make
    │   │   │   │   │   ├── link.txt
    │   │   │   │   │   └── progress.make
    │   │   │   │   ├── householder_3.dir
    │   │   │   │   │   ├── DependInfo.cmake
    │   │   │   │   │   ├── Labels.json
    │   │   │   │   │   ├── Labels.txt
    │   │   │   │   │   ├── build.make
    │   │   │   │   │   ├── cmake_clean.cmake
    │   │   │   │   │   ├── depend.make
    │   │   │   │   │   ├── flags.make
    │   │   │   │   │   ├── link.txt
    │   │   │   │   │   └── progress.make
    │   │   │   │   ├── householder_4.dir
    │   │   │   │   │   ├── DependInfo.cmake
    │   │   │   │   │   ├── Labels.json
    │   │   │   │   │   ├── Labels.txt
    │   │   │   │   │   ├── build.make
    │   │   │   │   │   ├── cmake_clean.cmake
    │   │   │   │   │   ├── depend.make
    │   │   │   │   │   ├── flags.make
    │   │   │   │   │   ├── link.txt
    │   │   │   │   │   └── progress.make
    │   │   │   │   ├── householder_5.dir
    │   │   │   │   │   ├── DependInfo.cmake
    │   │   │   │   │   ├── Labels.json
    │   │   │   │   │   ├── Labels.txt
    │   │   │   │   │   ├── build.make
    │   │   │   │   │   ├── cmake_clean.cmake
    │   │   │   │   │   ├── depend.make
    │   │   │   │   │   ├── flags.make
    │   │   │   │   │   ├── link.txt
    │   │   │   │   │   └── progress.make
    │   │   │   │   ├── householder_6.dir
    │   │   │   │   │   ├── DependInfo.cmake
    │   │   │   │   │   ├── Labels.json
    │   │   │   │   │   ├── Labels.txt
    │   │   │   │   │   ├── build.make
    │   │   │   │   │   ├── cmake_clean.cmake
    │   │   │   │   │   ├── depend.make
    │   │   │   │   │   ├── flags.make
    │   │   │   │   │   ├── link.txt
    │   │   │   │   │   └── progress.make
    │   │   │   │   ├── householder_7.dir
    │   │   │   │   │   ├── DependInfo.cmake
    │   │   │   │   │   ├── Labels.json
    │   │   │   │   │   ├── Labels.txt
    │   │   │   │   │   ├── build.make
    │   │   │   │   │   ├── cmake_clean.cmake
    │   │   │   │   │   ├── depend.make
    │   │   │   │   │   ├── flags.make
    │   │   │   │   │   ├── link.txt
    │   │   │   │   │   └── progress.make
    │   │   │   │   ├── householder_8.dir
    │   │   │   │   │   ├── DependInfo.cmake
    │   │   │   │   │   ├── Labels.json
    │   │   │   │   │   ├── Labels.txt
    │   │   │   │   │   ├── build.make
    │   │   │   │   │   ├── cmake_clean.cmake
    │   │   │   │   │   ├── depend.make
    │   │   │   │   │   ├── flags.make
    │   │   │   │   │   ├── link.txt
    │   │   │   │   │   └── progress.make
    │   │   │   │   ├── incomplete_cholesky.dir
    │   │   │   │   │   ├── DependInfo.cmake
    │   │   │   │   │   ├── build.make
    │   │   │   │   │   ├── cmake_clean.cmake
    │   │   │   │   │   └── progress.make
    │   │   │   │   ├── incomplete_cholesky_1.dir
    │   │   │   │   │   ├── DependInfo.cmake
    │   │   │   │   │   ├── Labels.json
    │   │   │   │   │   ├── Labels.txt
    │   │   │   │   │   ├── build.make
    │   │   │   │   │   ├── cmake_clean.cmake
    │   │   │   │   │   ├── depend.make
    │   │   │   │   │   ├── flags.make
    │   │   │   │   │   ├── link.txt
    │   │   │   │   │   └── progress.make
    │   │   │   │   ├── incomplete_cholesky_2.dir
    │   │   │   │   │   ├── DependInfo.cmake
    │   │   │   │   │   ├── Labels.json
    │   │   │   │   │   ├── Labels.txt
    │   │   │   │   │   ├── build.make
    │   │   │   │   │   ├── cmake_clean.cmake
    │   │   │   │   │   ├── depend.make
    │   │   │   │   │   ├── flags.make
    │   │   │   │   │   ├── link.txt
    │   │   │   │   │   └── progress.make
    │   │   │   │   ├── incomplete_cholesky_3.dir
    │   │   │   │   │   ├── DependInfo.cmake
    │   │   │   │   │   ├── Labels.json
    │   │   │   │   │   ├── Labels.txt
    │   │   │   │   │   ├── build.make
    │   │   │   │   │   ├── cmake_clean.cmake
    │   │   │   │   │   ├── depend.make
    │   │   │   │   │   ├── flags.make
    │   │   │   │   │   ├── link.txt
    │   │   │   │   │   └── progress.make
    │   │   │   │   ├── indexed_view.dir
    │   │   │   │   │   ├── DependInfo.cmake
    │   │   │   │   │   ├── build.make
    │   │   │   │   │   ├── cmake_clean.cmake
    │   │   │   │   │   └── progress.make
    │   │   │   │   ├── indexed_view_1.dir
    │   │   │   │   │   ├── DependInfo.cmake
    │   │   │   │   │   ├── Labels.json
    │   │   │   │   │   ├── Labels.txt
    │   │   │   │   │   ├── build.make
    │   │   │   │   │   ├── cmake_clean.cmake
    │   │   │   │   │   ├── depend.make
    │   │   │   │   │   ├── flags.make
    │   │   │   │   │   ├── link.txt
    │   │   │   │   │   └── progress.make
    │   │   │   │   ├── indexed_view_2.dir
    │   │   │   │   │   ├── DependInfo.cmake
    │   │   │   │   │   ├── Labels.json
    │   │   │   │   │   ├── Labels.txt
    │   │   │   │   │   ├── build.make
    │   │   │   │   │   ├── cmake_clean.cmake
    │   │   │   │   │   ├── depend.make
    │   │   │   │   │   ├── flags.make
    │   │   │   │   │   ├── link.txt
    │   │   │   │   │   └── progress.make
    │   │   │   │   ├── indexed_view_3.dir
    │   │   │   │   │   ├── DependInfo.cmake
    │   │   │   │   │   ├── Labels.json
    │   │   │   │   │   ├── Labels.txt
    │   │   │   │   │   ├── build.make
    │   │   │   │   │   ├── cmake_clean.cmake
    │   │   │   │   │   ├── depend.make
    │   │   │   │   │   ├── flags.make
    │   │   │   │   │   ├── link.txt
    │   │   │   │   │   └── progress.make
    │   │   │   │   ├── inplace_decomposition.dir
    │   │   │   │   │   ├── DependInfo.cmake
    │   │   │   │   │   ├── build.make
    │   │   │   │   │   ├── cmake_clean.cmake
    │   │   │   │   │   └── progress.make
    │   │   │   │   ├── inplace_decomposition_1.dir
    │   │   │   │   │   ├── DependInfo.cmake
    │   │   │   │   │   ├── Labels.json
    │   │   │   │   │   ├── Labels.txt
    │   │   │   │   │   ├── build.make
    │   │   │   │   │   ├── cmake_clean.cmake
    │   │   │   │   │   ├── depend.make
    │   │   │   │   │   ├── flags.make
    │   │   │   │   │   ├── link.txt
    │   │   │   │   │   └── progress.make
    │   │   │   │   ├── inplace_decomposition_2.dir
    │   │   │   │   │   ├── DependInfo.cmake
    │   │   │   │   │   ├── Labels.json
    │   │   │   │   │   ├── Labels.txt
    │   │   │   │   │   ├── build.make
    │   │   │   │   │   ├── cmake_clean.cmake
    │   │   │   │   │   ├── depend.make
    │   │   │   │   │   ├── flags.make
    │   │   │   │   │   ├── link.txt
    │   │   │   │   │   └── progress.make
    │   │   │   │   ├── inplace_decomposition_3.dir
    │   │   │   │   │   ├── DependInfo.cmake
    │   │   │   │   │   ├── Labels.json
    │   │   │   │   │   ├── Labels.txt
    │   │   │   │   │   ├── build.make
    │   │   │   │   │   ├── cmake_clean.cmake
    │   │   │   │   │   ├── depend.make
    │   │   │   │   │   ├── flags.make
    │   │   │   │   │   ├── link.txt
    │   │   │   │   │   └── progress.make
    │   │   │   │   ├── inplace_decomposition_4.dir
    │   │   │   │   │   ├── DependInfo.cmake
    │   │   │   │   │   ├── Labels.json
    │   │   │   │   │   ├── Labels.txt
    │   │   │   │   │   ├── build.make
    │   │   │   │   │   ├── cmake_clean.cmake
    │   │   │   │   │   ├── depend.make
    │   │   │   │   │   ├── flags.make
    │   │   │   │   │   ├── link.txt
    │   │   │   │   │   └── progress.make
    │   │   │   │   ├── inplace_decomposition_5.dir
    │   │   │   │   │   ├── DependInfo.cmake
    │   │   │   │   │   ├── Labels.json
    │   │   │   │   │   ├── Labels.txt
    │   │   │   │   │   ├── build.make
    │   │   │   │   │   ├── cmake_clean.cmake
    │   │   │   │   │   ├── depend.make
    │   │   │   │   │   ├── flags.make
    │   │   │   │   │   ├── link.txt
    │   │   │   │   │   └── progress.make
    │   │   │   │   ├── inplace_decomposition_6.dir
    │   │   │   │   │   ├── DependInfo.cmake
    │   │   │   │   │   ├── Labels.json
    │   │   │   │   │   ├── Labels.txt
    │   │   │   │   │   ├── build.make
    │   │   │   │   │   ├── cmake_clean.cmake
    │   │   │   │   │   ├── depend.make
    │   │   │   │   │   ├── flags.make
    │   │   │   │   │   ├── link.txt
    │   │   │   │   │   └── progress.make
    │   │   │   │   ├── inplace_decomposition_7.dir
    │   │   │   │   │   ├── DependInfo.cmake
    │   │   │   │   │   ├── Labels.json
    │   │   │   │   │   ├── Labels.txt
    │   │   │   │   │   ├── build.make
    │   │   │   │   │   ├── cmake_clean.cmake
    │   │   │   │   │   ├── depend.make
    │   │   │   │   │   ├── flags.make
    │   │   │   │   │   ├── link.txt
    │   │   │   │   │   └── progress.make
    │   │   │   │   ├── inplace_decomposition_8.dir
    │   │   │   │   │   ├── DependInfo.cmake
    │   │   │   │   │   ├── Labels.json
    │   │   │   │   │   ├── Labels.txt
    │   │   │   │   │   ├── build.make
    │   │   │   │   │   ├── cmake_clean.cmake
    │   │   │   │   │   ├── depend.make
    │   │   │   │   │   ├── flags.make
    │   │   │   │   │   ├── link.txt
    │   │   │   │   │   └── progress.make
    │   │   │   │   ├── integer_types.dir
    │   │   │   │   │   ├── DependInfo.cmake
    │   │   │   │   │   ├── build.make
    │   │   │   │   │   ├── cmake_clean.cmake
    │   │   │   │   │   └── progress.make
    │   │   │   │   ├── integer_types_1.dir
    │   │   │   │   │   ├── DependInfo.cmake
    │   │   │   │   │   ├── Labels.json
    │   │   │   │   │   ├── Labels.txt
    │   │   │   │   │   ├── build.make
    │   │   │   │   │   ├── cmake_clean.cmake
    │   │   │   │   │   ├── depend.make
    │   │   │   │   │   ├── flags.make
    │   │   │   │   │   ├── link.txt
    │   │   │   │   │   └── progress.make
    │   │   │   │   ├── integer_types_2.dir
    │   │   │   │   │   ├── DependInfo.cmake
    │   │   │   │   │   ├── Labels.json
    │   │   │   │   │   ├── Labels.txt
    │   │   │   │   │   ├── build.make
    │   │   │   │   │   ├── cmake_clean.cmake
    │   │   │   │   │   ├── depend.make
    │   │   │   │   │   ├── flags.make
    │   │   │   │   │   ├── link.txt
    │   │   │   │   │   └── progress.make
    │   │   │   │   ├── integer_types_3.dir
    │   │   │   │   │   ├── DependInfo.cmake
    │   │   │   │   │   ├── Labels.json
    │   │   │   │   │   ├── Labels.txt
    │   │   │   │   │   ├── build.make
    │   │   │   │   │   ├── cmake_clean.cmake
    │   │   │   │   │   ├── depend.make
    │   │   │   │   │   ├── flags.make
    │   │   │   │   │   ├── link.txt
    │   │   │   │   │   └── progress.make
    │   │   │   │   ├── integer_types_4.dir
    │   │   │   │   │   ├── DependInfo.cmake
    │   │   │   │   │   ├── Labels.json
    │   │   │   │   │   ├── Labels.txt
    │   │   │   │   │   ├── build.make
    │   │   │   │   │   ├── cmake_clean.cmake
    │   │   │   │   │   ├── depend.make
    │   │   │   │   │   ├── flags.make
    │   │   │   │   │   ├── link.txt
    │   │   │   │   │   └── progress.make
    │   │   │   │   ├── integer_types_5.dir
    │   │   │   │   │   ├── DependInfo.cmake
    │   │   │   │   │   ├── Labels.json
    │   │   │   │   │   ├── Labels.txt
    │   │   │   │   │   ├── build.make
    │   │   │   │   │   ├── cmake_clean.cmake
    │   │   │   │   │   ├── depend.make
    │   │   │   │   │   ├── flags.make
    │   │   │   │   │   ├── link.txt
    │   │   │   │   │   └── progress.make
    │   │   │   │   ├── integer_types_6.dir
    │   │   │   │   │   ├── DependInfo.cmake
    │   │   │   │   │   ├── Labels.json
    │   │   │   │   │   ├── Labels.txt
    │   │   │   │   │   ├── build.make
    │   │   │   │   │   ├── cmake_clean.cmake
    │   │   │   │   │   ├── depend.make
    │   │   │   │   │   ├── flags.make
    │   │   │   │   │   ├── link.txt
    │   │   │   │   │   └── progress.make
    │   │   │   │   ├── integer_types_7.dir
    │   │   │   │   │   ├── DependInfo.cmake
    │   │   │   │   │   ├── Labels.json
    │   │   │   │   │   ├── Labels.txt
    │   │   │   │   │   ├── build.make
    │   │   │   │   │   ├── cmake_clean.cmake
    │   │   │   │   │   ├── depend.make
    │   │   │   │   │   ├── flags.make
    │   │   │   │   │   ├── link.txt
    │   │   │   │   │   └── progress.make
    │   │   │   │   ├── integer_types_8.dir
    │   │   │   │   │   ├── DependInfo.cmake
    │   │   │   │   │   ├── Labels.json
    │   │   │   │   │   ├── Labels.txt
    │   │   │   │   │   ├── build.make
    │   │   │   │   │   ├── cmake_clean.cmake
    │   │   │   │   │   ├── depend.make
    │   │   │   │   │   ├── flags.make
    │   │   │   │   │   ├── link.txt
    │   │   │   │   │   └── progress.make
    │   │   │   │   ├── integer_types_9.dir
    │   │   │   │   │   ├── DependInfo.cmake
    │   │   │   │   │   ├── Labels.json
    │   │   │   │   │   ├── Labels.txt
    │   │   │   │   │   ├── build.make
    │   │   │   │   │   ├── cmake_clean.cmake
    │   │   │   │   │   ├── depend.make
    │   │   │   │   │   ├── flags.make
    │   │   │   │   │   ├── link.txt
    │   │   │   │   │   └── progress.make
    │   │   │   │   ├── inverse.dir
    │   │   │   │   │   ├── DependInfo.cmake
    │   │   │   │   │   ├── build.make
    │   │   │   │   │   ├── cmake_clean.cmake
    │   │   │   │   │   └── progress.make
    │   │   │   │   ├── inverse_1.dir
    │   │   │   │   │   ├── DependInfo.cmake
    │   │   │   │   │   ├── Labels.json
    │   │   │   │   │   ├── Labels.txt
    │   │   │   │   │   ├── build.make
    │   │   │   │   │   ├── cmake_clean.cmake
    │   │   │   │   │   ├── depend.make
    │   │   │   │   │   ├── flags.make
    │   │   │   │   │   ├── link.txt
    │   │   │   │   │   └── progress.make
    │   │   │   │   ├── inverse_2.dir
    │   │   │   │   │   ├── DependInfo.cmake
    │   │   │   │   │   ├── Labels.json
    │   │   │   │   │   ├── Labels.txt
    │   │   │   │   │   ├── build.make
    │   │   │   │   │   ├── cmake_clean.cmake
    │   │   │   │   │   ├── depend.make
    │   │   │   │   │   ├── flags.make
    │   │   │   │   │   ├── link.txt
    │   │   │   │   │   └── progress.make
    │   │   │   │   ├── inverse_3.dir
    │   │   │   │   │   ├── DependInfo.cmake
    │   │   │   │   │   ├── Labels.json
    │   │   │   │   │   ├── Labels.txt
    │   │   │   │   │   ├── build.make
    │   │   │   │   │   ├── cmake_clean.cmake
    │   │   │   │   │   ├── depend.make
    │   │   │   │   │   ├── flags.make
    │   │   │   │   │   ├── link.txt
    │   │   │   │   │   └── progress.make
    │   │   │   │   ├── inverse_4.dir
    │   │   │   │   │   ├── DependInfo.cmake
    │   │   │   │   │   ├── Labels.json
    │   │   │   │   │   ├── Labels.txt
    │   │   │   │   │   ├── build.make
    │   │   │   │   │   ├── cmake_clean.cmake
    │   │   │   │   │   ├── depend.make
    │   │   │   │   │   ├── flags.make
    │   │   │   │   │   ├── link.txt
    │   │   │   │   │   └── progress.make
    │   │   │   │   ├── inverse_5.dir
    │   │   │   │   │   ├── DependInfo.cmake
    │   │   │   │   │   ├── Labels.json
    │   │   │   │   │   ├── Labels.txt
    │   │   │   │   │   ├── build.make
    │   │   │   │   │   ├── cmake_clean.cmake
    │   │   │   │   │   ├── depend.make
    │   │   │   │   │   ├── flags.make
    │   │   │   │   │   ├── link.txt
    │   │   │   │   │   └── progress.make
    │   │   │   │   ├── inverse_6.dir
    │   │   │   │   │   ├── DependInfo.cmake
    │   │   │   │   │   ├── Labels.json
    │   │   │   │   │   ├── Labels.txt
    │   │   │   │   │   ├── build.make
    │   │   │   │   │   ├── cmake_clean.cmake
    │   │   │   │   │   ├── depend.make
    │   │   │   │   │   ├── flags.make
    │   │   │   │   │   ├── link.txt
    │   │   │   │   │   └── progress.make
    │   │   │   │   ├── inverse_7.dir
    │   │   │   │   │   ├── DependInfo.cmake
    │   │   │   │   │   ├── Labels.json
    │   │   │   │   │   ├── Labels.txt
    │   │   │   │   │   ├── build.make
    │   │   │   │   │   ├── cmake_clean.cmake
    │   │   │   │   │   ├── depend.make
    │   │   │   │   │   ├── flags.make
    │   │   │   │   │   ├── link.txt
    │   │   │   │   │   └── progress.make
    │   │   │   │   ├── inverse_8.dir
    │   │   │   │   │   ├── DependInfo.cmake
    │   │   │   │   │   ├── Labels.json
    │   │   │   │   │   ├── Labels.txt
    │   │   │   │   │   ├── build.make
    │   │   │   │   │   ├── cmake_clean.cmake
    │   │   │   │   │   ├── depend.make
    │   │   │   │   │   ├── flags.make
    │   │   │   │   │   ├── link.txt
    │   │   │   │   │   └── progress.make
    │   │   │   │   ├── io.dir
    │   │   │   │   │   ├── DependInfo.cmake
    │   │   │   │   │   ├── Labels.json
    │   │   │   │   │   ├── Labels.txt
    │   │   │   │   │   ├── build.make
    │   │   │   │   │   ├── cmake_clean.cmake
    │   │   │   │   │   ├── depend.make
    │   │   │   │   │   ├── flags.make
    │   │   │   │   │   ├── link.txt
    │   │   │   │   │   └── progress.make
    │   │   │   │   ├── is_same_dense.dir
    │   │   │   │   │   ├── DependInfo.cmake
    │   │   │   │   │   ├── Labels.json
    │   │   │   │   │   ├── Labels.txt
    │   │   │   │   │   ├── build.make
    │   │   │   │   │   ├── cmake_clean.cmake
    │   │   │   │   │   ├── depend.make
    │   │   │   │   │   ├── flags.make
    │   │   │   │   │   ├── link.txt
    │   │   │   │   │   └── progress.make
    │   │   │   │   ├── jacobi.dir
    │   │   │   │   │   ├── DependInfo.cmake
    │   │   │   │   │   ├── build.make
    │   │   │   │   │   ├── cmake_clean.cmake
    │   │   │   │   │   └── progress.make
    │   │   │   │   ├── jacobi_1.dir
    │   │   │   │   │   ├── DependInfo.cmake
    │   │   │   │   │   ├── Labels.json
    │   │   │   │   │   ├── Labels.txt
    │   │   │   │   │   ├── build.make
    │   │   │   │   │   ├── cmake_clean.cmake
    │   │   │   │   │   ├── depend.make
    │   │   │   │   │   ├── flags.make
    │   │   │   │   │   ├── link.txt
    │   │   │   │   │   └── progress.make
    │   │   │   │   ├── jacobi_2.dir
    │   │   │   │   │   ├── DependInfo.cmake
    │   │   │   │   │   ├── Labels.json
    │   │   │   │   │   ├── Labels.txt
    │   │   │   │   │   ├── build.make
    │   │   │   │   │   ├── cmake_clean.cmake
    │   │   │   │   │   ├── depend.make
    │   │   │   │   │   ├── flags.make
    │   │   │   │   │   ├── link.txt
    │   │   │   │   │   └── progress.make
    │   │   │   │   ├── jacobi_3.dir
    │   │   │   │   │   ├── DependInfo.cmake
    │   │   │   │   │   ├── Labels.json
    │   │   │   │   │   ├── Labels.txt
    │   │   │   │   │   ├── build.make
    │   │   │   │   │   ├── cmake_clean.cmake
    │   │   │   │   │   ├── depend.make
    │   │   │   │   │   ├── flags.make
    │   │   │   │   │   ├── link.txt
    │   │   │   │   │   └── progress.make
    │   │   │   │   ├── jacobi_4.dir
    │   │   │   │   │   ├── DependInfo.cmake
    │   │   │   │   │   ├── Labels.json
    │   │   │   │   │   ├── Labels.txt
    │   │   │   │   │   ├── build.make
    │   │   │   │   │   ├── cmake_clean.cmake
    │   │   │   │   │   ├── depend.make
    │   │   │   │   │   ├── flags.make
    │   │   │   │   │   ├── link.txt
    │   │   │   │   │   └── progress.make
    │   │   │   │   ├── jacobi_5.dir
    │   │   │   │   │   ├── DependInfo.cmake
    │   │   │   │   │   ├── Labels.json
    │   │   │   │   │   ├── Labels.txt
    │   │   │   │   │   ├── build.make
    │   │   │   │   │   ├── cmake_clean.cmake
    │   │   │   │   │   ├── depend.make
    │   │   │   │   │   ├── flags.make
    │   │   │   │   │   ├── link.txt
    │   │   │   │   │   └── progress.make
    │   │   │   │   ├── jacobi_6.dir
    │   │   │   │   │   ├── DependInfo.cmake
    │   │   │   │   │   ├── Labels.json
    │   │   │   │   │   ├── Labels.txt
    │   │   │   │   │   ├── build.make
    │   │   │   │   │   ├── cmake_clean.cmake
    │   │   │   │   │   ├── depend.make
    │   │   │   │   │   ├── flags.make
    │   │   │   │   │   ├── link.txt
    │   │   │   │   │   └── progress.make
    │   │   │   │   ├── jacobisvd.dir
    │   │   │   │   │   ├── DependInfo.cmake
    │   │   │   │   │   ├── build.make
    │   │   │   │   │   ├── cmake_clean.cmake
    │   │   │   │   │   └── progress.make
    │   │   │   │   ├── jacobisvd_1.dir
    │   │   │   │   │   ├── DependInfo.cmake
    │   │   │   │   │   ├── Labels.json
    │   │   │   │   │   ├── Labels.txt
    │   │   │   │   │   ├── build.make
    │   │   │   │   │   ├── cmake_clean.cmake
    │   │   │   │   │   ├── depend.make
    │   │   │   │   │   ├── flags.make
    │   │   │   │   │   ├── link.txt
    │   │   │   │   │   └── progress.make
    │   │   │   │   ├── jacobisvd_10.dir
    │   │   │   │   │   ├── DependInfo.cmake
    │   │   │   │   │   ├── Labels.json
    │   │   │   │   │   ├── Labels.txt
    │   │   │   │   │   ├── build.make
    │   │   │   │   │   ├── cmake_clean.cmake
    │   │   │   │   │   ├── depend.make
    │   │   │   │   │   ├── flags.make
    │   │   │   │   │   ├── link.txt
    │   │   │   │   │   └── progress.make
    │   │   │   │   ├── jacobisvd_11.dir
    │   │   │   │   │   ├── DependInfo.cmake
    │   │   │   │   │   ├── Labels.json
    │   │   │   │   │   ├── Labels.txt
    │   │   │   │   │   ├── build.make
    │   │   │   │   │   ├── cmake_clean.cmake
    │   │   │   │   │   ├── depend.make
    │   │   │   │   │   ├── flags.make
    │   │   │   │   │   ├── link.txt
    │   │   │   │   │   └── progress.make
    │   │   │   │   ├── jacobisvd_12.dir
    │   │   │   │   │   ├── DependInfo.cmake
    │   │   │   │   │   ├── Labels.json
    │   │   │   │   │   ├── Labels.txt
    │   │   │   │   │   ├── build.make
    │   │   │   │   │   ├── cmake_clean.cmake
    │   │   │   │   │   ├── depend.make
    │   │   │   │   │   ├── flags.make
    │   │   │   │   │   ├── link.txt
    │   │   │   │   │   └── progress.make
    │   │   │   │   ├── jacobisvd_13.dir
    │   │   │   │   │   ├── DependInfo.cmake
    │   │   │   │   │   ├── Labels.json
    │   │   │   │   │   ├── Labels.txt
    │   │   │   │   │   ├── build.make
    │   │   │   │   │   ├── cmake_clean.cmake
    │   │   │   │   │   ├── depend.make
    │   │   │   │   │   ├── flags.make
    │   │   │   │   │   ├── link.txt
    │   │   │   │   │   └── progress.make
    │   │   │   │   ├── jacobisvd_2.dir
    │   │   │   │   │   ├── DependInfo.cmake
    │   │   │   │   │   ├── Labels.json
    │   │   │   │   │   ├── Labels.txt
    │   │   │   │   │   ├── build.make
    │   │   │   │   │   ├── cmake_clean.cmake
    │   │   │   │   │   ├── depend.make
    │   │   │   │   │   ├── flags.make
    │   │   │   │   │   ├── link.txt
    │   │   │   │   │   └── progress.make
    │   │   │   │   ├── jacobisvd_3.dir
    │   │   │   │   │   ├── DependInfo.cmake
    │   │   │   │   │   ├── Labels.json
    │   │   │   │   │   ├── Labels.txt
    │   │   │   │   │   ├── build.make
    │   │   │   │   │   ├── cmake_clean.cmake
    │   │   │   │   │   ├── depend.make
    │   │   │   │   │   ├── flags.make
    │   │   │   │   │   ├── link.txt
    │   │   │   │   │   └── progress.make
    │   │   │   │   ├── jacobisvd_4.dir
    │   │   │   │   │   ├── DependInfo.cmake
    │   │   │   │   │   ├── Labels.json
    │   │   │   │   │   ├── Labels.txt
    │   │   │   │   │   ├── build.make
    │   │   │   │   │   ├── cmake_clean.cmake
    │   │   │   │   │   ├── depend.make
    │   │   │   │   │   ├── flags.make
    │   │   │   │   │   ├── link.txt
    │   │   │   │   │   └── progress.make
    │   │   │   │   ├── jacobisvd_5.dir
    │   │   │   │   │   ├── DependInfo.cmake
    │   │   │   │   │   ├── Labels.json
    │   │   │   │   │   ├── Labels.txt
    │   │   │   │   │   ├── build.make
    │   │   │   │   │   ├── cmake_clean.cmake
    │   │   │   │   │   ├── depend.make
    │   │   │   │   │   ├── flags.make
    │   │   │   │   │   ├── link.txt
    │   │   │   │   │   └── progress.make
    │   │   │   │   ├── jacobisvd_6.dir
    │   │   │   │   │   ├── DependInfo.cmake
    │   │   │   │   │   ├── Labels.json
    │   │   │   │   │   ├── Labels.txt
    │   │   │   │   │   ├── build.make
    │   │   │   │   │   ├── cmake_clean.cmake
    │   │   │   │   │   ├── depend.make
    │   │   │   │   │   ├── flags.make
    │   │   │   │   │   ├── link.txt
    │   │   │   │   │   └── progress.make
    │   │   │   │   ├── jacobisvd_7.dir
    │   │   │   │   │   ├── DependInfo.cmake
    │   │   │   │   │   ├── Labels.json
    │   │   │   │   │   ├── Labels.txt
    │   │   │   │   │   ├── build.make
    │   │   │   │   │   ├── cmake_clean.cmake
    │   │   │   │   │   ├── depend.make
    │   │   │   │   │   ├── flags.make
    │   │   │   │   │   ├── link.txt
    │   │   │   │   │   └── progress.make
    │   │   │   │   ├── jacobisvd_8.dir
    │   │   │   │   │   ├── DependInfo.cmake
    │   │   │   │   │   ├── Labels.json
    │   │   │   │   │   ├── Labels.txt
    │   │   │   │   │   ├── build.make
    │   │   │   │   │   ├── cmake_clean.cmake
    │   │   │   │   │   ├── depend.make
    │   │   │   │   │   ├── flags.make
    │   │   │   │   │   ├── link.txt
    │   │   │   │   │   └── progress.make
    │   │   │   │   ├── jacobisvd_9.dir
    │   │   │   │   │   ├── DependInfo.cmake
    │   │   │   │   │   ├── Labels.json
    │   │   │   │   │   ├── Labels.txt
    │   │   │   │   │   ├── build.make
    │   │   │   │   │   ├── cmake_clean.cmake
    │   │   │   │   │   ├── depend.make
    │   │   │   │   │   ├── flags.make
    │   │   │   │   │   ├── link.txt
    │   │   │   │   │   └── progress.make
    │   │   │   │   ├── linearstructure.dir
    │   │   │   │   │   ├── DependInfo.cmake
    │   │   │   │   │   ├── build.make
    │   │   │   │   │   ├── cmake_clean.cmake
    │   │   │   │   │   └── progress.make
    │   │   │   │   ├── linearstructure_1.dir
    │   │   │   │   │   ├── DependInfo.cmake
    │   │   │   │   │   ├── Labels.json
    │   │   │   │   │   ├── Labels.txt
    │   │   │   │   │   ├── build.make
    │   │   │   │   │   ├── cmake_clean.cmake
    │   │   │   │   │   ├── depend.make
    │   │   │   │   │   ├── flags.make
    │   │   │   │   │   ├── link.txt
    │   │   │   │   │   └── progress.make
    │   │   │   │   ├── linearstructure_10.dir
    │   │   │   │   │   ├── DependInfo.cmake
    │   │   │   │   │   ├── Labels.json
    │   │   │   │   │   ├── Labels.txt
    │   │   │   │   │   ├── build.make
    │   │   │   │   │   ├── cmake_clean.cmake
    │   │   │   │   │   ├── depend.make
    │   │   │   │   │   ├── flags.make
    │   │   │   │   │   ├── link.txt
    │   │   │   │   │   └── progress.make
    │   │   │   │   ├── linearstructure_11.dir
    │   │   │   │   │   ├── DependInfo.cmake
    │   │   │   │   │   ├── Labels.json
    │   │   │   │   │   ├── Labels.txt
    │   │   │   │   │   ├── build.make
    │   │   │   │   │   ├── cmake_clean.cmake
    │   │   │   │   │   ├── depend.make
    │   │   │   │   │   ├── flags.make
    │   │   │   │   │   ├── link.txt
    │   │   │   │   │   └── progress.make
    │   │   │   │   ├── linearstructure_2.dir
    │   │   │   │   │   ├── DependInfo.cmake
    │   │   │   │   │   ├── Labels.json
    │   │   │   │   │   ├── Labels.txt
    │   │   │   │   │   ├── build.make
    │   │   │   │   │   ├── cmake_clean.cmake
    │   │   │   │   │   ├── depend.make
    │   │   │   │   │   ├── flags.make
    │   │   │   │   │   ├── link.txt
    │   │   │   │   │   └── progress.make
    │   │   │   │   ├── linearstructure_3.dir
    │   │   │   │   │   ├── DependInfo.cmake
    │   │   │   │   │   ├── Labels.json
    │   │   │   │   │   ├── Labels.txt
    │   │   │   │   │   ├── build.make
    │   │   │   │   │   ├── cmake_clean.cmake
    │   │   │   │   │   ├── depend.make
    │   │   │   │   │   ├── flags.make
    │   │   │   │   │   ├── link.txt
    │   │   │   │   │   └── progress.make
    │   │   │   │   ├── linearstructure_4.dir
    │   │   │   │   │   ├── DependInfo.cmake
    │   │   │   │   │   ├── Labels.json
    │   │   │   │   │   ├── Labels.txt
    │   │   │   │   │   ├── build.make
    │   │   │   │   │   ├── cmake_clean.cmake
    │   │   │   │   │   ├── depend.make
    │   │   │   │   │   ├── flags.make
    │   │   │   │   │   ├── link.txt
    │   │   │   │   │   └── progress.make
    │   │   │   │   ├── linearstructure_5.dir
    │   │   │   │   │   ├── DependInfo.cmake
    │   │   │   │   │   ├── Labels.json
    │   │   │   │   │   ├── Labels.txt
    │   │   │   │   │   ├── build.make
    │   │   │   │   │   ├── cmake_clean.cmake
    │   │   │   │   │   ├── depend.make
    │   │   │   │   │   ├── flags.make
    │   │   │   │   │   ├── link.txt
    │   │   │   │   │   └── progress.make
    │   │   │   │   ├── linearstructure_6.dir
    │   │   │   │   │   ├── DependInfo.cmake
    │   │   │   │   │   ├── Labels.json
    │   │   │   │   │   ├── Labels.txt
    │   │   │   │   │   ├── build.make
    │   │   │   │   │   ├── cmake_clean.cmake
    │   │   │   │   │   ├── depend.make
    │   │   │   │   │   ├── flags.make
    │   │   │   │   │   ├── link.txt
    │   │   │   │   │   └── progress.make
    │   │   │   │   ├── linearstructure_7.dir
    │   │   │   │   │   ├── DependInfo.cmake
    │   │   │   │   │   ├── Labels.json
    │   │   │   │   │   ├── Labels.txt
    │   │   │   │   │   ├── build.make
    │   │   │   │   │   ├── cmake_clean.cmake
    │   │   │   │   │   ├── depend.make
    │   │   │   │   │   ├── flags.make
    │   │   │   │   │   ├── link.txt
    │   │   │   │   │   └── progress.make
    │   │   │   │   ├── linearstructure_8.dir
    │   │   │   │   │   ├── DependInfo.cmake
    │   │   │   │   │   ├── Labels.json
    │   │   │   │   │   ├── Labels.txt
    │   │   │   │   │   ├── build.make
    │   │   │   │   │   ├── cmake_clean.cmake
    │   │   │   │   │   ├── depend.make
    │   │   │   │   │   ├── flags.make
    │   │   │   │   │   ├── link.txt
    │   │   │   │   │   └── progress.make
    │   │   │   │   ├── linearstructure_9.dir
    │   │   │   │   │   ├── DependInfo.cmake
    │   │   │   │   │   ├── Labels.json
    │   │   │   │   │   ├── Labels.txt
    │   │   │   │   │   ├── build.make
    │   │   │   │   │   ├── cmake_clean.cmake
    │   │   │   │   │   ├── depend.make
    │   │   │   │   │   ├── flags.make
    │   │   │   │   │   ├── link.txt
    │   │   │   │   │   └── progress.make
    │   │   │   │   ├── lscg.dir
    │   │   │   │   │   ├── DependInfo.cmake
    │   │   │   │   │   ├── build.make
    │   │   │   │   │   ├── cmake_clean.cmake
    │   │   │   │   │   └── progress.make
    │   │   │   │   ├── lscg_1.dir
    │   │   │   │   │   ├── DependInfo.cmake
    │   │   │   │   │   ├── Labels.json
    │   │   │   │   │   ├── Labels.txt
    │   │   │   │   │   ├── build.make
    │   │   │   │   │   ├── cmake_clean.cmake
    │   │   │   │   │   ├── depend.make
    │   │   │   │   │   ├── flags.make
    │   │   │   │   │   ├── link.txt
    │   │   │   │   │   └── progress.make
    │   │   │   │   ├── lscg_2.dir
    │   │   │   │   │   ├── DependInfo.cmake
    │   │   │   │   │   ├── Labels.json
    │   │   │   │   │   ├── Labels.txt
    │   │   │   │   │   ├── build.make
    │   │   │   │   │   ├── cmake_clean.cmake
    │   │   │   │   │   ├── depend.make
    │   │   │   │   │   ├── flags.make
    │   │   │   │   │   ├── link.txt
    │   │   │   │   │   └── progress.make
    │   │   │   │   ├── lu.dir
    │   │   │   │   │   ├── DependInfo.cmake
    │   │   │   │   │   ├── build.make
    │   │   │   │   │   ├── cmake_clean.cmake
    │   │   │   │   │   └── progress.make
    │   │   │   │   ├── lu_1.dir
    │   │   │   │   │   ├── DependInfo.cmake
    │   │   │   │   │   ├── Labels.json
    │   │   │   │   │   ├── Labels.txt
    │   │   │   │   │   ├── build.make
    │   │   │   │   │   ├── cmake_clean.cmake
    │   │   │   │   │   ├── depend.make
    │   │   │   │   │   ├── flags.make
    │   │   │   │   │   ├── link.txt
    │   │   │   │   │   └── progress.make
    │   │   │   │   ├── lu_2.dir
    │   │   │   │   │   ├── DependInfo.cmake
    │   │   │   │   │   ├── Labels.json
    │   │   │   │   │   ├── Labels.txt
    │   │   │   │   │   ├── build.make
    │   │   │   │   │   ├── cmake_clean.cmake
    │   │   │   │   │   ├── depend.make
    │   │   │   │   │   ├── flags.make
    │   │   │   │   │   ├── link.txt
    │   │   │   │   │   └── progress.make
    │   │   │   │   ├── lu_3.dir
    │   │   │   │   │   ├── DependInfo.cmake
    │   │   │   │   │   ├── Labels.json
    │   │   │   │   │   ├── Labels.txt
    │   │   │   │   │   ├── build.make
    │   │   │   │   │   ├── cmake_clean.cmake
    │   │   │   │   │   ├── depend.make
    │   │   │   │   │   ├── flags.make
    │   │   │   │   │   ├── link.txt
    │   │   │   │   │   └── progress.make
    │   │   │   │   ├── lu_4.dir
    │   │   │   │   │   ├── DependInfo.cmake
    │   │   │   │   │   ├── Labels.json
    │   │   │   │   │   ├── Labels.txt
    │   │   │   │   │   ├── build.make
    │   │   │   │   │   ├── cmake_clean.cmake
    │   │   │   │   │   ├── depend.make
    │   │   │   │   │   ├── flags.make
    │   │   │   │   │   ├── link.txt
    │   │   │   │   │   └── progress.make
    │   │   │   │   ├── lu_5.dir
    │   │   │   │   │   ├── DependInfo.cmake
    │   │   │   │   │   ├── Labels.json
    │   │   │   │   │   ├── Labels.txt
    │   │   │   │   │   ├── build.make
    │   │   │   │   │   ├── cmake_clean.cmake
    │   │   │   │   │   ├── depend.make
    │   │   │   │   │   ├── flags.make
    │   │   │   │   │   ├── link.txt
    │   │   │   │   │   └── progress.make
    │   │   │   │   ├── lu_6.dir
    │   │   │   │   │   ├── DependInfo.cmake
    │   │   │   │   │   ├── Labels.json
    │   │   │   │   │   ├── Labels.txt
    │   │   │   │   │   ├── build.make
    │   │   │   │   │   ├── cmake_clean.cmake
    │   │   │   │   │   ├── depend.make
    │   │   │   │   │   ├── flags.make
    │   │   │   │   │   ├── link.txt
    │   │   │   │   │   └── progress.make
    │   │   │   │   ├── lu_7.dir
    │   │   │   │   │   ├── DependInfo.cmake
    │   │   │   │   │   ├── Labels.json
    │   │   │   │   │   ├── Labels.txt
    │   │   │   │   │   ├── build.make
    │   │   │   │   │   ├── cmake_clean.cmake
    │   │   │   │   │   ├── depend.make
    │   │   │   │   │   ├── flags.make
    │   │   │   │   │   ├── link.txt
    │   │   │   │   │   └── progress.make
    │   │   │   │   ├── lu_9.dir
    │   │   │   │   │   ├── DependInfo.cmake
    │   │   │   │   │   ├── Labels.json
    │   │   │   │   │   ├── Labels.txt
    │   │   │   │   │   ├── build.make
    │   │   │   │   │   ├── cmake_clean.cmake
    │   │   │   │   │   ├── depend.make
    │   │   │   │   │   ├── flags.make
    │   │   │   │   │   ├── link.txt
    │   │   │   │   │   └── progress.make
    │   │   │   │   ├── mapped_matrix.dir
    │   │   │   │   │   ├── DependInfo.cmake
    │   │   │   │   │   ├── build.make
    │   │   │   │   │   ├── cmake_clean.cmake
    │   │   │   │   │   └── progress.make
    │   │   │   │   ├── mapped_matrix_1.dir
    │   │   │   │   │   ├── DependInfo.cmake
    │   │   │   │   │   ├── Labels.json
    │   │   │   │   │   ├── Labels.txt
    │   │   │   │   │   ├── build.make
    │   │   │   │   │   ├── cmake_clean.cmake
    │   │   │   │   │   ├── depend.make
    │   │   │   │   │   ├── flags.make
    │   │   │   │   │   ├── link.txt
    │   │   │   │   │   └── progress.make
    │   │   │   │   ├── mapped_matrix_10.dir
    │   │   │   │   │   ├── DependInfo.cmake
    │   │   │   │   │   ├── Labels.json
    │   │   │   │   │   ├── Labels.txt
    │   │   │   │   │   ├── build.make
    │   │   │   │   │   ├── cmake_clean.cmake
    │   │   │   │   │   ├── depend.make
    │   │   │   │   │   ├── flags.make
    │   │   │   │   │   ├── link.txt
    │   │   │   │   │   └── progress.make
    │   │   │   │   ├── mapped_matrix_11.dir
    │   │   │   │   │   ├── DependInfo.cmake
    │   │   │   │   │   ├── Labels.json
    │   │   │   │   │   ├── Labels.txt
    │   │   │   │   │   ├── build.make
    │   │   │   │   │   ├── cmake_clean.cmake
    │   │   │   │   │   ├── depend.make
    │   │   │   │   │   ├── flags.make
    │   │   │   │   │   ├── link.txt
    │   │   │   │   │   └── progress.make
    │   │   │   │   ├── mapped_matrix_2.dir
    │   │   │   │   │   ├── DependInfo.cmake
    │   │   │   │   │   ├── Labels.json
    │   │   │   │   │   ├── Labels.txt
    │   │   │   │   │   ├── build.make
    │   │   │   │   │   ├── cmake_clean.cmake
    │   │   │   │   │   ├── depend.make
    │   │   │   │   │   ├── flags.make
    │   │   │   │   │   ├── link.txt
    │   │   │   │   │   └── progress.make
    │   │   │   │   ├── mapped_matrix_3.dir
    │   │   │   │   │   ├── DependInfo.cmake
    │   │   │   │   │   ├── Labels.json
    │   │   │   │   │   ├── Labels.txt
    │   │   │   │   │   ├── build.make
    │   │   │   │   │   ├── cmake_clean.cmake
    │   │   │   │   │   ├── depend.make
    │   │   │   │   │   ├── flags.make
    │   │   │   │   │   ├── link.txt
    │   │   │   │   │   └── progress.make
    │   │   │   │   ├── mapped_matrix_4.dir
    │   │   │   │   │   ├── DependInfo.cmake
    │   │   │   │   │   ├── Labels.json
    │   │   │   │   │   ├── Labels.txt
    │   │   │   │   │   ├── build.make
    │   │   │   │   │   ├── cmake_clean.cmake
    │   │   │   │   │   ├── depend.make
    │   │   │   │   │   ├── flags.make
    │   │   │   │   │   ├── link.txt
    │   │   │   │   │   └── progress.make
    │   │   │   │   ├── mapped_matrix_5.dir
    │   │   │   │   │   ├── DependInfo.cmake
    │   │   │   │   │   ├── Labels.json
    │   │   │   │   │   ├── Labels.txt
    │   │   │   │   │   ├── build.make
    │   │   │   │   │   ├── cmake_clean.cmake
    │   │   │   │   │   ├── depend.make
    │   │   │   │   │   ├── flags.make
    │   │   │   │   │   ├── link.txt
    │   │   │   │   │   └── progress.make
    │   │   │   │   ├── mapped_matrix_6.dir
    │   │   │   │   │   ├── DependInfo.cmake
    │   │   │   │   │   ├── Labels.json
    │   │   │   │   │   ├── Labels.txt
    │   │   │   │   │   ├── build.make
    │   │   │   │   │   ├── cmake_clean.cmake
    │   │   │   │   │   ├── depend.make
    │   │   │   │   │   ├── flags.make
    │   │   │   │   │   ├── link.txt
    │   │   │   │   │   └── progress.make
    │   │   │   │   ├── mapped_matrix_7.dir
    │   │   │   │   │   ├── DependInfo.cmake
    │   │   │   │   │   ├── Labels.json
    │   │   │   │   │   ├── Labels.txt
    │   │   │   │   │   ├── build.make
    │   │   │   │   │   ├── cmake_clean.cmake
    │   │   │   │   │   ├── depend.make
    │   │   │   │   │   ├── flags.make
    │   │   │   │   │   ├── link.txt
    │   │   │   │   │   └── progress.make
    │   │   │   │   ├── mapped_matrix_8.dir
    │   │   │   │   │   ├── DependInfo.cmake
    │   │   │   │   │   ├── Labels.json
    │   │   │   │   │   ├── Labels.txt
    │   │   │   │   │   ├── build.make
    │   │   │   │   │   ├── cmake_clean.cmake
    │   │   │   │   │   ├── depend.make
    │   │   │   │   │   ├── flags.make
    │   │   │   │   │   ├── link.txt
    │   │   │   │   │   └── progress.make
    │   │   │   │   ├── mapped_matrix_9.dir
    │   │   │   │   │   ├── DependInfo.cmake
    │   │   │   │   │   ├── Labels.json
    │   │   │   │   │   ├── Labels.txt
    │   │   │   │   │   ├── build.make
    │   │   │   │   │   ├── cmake_clean.cmake
    │   │   │   │   │   ├── depend.make
    │   │   │   │   │   ├── flags.make
    │   │   │   │   │   ├── link.txt
    │   │   │   │   │   └── progress.make
    │   │   │   │   ├── mapstaticmethods.dir
    │   │   │   │   │   ├── DependInfo.cmake
    │   │   │   │   │   ├── build.make
    │   │   │   │   │   ├── cmake_clean.cmake
    │   │   │   │   │   └── progress.make
    │   │   │   │   ├── mapstaticmethods_1.dir
    │   │   │   │   │   ├── DependInfo.cmake
    │   │   │   │   │   ├── Labels.json
    │   │   │   │   │   ├── Labels.txt
    │   │   │   │   │   ├── build.make
    │   │   │   │   │   ├── cmake_clean.cmake
    │   │   │   │   │   ├── depend.make
    │   │   │   │   │   ├── flags.make
    │   │   │   │   │   ├── link.txt
    │   │   │   │   │   └── progress.make
    │   │   │   │   ├── mapstaticmethods_2.dir
    │   │   │   │   │   ├── DependInfo.cmake
    │   │   │   │   │   ├── Labels.json
    │   │   │   │   │   ├── Labels.txt
    │   │   │   │   │   ├── build.make
    │   │   │   │   │   ├── cmake_clean.cmake
    │   │   │   │   │   ├── depend.make
    │   │   │   │   │   ├── flags.make
    │   │   │   │   │   ├── link.txt
    │   │   │   │   │   └── progress.make
    │   │   │   │   ├── mapstaticmethods_3.dir
    │   │   │   │   │   ├── DependInfo.cmake
    │   │   │   │   │   ├── Labels.json
    │   │   │   │   │   ├── Labels.txt
    │   │   │   │   │   ├── build.make
    │   │   │   │   │   ├── cmake_clean.cmake
    │   │   │   │   │   ├── depend.make
    │   │   │   │   │   ├── flags.make
    │   │   │   │   │   ├── link.txt
    │   │   │   │   │   └── progress.make
    │   │   │   │   ├── mapstaticmethods_4.dir
    │   │   │   │   │   ├── DependInfo.cmake
    │   │   │   │   │   ├── Labels.json
    │   │   │   │   │   ├── Labels.txt
    │   │   │   │   │   ├── build.make
    │   │   │   │   │   ├── cmake_clean.cmake
    │   │   │   │   │   ├── depend.make
    │   │   │   │   │   ├── flags.make
    │   │   │   │   │   ├── link.txt
    │   │   │   │   │   └── progress.make
    │   │   │   │   ├── mapstaticmethods_5.dir
    │   │   │   │   │   ├── DependInfo.cmake
    │   │   │   │   │   ├── Labels.json
    │   │   │   │   │   ├── Labels.txt
    │   │   │   │   │   ├── build.make
    │   │   │   │   │   ├── cmake_clean.cmake
    │   │   │   │   │   ├── depend.make
    │   │   │   │   │   ├── flags.make
    │   │   │   │   │   ├── link.txt
    │   │   │   │   │   └── progress.make
    │   │   │   │   ├── mapstaticmethods_6.dir
    │   │   │   │   │   ├── DependInfo.cmake
    │   │   │   │   │   ├── Labels.json
    │   │   │   │   │   ├── Labels.txt
    │   │   │   │   │   ├── build.make
    │   │   │   │   │   ├── cmake_clean.cmake
    │   │   │   │   │   ├── depend.make
    │   │   │   │   │   ├── flags.make
    │   │   │   │   │   ├── link.txt
    │   │   │   │   │   └── progress.make
    │   │   │   │   ├── mapstaticmethods_7.dir
    │   │   │   │   │   ├── DependInfo.cmake
    │   │   │   │   │   ├── Labels.json
    │   │   │   │   │   ├── Labels.txt
    │   │   │   │   │   ├── build.make
    │   │   │   │   │   ├── cmake_clean.cmake
    │   │   │   │   │   ├── depend.make
    │   │   │   │   │   ├── flags.make
    │   │   │   │   │   ├── link.txt
    │   │   │   │   │   └── progress.make
    │   │   │   │   ├── mapstaticmethods_8.dir
    │   │   │   │   │   ├── DependInfo.cmake
    │   │   │   │   │   ├── Labels.json
    │   │   │   │   │   ├── Labels.txt
    │   │   │   │   │   ├── build.make
    │   │   │   │   │   ├── cmake_clean.cmake
    │   │   │   │   │   ├── depend.make
    │   │   │   │   │   ├── flags.make
    │   │   │   │   │   ├── link.txt
    │   │   │   │   │   └── progress.make
    │   │   │   │   ├── mapstride.dir
    │   │   │   │   │   ├── DependInfo.cmake
    │   │   │   │   │   ├── build.make
    │   │   │   │   │   ├── cmake_clean.cmake
    │   │   │   │   │   └── progress.make
    │   │   │   │   ├── mapstride_1.dir
    │   │   │   │   │   ├── DependInfo.cmake
    │   │   │   │   │   ├── Labels.json
    │   │   │   │   │   ├── Labels.txt
    │   │   │   │   │   ├── build.make
    │   │   │   │   │   ├── cmake_clean.cmake
    │   │   │   │   │   ├── depend.make
    │   │   │   │   │   ├── flags.make
    │   │   │   │   │   ├── link.txt
    │   │   │   │   │   └── progress.make
    │   │   │   │   ├── mapstride_2.dir
    │   │   │   │   │   ├── DependInfo.cmake
    │   │   │   │   │   ├── Labels.json
    │   │   │   │   │   ├── Labels.txt
    │   │   │   │   │   ├── build.make
    │   │   │   │   │   ├── cmake_clean.cmake
    │   │   │   │   │   ├── depend.make
    │   │   │   │   │   ├── flags.make
    │   │   │   │   │   ├── link.txt
    │   │   │   │   │   └── progress.make
    │   │   │   │   ├── mapstride_3.dir
    │   │   │   │   │   ├── DependInfo.cmake
    │   │   │   │   │   ├── Labels.json
    │   │   │   │   │   ├── Labels.txt
    │   │   │   │   │   ├── build.make
    │   │   │   │   │   ├── cmake_clean.cmake
    │   │   │   │   │   ├── depend.make
    │   │   │   │   │   ├── flags.make
    │   │   │   │   │   ├── link.txt
    │   │   │   │   │   └── progress.make
    │   │   │   │   ├── mapstride_4.dir
    │   │   │   │   │   ├── DependInfo.cmake
    │   │   │   │   │   ├── Labels.json
    │   │   │   │   │   ├── Labels.txt
    │   │   │   │   │   ├── build.make
    │   │   │   │   │   ├── cmake_clean.cmake
    │   │   │   │   │   ├── depend.make
    │   │   │   │   │   ├── flags.make
    │   │   │   │   │   ├── link.txt
    │   │   │   │   │   └── progress.make
    │   │   │   │   ├── mapstride_5.dir
    │   │   │   │   │   ├── DependInfo.cmake
    │   │   │   │   │   ├── Labels.json
    │   │   │   │   │   ├── Labels.txt
    │   │   │   │   │   ├── build.make
    │   │   │   │   │   ├── cmake_clean.cmake
    │   │   │   │   │   ├── depend.make
    │   │   │   │   │   ├── flags.make
    │   │   │   │   │   ├── link.txt
    │   │   │   │   │   └── progress.make
    │   │   │   │   ├── mapstride_6.dir
    │   │   │   │   │   ├── DependInfo.cmake
    │   │   │   │   │   ├── Labels.json
    │   │   │   │   │   ├── Labels.txt
    │   │   │   │   │   ├── build.make
    │   │   │   │   │   ├── cmake_clean.cmake
    │   │   │   │   │   ├── depend.make
    │   │   │   │   │   ├── flags.make
    │   │   │   │   │   ├── link.txt
    │   │   │   │   │   └── progress.make
    │   │   │   │   ├── meta.dir
    │   │   │   │   │   ├── DependInfo.cmake
    │   │   │   │   │   ├── Labels.json
    │   │   │   │   │   ├── Labels.txt
    │   │   │   │   │   ├── build.make
    │   │   │   │   │   ├── cmake_clean.cmake
    │   │   │   │   │   ├── depend.make
    │   │   │   │   │   ├── flags.make
    │   │   │   │   │   ├── link.txt
    │   │   │   │   │   └── progress.make
    │   │   │   │   ├── miscmatrices.dir
    │   │   │   │   │   ├── DependInfo.cmake
    │   │   │   │   │   ├── build.make
    │   │   │   │   │   ├── cmake_clean.cmake
    │   │   │   │   │   └── progress.make
    │   │   │   │   ├── miscmatrices_1.dir
    │   │   │   │   │   ├── DependInfo.cmake
    │   │   │   │   │   ├── Labels.json
    │   │   │   │   │   ├── Labels.txt
    │   │   │   │   │   ├── build.make
    │   │   │   │   │   ├── cmake_clean.cmake
    │   │   │   │   │   ├── depend.make
    │   │   │   │   │   ├── flags.make
    │   │   │   │   │   ├── link.txt
    │   │   │   │   │   └── progress.make
    │   │   │   │   ├── miscmatrices_2.dir
    │   │   │   │   │   ├── DependInfo.cmake
    │   │   │   │   │   ├── Labels.json
    │   │   │   │   │   ├── Labels.txt
    │   │   │   │   │   ├── build.make
    │   │   │   │   │   ├── cmake_clean.cmake
    │   │   │   │   │   ├── depend.make
    │   │   │   │   │   ├── flags.make
    │   │   │   │   │   ├── link.txt
    │   │   │   │   │   └── progress.make
    │   │   │   │   ├── miscmatrices_3.dir
    │   │   │   │   │   ├── DependInfo.cmake
    │   │   │   │   │   ├── Labels.json
    │   │   │   │   │   ├── Labels.txt
    │   │   │   │   │   ├── build.make
    │   │   │   │   │   ├── cmake_clean.cmake
    │   │   │   │   │   ├── depend.make
    │   │   │   │   │   ├── flags.make
    │   │   │   │   │   ├── link.txt
    │   │   │   │   │   └── progress.make
    │   │   │   │   ├── miscmatrices_4.dir
    │   │   │   │   │   ├── DependInfo.cmake
    │   │   │   │   │   ├── Labels.json
    │   │   │   │   │   ├── Labels.txt
    │   │   │   │   │   ├── build.make
    │   │   │   │   │   ├── cmake_clean.cmake
    │   │   │   │   │   ├── depend.make
    │   │   │   │   │   ├── flags.make
    │   │   │   │   │   ├── link.txt
    │   │   │   │   │   └── progress.make
    │   │   │   │   ├── miscmatrices_5.dir
    │   │   │   │   │   ├── DependInfo.cmake
    │   │   │   │   │   ├── Labels.json
    │   │   │   │   │   ├── Labels.txt
    │   │   │   │   │   ├── build.make
    │   │   │   │   │   ├── cmake_clean.cmake
    │   │   │   │   │   ├── depend.make
    │   │   │   │   │   ├── flags.make
    │   │   │   │   │   ├── link.txt
    │   │   │   │   │   └── progress.make
    │   │   │   │   ├── mixingtypes.dir
    │   │   │   │   │   ├── DependInfo.cmake
    │   │   │   │   │   ├── build.make
    │   │   │   │   │   ├── cmake_clean.cmake
    │   │   │   │   │   └── progress.make
    │   │   │   │   ├── mixingtypes_1.dir
    │   │   │   │   │   ├── DependInfo.cmake
    │   │   │   │   │   ├── Labels.json
    │   │   │   │   │   ├── Labels.txt
    │   │   │   │   │   ├── build.make
    │   │   │   │   │   ├── cmake_clean.cmake
    │   │   │   │   │   ├── depend.make
    │   │   │   │   │   ├── flags.make
    │   │   │   │   │   ├── link.txt
    │   │   │   │   │   └── progress.make
    │   │   │   │   ├── mixingtypes_2.dir
    │   │   │   │   │   ├── DependInfo.cmake
    │   │   │   │   │   ├── Labels.json
    │   │   │   │   │   ├── Labels.txt
    │   │   │   │   │   ├── build.make
    │   │   │   │   │   ├── cmake_clean.cmake
    │   │   │   │   │   ├── depend.make
    │   │   │   │   │   ├── flags.make
    │   │   │   │   │   ├── link.txt
    │   │   │   │   │   └── progress.make
    │   │   │   │   ├── mixingtypes_3.dir
    │   │   │   │   │   ├── DependInfo.cmake
    │   │   │   │   │   ├── Labels.json
    │   │   │   │   │   ├── Labels.txt
    │   │   │   │   │   ├── build.make
    │   │   │   │   │   ├── cmake_clean.cmake
    │   │   │   │   │   ├── depend.make
    │   │   │   │   │   ├── flags.make
    │   │   │   │   │   ├── link.txt
    │   │   │   │   │   └── progress.make
    │   │   │   │   ├── mixingtypes_4.dir
    │   │   │   │   │   ├── DependInfo.cmake
    │   │   │   │   │   ├── Labels.json
    │   │   │   │   │   ├── Labels.txt
    │   │   │   │   │   ├── build.make
    │   │   │   │   │   ├── cmake_clean.cmake
    │   │   │   │   │   ├── depend.make
    │   │   │   │   │   ├── flags.make
    │   │   │   │   │   ├── link.txt
    │   │   │   │   │   └── progress.make
    │   │   │   │   ├── mixingtypes_5.dir
    │   │   │   │   │   ├── DependInfo.cmake
    │   │   │   │   │   ├── Labels.json
    │   │   │   │   │   ├── Labels.txt
    │   │   │   │   │   ├── build.make
    │   │   │   │   │   ├── cmake_clean.cmake
    │   │   │   │   │   ├── depend.make
    │   │   │   │   │   ├── flags.make
    │   │   │   │   │   ├── link.txt
    │   │   │   │   │   └── progress.make
    │   │   │   │   ├── mixingtypes_6.dir
    │   │   │   │   │   ├── DependInfo.cmake
    │   │   │   │   │   ├── Labels.json
    │   │   │   │   │   ├── Labels.txt
    │   │   │   │   │   ├── build.make
    │   │   │   │   │   ├── cmake_clean.cmake
    │   │   │   │   │   ├── depend.make
    │   │   │   │   │   ├── flags.make
    │   │   │   │   │   ├── link.txt
    │   │   │   │   │   └── progress.make
    │   │   │   │   ├── mixingtypes_7.dir
    │   │   │   │   │   ├── DependInfo.cmake
    │   │   │   │   │   ├── Labels.json
    │   │   │   │   │   ├── Labels.txt
    │   │   │   │   │   ├── build.make
    │   │   │   │   │   ├── cmake_clean.cmake
    │   │   │   │   │   ├── depend.make
    │   │   │   │   │   ├── flags.make
    │   │   │   │   │   ├── link.txt
    │   │   │   │   │   └── progress.make
    │   │   │   │   ├── mpl2only.dir
    │   │   │   │   │   ├── DependInfo.cmake
    │   │   │   │   │   ├── Labels.json
    │   │   │   │   │   ├── Labels.txt
    │   │   │   │   │   ├── build.make
    │   │   │   │   │   ├── cmake_clean.cmake
    │   │   │   │   │   ├── depend.make
    │   │   │   │   │   ├── flags.make
    │   │   │   │   │   ├── link.txt
    │   │   │   │   │   └── progress.make
    │   │   │   │   ├── nestbyvalue.dir
    │   │   │   │   │   ├── DependInfo.cmake
    │   │   │   │   │   ├── Labels.json
    │   │   │   │   │   ├── Labels.txt
    │   │   │   │   │   ├── build.make
    │   │   │   │   │   ├── cmake_clean.cmake
    │   │   │   │   │   ├── depend.make
    │   │   │   │   │   ├── flags.make
    │   │   │   │   │   ├── link.txt
    │   │   │   │   │   └── progress.make
    │   │   │   │   ├── nesting_ops.dir
    │   │   │   │   │   ├── DependInfo.cmake
    │   │   │   │   │   ├── build.make
    │   │   │   │   │   ├── cmake_clean.cmake
    │   │   │   │   │   └── progress.make
    │   │   │   │   ├── nesting_ops_1.dir
    │   │   │   │   │   ├── DependInfo.cmake
    │   │   │   │   │   ├── Labels.json
    │   │   │   │   │   ├── Labels.txt
    │   │   │   │   │   ├── build.make
    │   │   │   │   │   ├── cmake_clean.cmake
    │   │   │   │   │   ├── depend.make
    │   │   │   │   │   ├── flags.make
    │   │   │   │   │   ├── link.txt
    │   │   │   │   │   └── progress.make
    │   │   │   │   ├── nesting_ops_2.dir
    │   │   │   │   │   ├── DependInfo.cmake
    │   │   │   │   │   ├── Labels.json
    │   │   │   │   │   ├── Labels.txt
    │   │   │   │   │   ├── build.make
    │   │   │   │   │   ├── cmake_clean.cmake
    │   │   │   │   │   ├── depend.make
    │   │   │   │   │   ├── flags.make
    │   │   │   │   │   ├── link.txt
    │   │   │   │   │   └── progress.make
    │   │   │   │   ├── nesting_ops_3.dir
    │   │   │   │   │   ├── DependInfo.cmake
    │   │   │   │   │   ├── Labels.json
    │   │   │   │   │   ├── Labels.txt
    │   │   │   │   │   ├── build.make
    │   │   │   │   │   ├── cmake_clean.cmake
    │   │   │   │   │   ├── depend.make
    │   │   │   │   │   ├── flags.make
    │   │   │   │   │   ├── link.txt
    │   │   │   │   │   └── progress.make
    │   │   │   │   ├── nesting_ops_4.dir
    │   │   │   │   │   ├── DependInfo.cmake
    │   │   │   │   │   ├── Labels.json
    │   │   │   │   │   ├── Labels.txt
    │   │   │   │   │   ├── build.make
    │   │   │   │   │   ├── cmake_clean.cmake
    │   │   │   │   │   ├── depend.make
    │   │   │   │   │   ├── flags.make
    │   │   │   │   │   ├── link.txt
    │   │   │   │   │   └── progress.make
    │   │   │   │   ├── nomalloc.dir
    │   │   │   │   │   ├── DependInfo.cmake
    │   │   │   │   │   ├── build.make
    │   │   │   │   │   ├── cmake_clean.cmake
    │   │   │   │   │   └── progress.make
    │   │   │   │   ├── nomalloc_1.dir
    │   │   │   │   │   ├── DependInfo.cmake
    │   │   │   │   │   ├── Labels.json
    │   │   │   │   │   ├── Labels.txt
    │   │   │   │   │   ├── build.make
    │   │   │   │   │   ├── cmake_clean.cmake
    │   │   │   │   │   ├── depend.make
    │   │   │   │   │   ├── flags.make
    │   │   │   │   │   ├── link.txt
    │   │   │   │   │   └── progress.make
    │   │   │   │   ├── nomalloc_2.dir
    │   │   │   │   │   ├── DependInfo.cmake
    │   │   │   │   │   ├── Labels.json
    │   │   │   │   │   ├── Labels.txt
    │   │   │   │   │   ├── build.make
    │   │   │   │   │   ├── cmake_clean.cmake
    │   │   │   │   │   ├── depend.make
    │   │   │   │   │   ├── flags.make
    │   │   │   │   │   ├── link.txt
    │   │   │   │   │   └── progress.make
    │   │   │   │   ├── nomalloc_3.dir
    │   │   │   │   │   ├── DependInfo.cmake
    │   │   │   │   │   ├── Labels.json
    │   │   │   │   │   ├── Labels.txt
    │   │   │   │   │   ├── build.make
    │   │   │   │   │   ├── cmake_clean.cmake
    │   │   │   │   │   ├── depend.make
    │   │   │   │   │   ├── flags.make
    │   │   │   │   │   ├── link.txt
    │   │   │   │   │   └── progress.make
    │   │   │   │   ├── nomalloc_4.dir
    │   │   │   │   │   ├── DependInfo.cmake
    │   │   │   │   │   ├── Labels.json
    │   │   │   │   │   ├── Labels.txt
    │   │   │   │   │   ├── build.make
    │   │   │   │   │   ├── cmake_clean.cmake
    │   │   │   │   │   ├── depend.make
    │   │   │   │   │   ├── flags.make
    │   │   │   │   │   ├── link.txt
    │   │   │   │   │   └── progress.make
    │   │   │   │   ├── nomalloc_5.dir
    │   │   │   │   │   ├── DependInfo.cmake
    │   │   │   │   │   ├── Labels.json
    │   │   │   │   │   ├── Labels.txt
    │   │   │   │   │   ├── build.make
    │   │   │   │   │   ├── cmake_clean.cmake
    │   │   │   │   │   ├── depend.make
    │   │   │   │   │   ├── flags.make
    │   │   │   │   │   ├── link.txt
    │   │   │   │   │   └── progress.make
    │   │   │   │   ├── nomalloc_6.dir
    │   │   │   │   │   ├── DependInfo.cmake
    │   │   │   │   │   ├── Labels.json
    │   │   │   │   │   ├── Labels.txt
    │   │   │   │   │   ├── build.make
    │   │   │   │   │   ├── cmake_clean.cmake
    │   │   │   │   │   ├── depend.make
    │   │   │   │   │   ├── flags.make
    │   │   │   │   │   ├── link.txt
    │   │   │   │   │   └── progress.make
    │   │   │   │   ├── nomalloc_7.dir
    │   │   │   │   │   ├── DependInfo.cmake
    │   │   │   │   │   ├── Labels.json
    │   │   │   │   │   ├── Labels.txt
    │   │   │   │   │   ├── build.make
    │   │   │   │   │   ├── cmake_clean.cmake
    │   │   │   │   │   ├── depend.make
    │   │   │   │   │   ├── flags.make
    │   │   │   │   │   ├── link.txt
    │   │   │   │   │   └── progress.make
    │   │   │   │   ├── nomalloc_8.dir
    │   │   │   │   │   ├── DependInfo.cmake
    │   │   │   │   │   ├── Labels.json
    │   │   │   │   │   ├── Labels.txt
    │   │   │   │   │   ├── build.make
    │   │   │   │   │   ├── cmake_clean.cmake
    │   │   │   │   │   ├── depend.make
    │   │   │   │   │   ├── flags.make
    │   │   │   │   │   ├── link.txt
    │   │   │   │   │   └── progress.make
    │   │   │   │   ├── nullary.dir
    │   │   │   │   │   ├── DependInfo.cmake
    │   │   │   │   │   ├── build.make
    │   │   │   │   │   ├── cmake_clean.cmake
    │   │   │   │   │   └── progress.make
    │   │   │   │   ├── nullary_1.dir
    │   │   │   │   │   ├── DependInfo.cmake
    │   │   │   │   │   ├── Labels.json
    │   │   │   │   │   ├── Labels.txt
    │   │   │   │   │   ├── build.make
    │   │   │   │   │   ├── cmake_clean.cmake
    │   │   │   │   │   ├── depend.make
    │   │   │   │   │   ├── flags.make
    │   │   │   │   │   ├── link.txt
    │   │   │   │   │   └── progress.make
    │   │   │   │   ├── nullary_10.dir
    │   │   │   │   │   ├── DependInfo.cmake
    │   │   │   │   │   ├── Labels.json
    │   │   │   │   │   ├── Labels.txt
    │   │   │   │   │   ├── build.make
    │   │   │   │   │   ├── cmake_clean.cmake
    │   │   │   │   │   ├── depend.make
    │   │   │   │   │   ├── flags.make
    │   │   │   │   │   ├── link.txt
    │   │   │   │   │   └── progress.make
    │   │   │   │   ├── nullary_2.dir
    │   │   │   │   │   ├── DependInfo.cmake
    │   │   │   │   │   ├── Labels.json
    │   │   │   │   │   ├── Labels.txt
    │   │   │   │   │   ├── build.make
    │   │   │   │   │   ├── cmake_clean.cmake
    │   │   │   │   │   ├── depend.make
    │   │   │   │   │   ├── flags.make
    │   │   │   │   │   ├── link.txt
    │   │   │   │   │   └── progress.make
    │   │   │   │   ├── nullary_3.dir
    │   │   │   │   │   ├── DependInfo.cmake
    │   │   │   │   │   ├── Labels.json
    │   │   │   │   │   ├── Labels.txt
    │   │   │   │   │   ├── build.make
    │   │   │   │   │   ├── cmake_clean.cmake
    │   │   │   │   │   ├── depend.make
    │   │   │   │   │   ├── flags.make
    │   │   │   │   │   ├── link.txt
    │   │   │   │   │   └── progress.make
    │   │   │   │   ├── nullary_4.dir
    │   │   │   │   │   ├── DependInfo.cmake
    │   │   │   │   │   ├── Labels.json
    │   │   │   │   │   ├── Labels.txt
    │   │   │   │   │   ├── build.make
    │   │   │   │   │   ├── cmake_clean.cmake
    │   │   │   │   │   ├── depend.make
    │   │   │   │   │   ├── flags.make
    │   │   │   │   │   ├── link.txt
    │   │   │   │   │   └── progress.make
    │   │   │   │   ├── nullary_5.dir
    │   │   │   │   │   ├── DependInfo.cmake
    │   │   │   │   │   ├── Labels.json
    │   │   │   │   │   ├── Labels.txt
    │   │   │   │   │   ├── build.make
    │   │   │   │   │   ├── cmake_clean.cmake
    │   │   │   │   │   ├── depend.make
    │   │   │   │   │   ├── flags.make
    │   │   │   │   │   ├── link.txt
    │   │   │   │   │   └── progress.make
    │   │   │   │   ├── nullary_6.dir
    │   │   │   │   │   ├── DependInfo.cmake
    │   │   │   │   │   ├── Labels.json
    │   │   │   │   │   ├── Labels.txt
    │   │   │   │   │   ├── build.make
    │   │   │   │   │   ├── cmake_clean.cmake
    │   │   │   │   │   ├── depend.make
    │   │   │   │   │   ├── flags.make
    │   │   │   │   │   ├── link.txt
    │   │   │   │   │   └── progress.make
    │   │   │   │   ├── nullary_7.dir
    │   │   │   │   │   ├── DependInfo.cmake
    │   │   │   │   │   ├── Labels.json
    │   │   │   │   │   ├── Labels.txt
    │   │   │   │   │   ├── build.make
    │   │   │   │   │   ├── cmake_clean.cmake
    │   │   │   │   │   ├── depend.make
    │   │   │   │   │   ├── flags.make
    │   │   │   │   │   ├── link.txt
    │   │   │   │   │   └── progress.make
    │   │   │   │   ├── nullary_8.dir
    │   │   │   │   │   ├── DependInfo.cmake
    │   │   │   │   │   ├── Labels.json
    │   │   │   │   │   ├── Labels.txt
    │   │   │   │   │   ├── build.make
    │   │   │   │   │   ├── cmake_clean.cmake
    │   │   │   │   │   ├── depend.make
    │   │   │   │   │   ├── flags.make
    │   │   │   │   │   ├── link.txt
    │   │   │   │   │   └── progress.make
    │   │   │   │   ├── nullary_9.dir
    │   │   │   │   │   ├── DependInfo.cmake
    │   │   │   │   │   ├── Labels.json
    │   │   │   │   │   ├── Labels.txt
    │   │   │   │   │   ├── build.make
    │   │   │   │   │   ├── cmake_clean.cmake
    │   │   │   │   │   ├── depend.make
    │   │   │   │   │   ├── flags.make
    │   │   │   │   │   ├── link.txt
    │   │   │   │   │   └── progress.make
    │   │   │   │   ├── num_dimensions.dir
    │   │   │   │   │   ├── DependInfo.cmake
    │   │   │   │   │   ├── Labels.json
    │   │   │   │   │   ├── Labels.txt
    │   │   │   │   │   ├── build.make
    │   │   │   │   │   ├── cmake_clean.cmake
    │   │   │   │   │   ├── depend.make
    │   │   │   │   │   ├── flags.make
    │   │   │   │   │   ├── link.txt
    │   │   │   │   │   └── progress.make
    │   │   │   │   ├── numext.dir
    │   │   │   │   │   ├── DependInfo.cmake
    │   │   │   │   │   ├── Labels.json
    │   │   │   │   │   ├── Labels.txt
    │   │   │   │   │   ├── build.make
    │   │   │   │   │   ├── cmake_clean.cmake
    │   │   │   │   │   ├── depend.make
    │   │   │   │   │   ├── flags.make
    │   │   │   │   │   ├── link.txt
    │   │   │   │   │   └── progress.make
    │   │   │   │   ├── packetmath.dir
    │   │   │   │   │   ├── DependInfo.cmake
    │   │   │   │   │   ├── build.make
    │   │   │   │   │   ├── cmake_clean.cmake
    │   │   │   │   │   └── progress.make
    │   │   │   │   ├── packetmath_1.dir
    │   │   │   │   │   ├── DependInfo.cmake
    │   │   │   │   │   ├── Labels.json
    │   │   │   │   │   ├── Labels.txt
    │   │   │   │   │   ├── build.make
    │   │   │   │   │   ├── cmake_clean.cmake
    │   │   │   │   │   ├── depend.make
    │   │   │   │   │   ├── flags.make
    │   │   │   │   │   ├── link.txt
    │   │   │   │   │   └── progress.make
    │   │   │   │   ├── packetmath_10.dir
    │   │   │   │   │   ├── DependInfo.cmake
    │   │   │   │   │   ├── Labels.json
    │   │   │   │   │   ├── Labels.txt
    │   │   │   │   │   ├── build.make
    │   │   │   │   │   ├── cmake_clean.cmake
    │   │   │   │   │   ├── depend.make
    │   │   │   │   │   ├── flags.make
    │   │   │   │   │   ├── link.txt
    │   │   │   │   │   └── progress.make
    │   │   │   │   ├── packetmath_11.dir
    │   │   │   │   │   ├── DependInfo.cmake
    │   │   │   │   │   ├── Labels.json
    │   │   │   │   │   ├── Labels.txt
    │   │   │   │   │   ├── build.make
    │   │   │   │   │   ├── cmake_clean.cmake
    │   │   │   │   │   ├── depend.make
    │   │   │   │   │   ├── flags.make
    │   │   │   │   │   ├── link.txt
    │   │   │   │   │   └── progress.make
    │   │   │   │   ├── packetmath_12.dir
    │   │   │   │   │   ├── DependInfo.cmake
    │   │   │   │   │   ├── Labels.json
    │   │   │   │   │   ├── Labels.txt
    │   │   │   │   │   ├── build.make
    │   │   │   │   │   ├── cmake_clean.cmake
    │   │   │   │   │   ├── depend.make
    │   │   │   │   │   ├── flags.make
    │   │   │   │   │   ├── link.txt
    │   │   │   │   │   └── progress.make
    │   │   │   │   ├── packetmath_13.dir
    │   │   │   │   │   ├── DependInfo.cmake
    │   │   │   │   │   ├── Labels.json
    │   │   │   │   │   ├── Labels.txt
    │   │   │   │   │   ├── build.make
    │   │   │   │   │   ├── cmake_clean.cmake
    │   │   │   │   │   ├── depend.make
    │   │   │   │   │   ├── flags.make
    │   │   │   │   │   ├── link.txt
    │   │   │   │   │   └── progress.make
    │   │   │   │   ├── packetmath_14.dir
    │   │   │   │   │   ├── DependInfo.cmake
    │   │   │   │   │   ├── Labels.json
    │   │   │   │   │   ├── Labels.txt
    │   │   │   │   │   ├── build.make
    │   │   │   │   │   ├── cmake_clean.cmake
    │   │   │   │   │   ├── depend.make
    │   │   │   │   │   ├── flags.make
    │   │   │   │   │   ├── link.txt
    │   │   │   │   │   └── progress.make
    │   │   │   │   ├── packetmath_15.dir
    │   │   │   │   │   ├── DependInfo.cmake
    │   │   │   │   │   ├── Labels.json
    │   │   │   │   │   ├── Labels.txt
    │   │   │   │   │   ├── build.make
    │   │   │   │   │   ├── cmake_clean.cmake
    │   │   │   │   │   ├── depend.make
    │   │   │   │   │   ├── flags.make
    │   │   │   │   │   ├── link.txt
    │   │   │   │   │   └── progress.make
    │   │   │   │   ├── packetmath_2.dir
    │   │   │   │   │   ├── DependInfo.cmake
    │   │   │   │   │   ├── Labels.json
    │   │   │   │   │   ├── Labels.txt
    │   │   │   │   │   ├── build.make
    │   │   │   │   │   ├── cmake_clean.cmake
    │   │   │   │   │   ├── depend.make
    │   │   │   │   │   ├── flags.make
    │   │   │   │   │   ├── link.txt
    │   │   │   │   │   └── progress.make
    │   │   │   │   ├── packetmath_3.dir
    │   │   │   │   │   ├── DependInfo.cmake
    │   │   │   │   │   ├── Labels.json
    │   │   │   │   │   ├── Labels.txt
    │   │   │   │   │   ├── build.make
    │   │   │   │   │   ├── cmake_clean.cmake
    │   │   │   │   │   ├── depend.make
    │   │   │   │   │   ├── flags.make
    │   │   │   │   │   ├── link.txt
    │   │   │   │   │   └── progress.make
    │   │   │   │   ├── packetmath_4.dir
    │   │   │   │   │   ├── DependInfo.cmake
    │   │   │   │   │   ├── Labels.json
    │   │   │   │   │   ├── Labels.txt
    │   │   │   │   │   ├── build.make
    │   │   │   │   │   ├── cmake_clean.cmake
    │   │   │   │   │   ├── depend.make
    │   │   │   │   │   ├── flags.make
    │   │   │   │   │   ├── link.txt
    │   │   │   │   │   └── progress.make
    │   │   │   │   ├── packetmath_5.dir
    │   │   │   │   │   ├── DependInfo.cmake
    │   │   │   │   │   ├── Labels.json
    │   │   │   │   │   ├── Labels.txt
    │   │   │   │   │   ├── build.make
    │   │   │   │   │   ├── cmake_clean.cmake
    │   │   │   │   │   ├── depend.make
    │   │   │   │   │   ├── flags.make
    │   │   │   │   │   ├── link.txt
    │   │   │   │   │   └── progress.make
    │   │   │   │   ├── packetmath_6.dir
    │   │   │   │   │   ├── DependInfo.cmake
    │   │   │   │   │   ├── Labels.json
    │   │   │   │   │   ├── Labels.txt
    │   │   │   │   │   ├── build.make
    │   │   │   │   │   ├── cmake_clean.cmake
    │   │   │   │   │   ├── depend.make
    │   │   │   │   │   ├── flags.make
    │   │   │   │   │   ├── link.txt
    │   │   │   │   │   └── progress.make
    │   │   │   │   ├── packetmath_7.dir
    │   │   │   │   │   ├── DependInfo.cmake
    │   │   │   │   │   ├── Labels.json
    │   │   │   │   │   ├── Labels.txt
    │   │   │   │   │   ├── build.make
    │   │   │   │   │   ├── cmake_clean.cmake
    │   │   │   │   │   ├── depend.make
    │   │   │   │   │   ├── flags.make
    │   │   │   │   │   ├── link.txt
    │   │   │   │   │   └── progress.make
    │   │   │   │   ├── packetmath_8.dir
    │   │   │   │   │   ├── DependInfo.cmake
    │   │   │   │   │   ├── Labels.json
    │   │   │   │   │   ├── Labels.txt
    │   │   │   │   │   ├── build.make
    │   │   │   │   │   ├── cmake_clean.cmake
    │   │   │   │   │   ├── depend.make
    │   │   │   │   │   ├── flags.make
    │   │   │   │   │   ├── link.txt
    │   │   │   │   │   └── progress.make
    │   │   │   │   ├── packetmath_9.dir
    │   │   │   │   │   ├── DependInfo.cmake
    │   │   │   │   │   ├── Labels.json
    │   │   │   │   │   ├── Labels.txt
    │   │   │   │   │   ├── build.make
    │   │   │   │   │   ├── cmake_clean.cmake
    │   │   │   │   │   ├── depend.make
    │   │   │   │   │   ├── flags.make
    │   │   │   │   │   ├── link.txt
    │   │   │   │   │   └── progress.make
    │   │   │   │   ├── permutationmatrices.dir
    │   │   │   │   │   ├── DependInfo.cmake
    │   │   │   │   │   ├── build.make
    │   │   │   │   │   ├── cmake_clean.cmake
    │   │   │   │   │   └── progress.make
    │   │   │   │   ├── permutationmatrices_1.dir
    │   │   │   │   │   ├── DependInfo.cmake
    │   │   │   │   │   ├── Labels.json
    │   │   │   │   │   ├── Labels.txt
    │   │   │   │   │   ├── build.make
    │   │   │   │   │   ├── cmake_clean.cmake
    │   │   │   │   │   ├── depend.make
    │   │   │   │   │   ├── flags.make
    │   │   │   │   │   ├── link.txt
    │   │   │   │   │   └── progress.make
    │   │   │   │   ├── permutationmatrices_2.dir
    │   │   │   │   │   ├── DependInfo.cmake
    │   │   │   │   │   ├── Labels.json
    │   │   │   │   │   ├── Labels.txt
    │   │   │   │   │   ├── build.make
    │   │   │   │   │   ├── cmake_clean.cmake
    │   │   │   │   │   ├── depend.make
    │   │   │   │   │   ├── flags.make
    │   │   │   │   │   ├── link.txt
    │   │   │   │   │   └── progress.make
    │   │   │   │   ├── permutationmatrices_3.dir
    │   │   │   │   │   ├── DependInfo.cmake
    │   │   │   │   │   ├── Labels.json
    │   │   │   │   │   ├── Labels.txt
    │   │   │   │   │   ├── build.make
    │   │   │   │   │   ├── cmake_clean.cmake
    │   │   │   │   │   ├── depend.make
    │   │   │   │   │   ├── flags.make
    │   │   │   │   │   ├── link.txt
    │   │   │   │   │   └── progress.make
    │   │   │   │   ├── permutationmatrices_4.dir
    │   │   │   │   │   ├── DependInfo.cmake
    │   │   │   │   │   ├── Labels.json
    │   │   │   │   │   ├── Labels.txt
    │   │   │   │   │   ├── build.make
    │   │   │   │   │   ├── cmake_clean.cmake
    │   │   │   │   │   ├── depend.make
    │   │   │   │   │   ├── flags.make
    │   │   │   │   │   ├── link.txt
    │   │   │   │   │   └── progress.make
    │   │   │   │   ├── permutationmatrices_5.dir
    │   │   │   │   │   ├── DependInfo.cmake
    │   │   │   │   │   ├── Labels.json
    │   │   │   │   │   ├── Labels.txt
    │   │   │   │   │   ├── build.make
    │   │   │   │   │   ├── cmake_clean.cmake
    │   │   │   │   │   ├── depend.make
    │   │   │   │   │   ├── flags.make
    │   │   │   │   │   ├── link.txt
    │   │   │   │   │   └── progress.make
    │   │   │   │   ├── permutationmatrices_6.dir
    │   │   │   │   │   ├── DependInfo.cmake
    │   │   │   │   │   ├── Labels.json
    │   │   │   │   │   ├── Labels.txt
    │   │   │   │   │   ├── build.make
    │   │   │   │   │   ├── cmake_clean.cmake
    │   │   │   │   │   ├── depend.make
    │   │   │   │   │   ├── flags.make
    │   │   │   │   │   ├── link.txt
    │   │   │   │   │   └── progress.make
    │   │   │   │   ├── permutationmatrices_7.dir
    │   │   │   │   │   ├── DependInfo.cmake
    │   │   │   │   │   ├── Labels.json
    │   │   │   │   │   ├── Labels.txt
    │   │   │   │   │   ├── build.make
    │   │   │   │   │   ├── cmake_clean.cmake
    │   │   │   │   │   ├── depend.make
    │   │   │   │   │   ├── flags.make
    │   │   │   │   │   ├── link.txt
    │   │   │   │   │   └── progress.make
    │   │   │   │   ├── prec_inverse_4x4.dir
    │   │   │   │   │   ├── DependInfo.cmake
    │   │   │   │   │   ├── build.make
    │   │   │   │   │   ├── cmake_clean.cmake
    │   │   │   │   │   └── progress.make
    │   │   │   │   ├── prec_inverse_4x4_1.dir
    │   │   │   │   │   ├── DependInfo.cmake
    │   │   │   │   │   ├── Labels.json
    │   │   │   │   │   ├── Labels.txt
    │   │   │   │   │   ├── build.make
    │   │   │   │   │   ├── cmake_clean.cmake
    │   │   │   │   │   ├── depend.make
    │   │   │   │   │   ├── flags.make
    │   │   │   │   │   ├── link.txt
    │   │   │   │   │   └── progress.make
    │   │   │   │   ├── prec_inverse_4x4_2.dir
    │   │   │   │   │   ├── DependInfo.cmake
    │   │   │   │   │   ├── Labels.json
    │   │   │   │   │   ├── Labels.txt
    │   │   │   │   │   ├── build.make
    │   │   │   │   │   ├── cmake_clean.cmake
    │   │   │   │   │   ├── depend.make
    │   │   │   │   │   ├── flags.make
    │   │   │   │   │   ├── link.txt
    │   │   │   │   │   └── progress.make
    │   │   │   │   ├── prec_inverse_4x4_3.dir
    │   │   │   │   │   ├── DependInfo.cmake
    │   │   │   │   │   ├── Labels.json
    │   │   │   │   │   ├── Labels.txt
    │   │   │   │   │   ├── build.make
    │   │   │   │   │   ├── cmake_clean.cmake
    │   │   │   │   │   ├── depend.make
    │   │   │   │   │   ├── flags.make
    │   │   │   │   │   ├── link.txt
    │   │   │   │   │   └── progress.make
    │   │   │   │   ├── product_extra.dir
    │   │   │   │   │   ├── DependInfo.cmake
    │   │   │   │   │   ├── build.make
    │   │   │   │   │   ├── cmake_clean.cmake
    │   │   │   │   │   └── progress.make
    │   │   │   │   ├── product_extra_1.dir
    │   │   │   │   │   ├── DependInfo.cmake
    │   │   │   │   │   ├── Labels.json
    │   │   │   │   │   ├── Labels.txt
    │   │   │   │   │   ├── build.make
    │   │   │   │   │   ├── cmake_clean.cmake
    │   │   │   │   │   ├── depend.make
    │   │   │   │   │   ├── flags.make
    │   │   │   │   │   ├── link.txt
    │   │   │   │   │   └── progress.make
    │   │   │   │   ├── product_extra_2.dir
    │   │   │   │   │   ├── DependInfo.cmake
    │   │   │   │   │   ├── Labels.json
    │   │   │   │   │   ├── Labels.txt
    │   │   │   │   │   ├── build.make
    │   │   │   │   │   ├── cmake_clean.cmake
    │   │   │   │   │   ├── depend.make
    │   │   │   │   │   ├── flags.make
    │   │   │   │   │   ├── link.txt
    │   │   │   │   │   └── progress.make
    │   │   │   │   ├── product_extra_3.dir
    │   │   │   │   │   ├── DependInfo.cmake
    │   │   │   │   │   ├── Labels.json
    │   │   │   │   │   ├── Labels.txt
    │   │   │   │   │   ├── build.make
    │   │   │   │   │   ├── cmake_clean.cmake
    │   │   │   │   │   ├── depend.make
    │   │   │   │   │   ├── flags.make
    │   │   │   │   │   ├── link.txt
    │   │   │   │   │   └── progress.make
    │   │   │   │   ├── product_extra_4.dir
    │   │   │   │   │   ├── DependInfo.cmake
    │   │   │   │   │   ├── Labels.json
    │   │   │   │   │   ├── Labels.txt
    │   │   │   │   │   ├── build.make
    │   │   │   │   │   ├── cmake_clean.cmake
    │   │   │   │   │   ├── depend.make
    │   │   │   │   │   ├── flags.make
    │   │   │   │   │   ├── link.txt
    │   │   │   │   │   └── progress.make
    │   │   │   │   ├── product_extra_5.dir
    │   │   │   │   │   ├── DependInfo.cmake
    │   │   │   │   │   ├── Labels.json
    │   │   │   │   │   ├── Labels.txt
    │   │   │   │   │   ├── build.make
    │   │   │   │   │   ├── cmake_clean.cmake
    │   │   │   │   │   ├── depend.make
    │   │   │   │   │   ├── flags.make
    │   │   │   │   │   ├── link.txt
    │   │   │   │   │   └── progress.make
    │   │   │   │   ├── product_extra_6.dir
    │   │   │   │   │   ├── DependInfo.cmake
    │   │   │   │   │   ├── Labels.json
    │   │   │   │   │   ├── Labels.txt
    │   │   │   │   │   ├── build.make
    │   │   │   │   │   ├── cmake_clean.cmake
    │   │   │   │   │   ├── depend.make
    │   │   │   │   │   ├── flags.make
    │   │   │   │   │   ├── link.txt
    │   │   │   │   │   └── progress.make
    │   │   │   │   ├── product_extra_7.dir
    │   │   │   │   │   ├── DependInfo.cmake
    │   │   │   │   │   ├── Labels.json
    │   │   │   │   │   ├── Labels.txt
    │   │   │   │   │   ├── build.make
    │   │   │   │   │   ├── cmake_clean.cmake
    │   │   │   │   │   ├── depend.make
    │   │   │   │   │   ├── flags.make
    │   │   │   │   │   ├── link.txt
    │   │   │   │   │   └── progress.make
    │   │   │   │   ├── product_extra_8.dir
    │   │   │   │   │   ├── DependInfo.cmake
    │   │   │   │   │   ├── Labels.json
    │   │   │   │   │   ├── Labels.txt
    │   │   │   │   │   ├── build.make
    │   │   │   │   │   ├── cmake_clean.cmake
    │   │   │   │   │   ├── depend.make
    │   │   │   │   │   ├── flags.make
    │   │   │   │   │   ├── link.txt
    │   │   │   │   │   └── progress.make
    │   │   │   │   ├── product_large.dir
    │   │   │   │   │   ├── DependInfo.cmake
    │   │   │   │   │   ├── build.make
    │   │   │   │   │   ├── cmake_clean.cmake
    │   │   │   │   │   └── progress.make
    │   │   │   │   ├── product_large_1.dir
    │   │   │   │   │   ├── DependInfo.cmake
    │   │   │   │   │   ├── Labels.json
    │   │   │   │   │   ├── Labels.txt
    │   │   │   │   │   ├── build.make
    │   │   │   │   │   ├── cmake_clean.cmake
    │   │   │   │   │   ├── depend.make
    │   │   │   │   │   ├── flags.make
    │   │   │   │   │   ├── link.txt
    │   │   │   │   │   └── progress.make
    │   │   │   │   ├── product_large_10.dir
    │   │   │   │   │   ├── DependInfo.cmake
    │   │   │   │   │   ├── Labels.json
    │   │   │   │   │   ├── Labels.txt
    │   │   │   │   │   ├── build.make
    │   │   │   │   │   ├── cmake_clean.cmake
    │   │   │   │   │   ├── depend.make
    │   │   │   │   │   ├── flags.make
    │   │   │   │   │   ├── link.txt
    │   │   │   │   │   └── progress.make
    │   │   │   │   ├── product_large_2.dir
    │   │   │   │   │   ├── DependInfo.cmake
    │   │   │   │   │   ├── Labels.json
    │   │   │   │   │   ├── Labels.txt
    │   │   │   │   │   ├── build.make
    │   │   │   │   │   ├── cmake_clean.cmake
    │   │   │   │   │   ├── depend.make
    │   │   │   │   │   ├── flags.make
    │   │   │   │   │   ├── link.txt
    │   │   │   │   │   └── progress.make
    │   │   │   │   ├── product_large_3.dir
    │   │   │   │   │   ├── DependInfo.cmake
    │   │   │   │   │   ├── Labels.json
    │   │   │   │   │   ├── Labels.txt
    │   │   │   │   │   ├── build.make
    │   │   │   │   │   ├── cmake_clean.cmake
    │   │   │   │   │   ├── depend.make
    │   │   │   │   │   ├── flags.make
    │   │   │   │   │   ├── link.txt
    │   │   │   │   │   └── progress.make
    │   │   │   │   ├── product_large_4.dir
    │   │   │   │   │   ├── DependInfo.cmake
    │   │   │   │   │   ├── Labels.json
    │   │   │   │   │   ├── Labels.txt
    │   │   │   │   │   ├── build.make
    │   │   │   │   │   ├── cmake_clean.cmake
    │   │   │   │   │   ├── depend.make
    │   │   │   │   │   ├── flags.make
    │   │   │   │   │   ├── link.txt
    │   │   │   │   │   └── progress.make
    │   │   │   │   ├── product_large_5.dir
    │   │   │   │   │   ├── DependInfo.cmake
    │   │   │   │   │   ├── Labels.json
    │   │   │   │   │   ├── Labels.txt
    │   │   │   │   │   ├── build.make
    │   │   │   │   │   ├── cmake_clean.cmake
    │   │   │   │   │   ├── depend.make
    │   │   │   │   │   ├── flags.make
    │   │   │   │   │   ├── link.txt
    │   │   │   │   │   └── progress.make
    │   │   │   │   ├── product_large_6.dir
    │   │   │   │   │   ├── DependInfo.cmake
    │   │   │   │   │   ├── Labels.json
    │   │   │   │   │   ├── Labels.txt
    │   │   │   │   │   ├── build.make
    │   │   │   │   │   ├── cmake_clean.cmake
    │   │   │   │   │   ├── depend.make
    │   │   │   │   │   ├── flags.make
    │   │   │   │   │   ├── link.txt
    │   │   │   │   │   └── progress.make
    │   │   │   │   ├── product_large_7.dir
    │   │   │   │   │   ├── DependInfo.cmake
    │   │   │   │   │   ├── Labels.json
    │   │   │   │   │   ├── Labels.txt
    │   │   │   │   │   ├── build.make
    │   │   │   │   │   ├── cmake_clean.cmake
    │   │   │   │   │   ├── depend.make
    │   │   │   │   │   ├── flags.make
    │   │   │   │   │   ├── link.txt
    │   │   │   │   │   └── progress.make
    │   │   │   │   ├── product_large_8.dir
    │   │   │   │   │   ├── DependInfo.cmake
    │   │   │   │   │   ├── Labels.json
    │   │   │   │   │   ├── Labels.txt
    │   │   │   │   │   ├── build.make
    │   │   │   │   │   ├── cmake_clean.cmake
    │   │   │   │   │   ├── depend.make
    │   │   │   │   │   ├── flags.make
    │   │   │   │   │   ├── link.txt
    │   │   │   │   │   └── progress.make
    │   │   │   │   ├── product_large_9.dir
    │   │   │   │   │   ├── DependInfo.cmake
    │   │   │   │   │   ├── Labels.json
    │   │   │   │   │   ├── Labels.txt
    │   │   │   │   │   ├── build.make
    │   │   │   │   │   ├── cmake_clean.cmake
    │   │   │   │   │   ├── depend.make
    │   │   │   │   │   ├── flags.make
    │   │   │   │   │   ├── link.txt
    │   │   │   │   │   └── progress.make
    │   │   │   │   ├── product_mmtr.dir
    │   │   │   │   │   ├── DependInfo.cmake
    │   │   │   │   │   ├── build.make
    │   │   │   │   │   ├── cmake_clean.cmake
    │   │   │   │   │   └── progress.make
    │   │   │   │   ├── product_mmtr_1.dir
    │   │   │   │   │   ├── DependInfo.cmake
    │   │   │   │   │   ├── Labels.json
    │   │   │   │   │   ├── Labels.txt
    │   │   │   │   │   ├── build.make
    │   │   │   │   │   ├── cmake_clean.cmake
    │   │   │   │   │   ├── depend.make
    │   │   │   │   │   ├── flags.make
    │   │   │   │   │   ├── link.txt
    │   │   │   │   │   └── progress.make
    │   │   │   │   ├── product_mmtr_2.dir
    │   │   │   │   │   ├── DependInfo.cmake
    │   │   │   │   │   ├── Labels.json
    │   │   │   │   │   ├── Labels.txt
    │   │   │   │   │   ├── build.make
    │   │   │   │   │   ├── cmake_clean.cmake
    │   │   │   │   │   ├── depend.make
    │   │   │   │   │   ├── flags.make
    │   │   │   │   │   ├── link.txt
    │   │   │   │   │   └── progress.make
    │   │   │   │   ├── product_mmtr_3.dir
    │   │   │   │   │   ├── DependInfo.cmake
    │   │   │   │   │   ├── Labels.json
    │   │   │   │   │   ├── Labels.txt
    │   │   │   │   │   ├── build.make
    │   │   │   │   │   ├── cmake_clean.cmake
    │   │   │   │   │   ├── depend.make
    │   │   │   │   │   ├── flags.make
    │   │   │   │   │   ├── link.txt
    │   │   │   │   │   └── progress.make
    │   │   │   │   ├── product_mmtr_4.dir
    │   │   │   │   │   ├── DependInfo.cmake
    │   │   │   │   │   ├── Labels.json
    │   │   │   │   │   ├── Labels.txt
    │   │   │   │   │   ├── build.make
    │   │   │   │   │   ├── cmake_clean.cmake
    │   │   │   │   │   ├── depend.make
    │   │   │   │   │   ├── flags.make
    │   │   │   │   │   ├── link.txt
    │   │   │   │   │   └── progress.make
    │   │   │   │   ├── product_notemporary.dir
    │   │   │   │   │   ├── DependInfo.cmake
    │   │   │   │   │   ├── build.make
    │   │   │   │   │   ├── cmake_clean.cmake
    │   │   │   │   │   └── progress.make
    │   │   │   │   ├── product_notemporary_1.dir
    │   │   │   │   │   ├── DependInfo.cmake
    │   │   │   │   │   ├── Labels.json
    │   │   │   │   │   ├── Labels.txt
    │   │   │   │   │   ├── build.make
    │   │   │   │   │   ├── cmake_clean.cmake
    │   │   │   │   │   ├── depend.make
    │   │   │   │   │   ├── flags.make
    │   │   │   │   │   ├── link.txt
    │   │   │   │   │   └── progress.make
    │   │   │   │   ├── product_notemporary_2.dir
    │   │   │   │   │   ├── DependInfo.cmake
    │   │   │   │   │   ├── Labels.json
    │   │   │   │   │   ├── Labels.txt
    │   │   │   │   │   ├── build.make
    │   │   │   │   │   ├── cmake_clean.cmake
    │   │   │   │   │   ├── depend.make
    │   │   │   │   │   ├── flags.make
    │   │   │   │   │   ├── link.txt
    │   │   │   │   │   └── progress.make
    │   │   │   │   ├── product_notemporary_3.dir
    │   │   │   │   │   ├── DependInfo.cmake
    │   │   │   │   │   ├── Labels.json
    │   │   │   │   │   ├── Labels.txt
    │   │   │   │   │   ├── build.make
    │   │   │   │   │   ├── cmake_clean.cmake
    │   │   │   │   │   ├── depend.make
    │   │   │   │   │   ├── flags.make
    │   │   │   │   │   ├── link.txt
    │   │   │   │   │   └── progress.make
    │   │   │   │   ├── product_notemporary_4.dir
    │   │   │   │   │   ├── DependInfo.cmake
    │   │   │   │   │   ├── Labels.json
    │   │   │   │   │   ├── Labels.txt
    │   │   │   │   │   ├── build.make
    │   │   │   │   │   ├── cmake_clean.cmake
    │   │   │   │   │   ├── depend.make
    │   │   │   │   │   ├── flags.make
    │   │   │   │   │   ├── link.txt
    │   │   │   │   │   └── progress.make
    │   │   │   │   ├── product_selfadjoint.dir
    │   │   │   │   │   ├── DependInfo.cmake
    │   │   │   │   │   ├── build.make
    │   │   │   │   │   ├── cmake_clean.cmake
    │   │   │   │   │   └── progress.make
    │   │   │   │   ├── product_selfadjoint_1.dir
    │   │   │   │   │   ├── DependInfo.cmake
    │   │   │   │   │   ├── Labels.json
    │   │   │   │   │   ├── Labels.txt
    │   │   │   │   │   ├── build.make
    │   │   │   │   │   ├── cmake_clean.cmake
    │   │   │   │   │   ├── depend.make
    │   │   │   │   │   ├── flags.make
    │   │   │   │   │   ├── link.txt
    │   │   │   │   │   └── progress.make
    │   │   │   │   ├── product_selfadjoint_2.dir
    │   │   │   │   │   ├── DependInfo.cmake
    │   │   │   │   │   ├── Labels.json
    │   │   │   │   │   ├── Labels.txt
    │   │   │   │   │   ├── build.make
    │   │   │   │   │   ├── cmake_clean.cmake
    │   │   │   │   │   ├── depend.make
    │   │   │   │   │   ├── flags.make
    │   │   │   │   │   ├── link.txt
    │   │   │   │   │   └── progress.make
    │   │   │   │   ├── product_selfadjoint_3.dir
    │   │   │   │   │   ├── DependInfo.cmake
    │   │   │   │   │   ├── Labels.json
    │   │   │   │   │   ├── Labels.txt
    │   │   │   │   │   ├── build.make
    │   │   │   │   │   ├── cmake_clean.cmake
    │   │   │   │   │   ├── depend.make
    │   │   │   │   │   ├── flags.make
    │   │   │   │   │   ├── link.txt
    │   │   │   │   │   └── progress.make
    │   │   │   │   ├── product_selfadjoint_4.dir
    │   │   │   │   │   ├── DependInfo.cmake
    │   │   │   │   │   ├── Labels.json
    │   │   │   │   │   ├── Labels.txt
    │   │   │   │   │   ├── build.make
    │   │   │   │   │   ├── cmake_clean.cmake
    │   │   │   │   │   ├── depend.make
    │   │   │   │   │   ├── flags.make
    │   │   │   │   │   ├── link.txt
    │   │   │   │   │   └── progress.make
    │   │   │   │   ├── product_selfadjoint_5.dir
    │   │   │   │   │   ├── DependInfo.cmake
    │   │   │   │   │   ├── Labels.json
    │   │   │   │   │   ├── Labels.txt
    │   │   │   │   │   ├── build.make
    │   │   │   │   │   ├── cmake_clean.cmake
    │   │   │   │   │   ├── depend.make
    │   │   │   │   │   ├── flags.make
    │   │   │   │   │   ├── link.txt
    │   │   │   │   │   └── progress.make
    │   │   │   │   ├── product_selfadjoint_6.dir
    │   │   │   │   │   ├── DependInfo.cmake
    │   │   │   │   │   ├── Labels.json
    │   │   │   │   │   ├── Labels.txt
    │   │   │   │   │   ├── build.make
    │   │   │   │   │   ├── cmake_clean.cmake
    │   │   │   │   │   ├── depend.make
    │   │   │   │   │   ├── flags.make
    │   │   │   │   │   ├── link.txt
    │   │   │   │   │   └── progress.make
    │   │   │   │   ├── product_selfadjoint_7.dir
    │   │   │   │   │   ├── DependInfo.cmake
    │   │   │   │   │   ├── Labels.json
    │   │   │   │   │   ├── Labels.txt
    │   │   │   │   │   ├── build.make
    │   │   │   │   │   ├── cmake_clean.cmake
    │   │   │   │   │   ├── depend.make
    │   │   │   │   │   ├── flags.make
    │   │   │   │   │   ├── link.txt
    │   │   │   │   │   └── progress.make
    │   │   │   │   ├── product_small.dir
    │   │   │   │   │   ├── DependInfo.cmake
    │   │   │   │   │   ├── build.make
    │   │   │   │   │   ├── cmake_clean.cmake
    │   │   │   │   │   └── progress.make
    │   │   │   │   ├── product_small_1.dir
    │   │   │   │   │   ├── DependInfo.cmake
    │   │   │   │   │   ├── Labels.json
    │   │   │   │   │   ├── Labels.txt
    │   │   │   │   │   ├── build.make
    │   │   │   │   │   ├── cmake_clean.cmake
    │   │   │   │   │   ├── depend.make
    │   │   │   │   │   ├── flags.make
    │   │   │   │   │   ├── link.txt
    │   │   │   │   │   └── progress.make
    │   │   │   │   ├── product_small_11.dir
    │   │   │   │   │   ├── DependInfo.cmake
    │   │   │   │   │   ├── Labels.json
    │   │   │   │   │   ├── Labels.txt
    │   │   │   │   │   ├── build.make
    │   │   │   │   │   ├── cmake_clean.cmake
    │   │   │   │   │   ├── depend.make
    │   │   │   │   │   ├── flags.make
    │   │   │   │   │   ├── link.txt
    │   │   │   │   │   └── progress.make
    │   │   │   │   ├── product_small_12.dir
    │   │   │   │   │   ├── DependInfo.cmake
    │   │   │   │   │   ├── Labels.json
    │   │   │   │   │   ├── Labels.txt
    │   │   │   │   │   ├── build.make
    │   │   │   │   │   ├── cmake_clean.cmake
    │   │   │   │   │   ├── depend.make
    │   │   │   │   │   ├── flags.make
    │   │   │   │   │   ├── link.txt
    │   │   │   │   │   └── progress.make
    │   │   │   │   ├── product_small_13.dir
    │   │   │   │   │   ├── DependInfo.cmake
    │   │   │   │   │   ├── Labels.json
    │   │   │   │   │   ├── Labels.txt
    │   │   │   │   │   ├── build.make
    │   │   │   │   │   ├── cmake_clean.cmake
    │   │   │   │   │   ├── depend.make
    │   │   │   │   │   ├── flags.make
    │   │   │   │   │   ├── link.txt
    │   │   │   │   │   └── progress.make
    │   │   │   │   ├── product_small_2.dir
    │   │   │   │   │   ├── DependInfo.cmake
    │   │   │   │   │   ├── Labels.json
    │   │   │   │   │   ├── Labels.txt
    │   │   │   │   │   ├── build.make
    │   │   │   │   │   ├── cmake_clean.cmake
    │   │   │   │   │   ├── depend.make
    │   │   │   │   │   ├── flags.make
    │   │   │   │   │   ├── link.txt
    │   │   │   │   │   └── progress.make
    │   │   │   │   ├── product_small_21.dir
    │   │   │   │   │   ├── DependInfo.cmake
    │   │   │   │   │   ├── Labels.json
    │   │   │   │   │   ├── Labels.txt
    │   │   │   │   │   ├── build.make
    │   │   │   │   │   ├── cmake_clean.cmake
    │   │   │   │   │   ├── depend.make
    │   │   │   │   │   ├── flags.make
    │   │   │   │   │   ├── link.txt
    │   │   │   │   │   └── progress.make
    │   │   │   │   ├── product_small_22.dir
    │   │   │   │   │   ├── DependInfo.cmake
    │   │   │   │   │   ├── Labels.json
    │   │   │   │   │   ├── Labels.txt
    │   │   │   │   │   ├── build.make
    │   │   │   │   │   ├── cmake_clean.cmake
    │   │   │   │   │   ├── depend.make
    │   │   │   │   │   ├── flags.make
    │   │   │   │   │   ├── link.txt
    │   │   │   │   │   └── progress.make
    │   │   │   │   ├── product_small_23.dir
    │   │   │   │   │   ├── DependInfo.cmake
    │   │   │   │   │   ├── Labels.json
    │   │   │   │   │   ├── Labels.txt
    │   │   │   │   │   ├── build.make
    │   │   │   │   │   ├── cmake_clean.cmake
    │   │   │   │   │   ├── depend.make
    │   │   │   │   │   ├── flags.make
    │   │   │   │   │   ├── link.txt
    │   │   │   │   │   └── progress.make
    │   │   │   │   ├── product_small_3.dir
    │   │   │   │   │   ├── DependInfo.cmake
    │   │   │   │   │   ├── Labels.json
    │   │   │   │   │   ├── Labels.txt
    │   │   │   │   │   ├── build.make
    │   │   │   │   │   ├── cmake_clean.cmake
    │   │   │   │   │   ├── depend.make
    │   │   │   │   │   ├── flags.make
    │   │   │   │   │   ├── link.txt
    │   │   │   │   │   └── progress.make
    │   │   │   │   ├── product_small_31.dir
    │   │   │   │   │   ├── DependInfo.cmake
    │   │   │   │   │   ├── Labels.json
    │   │   │   │   │   ├── Labels.txt
    │   │   │   │   │   ├── build.make
    │   │   │   │   │   ├── cmake_clean.cmake
    │   │   │   │   │   ├── depend.make
    │   │   │   │   │   ├── flags.make
    │   │   │   │   │   ├── link.txt
    │   │   │   │   │   └── progress.make
    │   │   │   │   ├── product_small_32.dir
    │   │   │   │   │   ├── DependInfo.cmake
    │   │   │   │   │   ├── Labels.json
    │   │   │   │   │   ├── Labels.txt
    │   │   │   │   │   ├── build.make
    │   │   │   │   │   ├── cmake_clean.cmake
    │   │   │   │   │   ├── depend.make
    │   │   │   │   │   ├── flags.make
    │   │   │   │   │   ├── link.txt
    │   │   │   │   │   └── progress.make
    │   │   │   │   ├── product_small_33.dir
    │   │   │   │   │   ├── DependInfo.cmake
    │   │   │   │   │   ├── Labels.json
    │   │   │   │   │   ├── Labels.txt
    │   │   │   │   │   ├── build.make
    │   │   │   │   │   ├── cmake_clean.cmake
    │   │   │   │   │   ├── depend.make
    │   │   │   │   │   ├── flags.make
    │   │   │   │   │   ├── link.txt
    │   │   │   │   │   └── progress.make
    │   │   │   │   ├── product_small_4.dir
    │   │   │   │   │   ├── DependInfo.cmake
    │   │   │   │   │   ├── Labels.json
    │   │   │   │   │   ├── Labels.txt
    │   │   │   │   │   ├── build.make
    │   │   │   │   │   ├── cmake_clean.cmake
    │   │   │   │   │   ├── depend.make
    │   │   │   │   │   ├── flags.make
    │   │   │   │   │   ├── link.txt
    │   │   │   │   │   └── progress.make
    │   │   │   │   ├── product_small_41.dir
    │   │   │   │   │   ├── DependInfo.cmake
    │   │   │   │   │   ├── Labels.json
    │   │   │   │   │   ├── Labels.txt
    │   │   │   │   │   ├── build.make
    │   │   │   │   │   ├── cmake_clean.cmake
    │   │   │   │   │   ├── depend.make
    │   │   │   │   │   ├── flags.make
    │   │   │   │   │   ├── link.txt
    │   │   │   │   │   └── progress.make
    │   │   │   │   ├── product_small_42.dir
    │   │   │   │   │   ├── DependInfo.cmake
    │   │   │   │   │   ├── Labels.json
    │   │   │   │   │   ├── Labels.txt
    │   │   │   │   │   ├── build.make
    │   │   │   │   │   ├── cmake_clean.cmake
    │   │   │   │   │   ├── depend.make
    │   │   │   │   │   ├── flags.make
    │   │   │   │   │   ├── link.txt
    │   │   │   │   │   └── progress.make
    │   │   │   │   ├── product_small_43.dir
    │   │   │   │   │   ├── DependInfo.cmake
    │   │   │   │   │   ├── Labels.json
    │   │   │   │   │   ├── Labels.txt
    │   │   │   │   │   ├── build.make
    │   │   │   │   │   ├── cmake_clean.cmake
    │   │   │   │   │   ├── depend.make
    │   │   │   │   │   ├── flags.make
    │   │   │   │   │   ├── link.txt
    │   │   │   │   │   └── progress.make
    │   │   │   │   ├── product_small_5.dir
    │   │   │   │   │   ├── DependInfo.cmake
    │   │   │   │   │   ├── Labels.json
    │   │   │   │   │   ├── Labels.txt
    │   │   │   │   │   ├── build.make
    │   │   │   │   │   ├── cmake_clean.cmake
    │   │   │   │   │   ├── depend.make
    │   │   │   │   │   ├── flags.make
    │   │   │   │   │   ├── link.txt
    │   │   │   │   │   └── progress.make
    │   │   │   │   ├── product_small_6.dir
    │   │   │   │   │   ├── DependInfo.cmake
    │   │   │   │   │   ├── Labels.json
    │   │   │   │   │   ├── Labels.txt
    │   │   │   │   │   ├── build.make
    │   │   │   │   │   ├── cmake_clean.cmake
    │   │   │   │   │   ├── depend.make
    │   │   │   │   │   ├── flags.make
    │   │   │   │   │   ├── link.txt
    │   │   │   │   │   └── progress.make
    │   │   │   │   ├── product_small_7.dir
    │   │   │   │   │   ├── DependInfo.cmake
    │   │   │   │   │   ├── Labels.json
    │   │   │   │   │   ├── Labels.txt
    │   │   │   │   │   ├── build.make
    │   │   │   │   │   ├── cmake_clean.cmake
    │   │   │   │   │   ├── depend.make
    │   │   │   │   │   ├── flags.make
    │   │   │   │   │   ├── link.txt
    │   │   │   │   │   └── progress.make
    │   │   │   │   ├── product_small_8.dir
    │   │   │   │   │   ├── DependInfo.cmake
    │   │   │   │   │   ├── Labels.json
    │   │   │   │   │   ├── Labels.txt
    │   │   │   │   │   ├── build.make
    │   │   │   │   │   ├── cmake_clean.cmake
    │   │   │   │   │   ├── depend.make
    │   │   │   │   │   ├── flags.make
    │   │   │   │   │   ├── link.txt
    │   │   │   │   │   └── progress.make
    │   │   │   │   ├── product_small_9.dir
    │   │   │   │   │   ├── DependInfo.cmake
    │   │   │   │   │   ├── Labels.json
    │   │   │   │   │   ├── Labels.txt
    │   │   │   │   │   ├── build.make
    │   │   │   │   │   ├── cmake_clean.cmake
    │   │   │   │   │   ├── depend.make
    │   │   │   │   │   ├── flags.make
    │   │   │   │   │   ├── link.txt
    │   │   │   │   │   └── progress.make
    │   │   │   │   ├── product_symm.dir
    │   │   │   │   │   ├── DependInfo.cmake
    │   │   │   │   │   ├── build.make
    │   │   │   │   │   ├── cmake_clean.cmake
    │   │   │   │   │   └── progress.make
    │   │   │   │   ├── product_symm_1.dir
    │   │   │   │   │   ├── DependInfo.cmake
    │   │   │   │   │   ├── Labels.json
    │   │   │   │   │   ├── Labels.txt
    │   │   │   │   │   ├── build.make
    │   │   │   │   │   ├── cmake_clean.cmake
    │   │   │   │   │   ├── depend.make
    │   │   │   │   │   ├── flags.make
    │   │   │   │   │   ├── link.txt
    │   │   │   │   │   └── progress.make
    │   │   │   │   ├── product_symm_2.dir
    │   │   │   │   │   ├── DependInfo.cmake
    │   │   │   │   │   ├── Labels.json
    │   │   │   │   │   ├── Labels.txt
    │   │   │   │   │   ├── build.make
    │   │   │   │   │   ├── cmake_clean.cmake
    │   │   │   │   │   ├── depend.make
    │   │   │   │   │   ├── flags.make
    │   │   │   │   │   ├── link.txt
    │   │   │   │   │   └── progress.make
    │   │   │   │   ├── product_symm_3.dir
    │   │   │   │   │   ├── DependInfo.cmake
    │   │   │   │   │   ├── Labels.json
    │   │   │   │   │   ├── Labels.txt
    │   │   │   │   │   ├── build.make
    │   │   │   │   │   ├── cmake_clean.cmake
    │   │   │   │   │   ├── depend.make
    │   │   │   │   │   ├── flags.make
    │   │   │   │   │   ├── link.txt
    │   │   │   │   │   └── progress.make
    │   │   │   │   ├── product_symm_4.dir
    │   │   │   │   │   ├── DependInfo.cmake
    │   │   │   │   │   ├── Labels.json
    │   │   │   │   │   ├── Labels.txt
    │   │   │   │   │   ├── build.make
    │   │   │   │   │   ├── cmake_clean.cmake
    │   │   │   │   │   ├── depend.make
    │   │   │   │   │   ├── flags.make
    │   │   │   │   │   ├── link.txt
    │   │   │   │   │   └── progress.make
    │   │   │   │   ├── product_symm_5.dir
    │   │   │   │   │   ├── DependInfo.cmake
    │   │   │   │   │   ├── Labels.json
    │   │   │   │   │   ├── Labels.txt
    │   │   │   │   │   ├── build.make
    │   │   │   │   │   ├── cmake_clean.cmake
    │   │   │   │   │   ├── depend.make
    │   │   │   │   │   ├── flags.make
    │   │   │   │   │   ├── link.txt
    │   │   │   │   │   └── progress.make
    │   │   │   │   ├── product_symm_6.dir
    │   │   │   │   │   ├── DependInfo.cmake
    │   │   │   │   │   ├── Labels.json
    │   │   │   │   │   ├── Labels.txt
    │   │   │   │   │   ├── build.make
    │   │   │   │   │   ├── cmake_clean.cmake
    │   │   │   │   │   ├── depend.make
    │   │   │   │   │   ├── flags.make
    │   │   │   │   │   ├── link.txt
    │   │   │   │   │   └── progress.make
    │   │   │   │   ├── product_symm_7.dir
    │   │   │   │   │   ├── DependInfo.cmake
    │   │   │   │   │   ├── Labels.json
    │   │   │   │   │   ├── Labels.txt
    │   │   │   │   │   ├── build.make
    │   │   │   │   │   ├── cmake_clean.cmake
    │   │   │   │   │   ├── depend.make
    │   │   │   │   │   ├── flags.make
    │   │   │   │   │   ├── link.txt
    │   │   │   │   │   └── progress.make
    │   │   │   │   ├── product_symm_8.dir
    │   │   │   │   │   ├── DependInfo.cmake
    │   │   │   │   │   ├── Labels.json
    │   │   │   │   │   ├── Labels.txt
    │   │   │   │   │   ├── build.make
    │   │   │   │   │   ├── cmake_clean.cmake
    │   │   │   │   │   ├── depend.make
    │   │   │   │   │   ├── flags.make
    │   │   │   │   │   ├── link.txt
    │   │   │   │   │   └── progress.make
    │   │   │   │   ├── product_syrk.dir
    │   │   │   │   │   ├── DependInfo.cmake
    │   │   │   │   │   ├── build.make
    │   │   │   │   │   ├── cmake_clean.cmake
    │   │   │   │   │   └── progress.make
    │   │   │   │   ├── product_syrk_1.dir
    │   │   │   │   │   ├── DependInfo.cmake
    │   │   │   │   │   ├── Labels.json
    │   │   │   │   │   ├── Labels.txt
    │   │   │   │   │   ├── build.make
    │   │   │   │   │   ├── cmake_clean.cmake
    │   │   │   │   │   ├── depend.make
    │   │   │   │   │   ├── flags.make
    │   │   │   │   │   ├── link.txt
    │   │   │   │   │   └── progress.make
    │   │   │   │   ├── product_syrk_2.dir
    │   │   │   │   │   ├── DependInfo.cmake
    │   │   │   │   │   ├── Labels.json
    │   │   │   │   │   ├── Labels.txt
    │   │   │   │   │   ├── build.make
    │   │   │   │   │   ├── cmake_clean.cmake
    │   │   │   │   │   ├── depend.make
    │   │   │   │   │   ├── flags.make
    │   │   │   │   │   ├── link.txt
    │   │   │   │   │   └── progress.make
    │   │   │   │   ├── product_syrk_3.dir
    │   │   │   │   │   ├── DependInfo.cmake
    │   │   │   │   │   ├── Labels.json
    │   │   │   │   │   ├── Labels.txt
    │   │   │   │   │   ├── build.make
    │   │   │   │   │   ├── cmake_clean.cmake
    │   │   │   │   │   ├── depend.make
    │   │   │   │   │   ├── flags.make
    │   │   │   │   │   ├── link.txt
    │   │   │   │   │   └── progress.make
    │   │   │   │   ├── product_syrk_4.dir
    │   │   │   │   │   ├── DependInfo.cmake
    │   │   │   │   │   ├── Labels.json
    │   │   │   │   │   ├── Labels.txt
    │   │   │   │   │   ├── build.make
    │   │   │   │   │   ├── cmake_clean.cmake
    │   │   │   │   │   ├── depend.make
    │   │   │   │   │   ├── flags.make
    │   │   │   │   │   ├── link.txt
    │   │   │   │   │   └── progress.make
    │   │   │   │   ├── product_trmm.dir
    │   │   │   │   │   ├── DependInfo.cmake
    │   │   │   │   │   ├── build.make
    │   │   │   │   │   ├── cmake_clean.cmake
    │   │   │   │   │   └── progress.make
    │   │   │   │   ├── product_trmm_1.dir
    │   │   │   │   │   ├── DependInfo.cmake
    │   │   │   │   │   ├── Labels.json
    │   │   │   │   │   ├── Labels.txt
    │   │   │   │   │   ├── build.make
    │   │   │   │   │   ├── cmake_clean.cmake
    │   │   │   │   │   ├── depend.make
    │   │   │   │   │   ├── flags.make
    │   │   │   │   │   ├── link.txt
    │   │   │   │   │   └── progress.make
    │   │   │   │   ├── product_trmm_11.dir
    │   │   │   │   │   ├── DependInfo.cmake
    │   │   │   │   │   ├── Labels.json
    │   │   │   │   │   ├── Labels.txt
    │   │   │   │   │   ├── build.make
    │   │   │   │   │   ├── cmake_clean.cmake
    │   │   │   │   │   ├── depend.make
    │   │   │   │   │   ├── flags.make
    │   │   │   │   │   ├── link.txt
    │   │   │   │   │   └── progress.make
    │   │   │   │   ├── product_trmm_111.dir
    │   │   │   │   │   ├── DependInfo.cmake
    │   │   │   │   │   ├── Labels.json
    │   │   │   │   │   ├── Labels.txt
    │   │   │   │   │   ├── build.make
    │   │   │   │   │   ├── cmake_clean.cmake
    │   │   │   │   │   ├── depend.make
    │   │   │   │   │   ├── flags.make
    │   │   │   │   │   ├── link.txt
    │   │   │   │   │   └── progress.make
    │   │   │   │   ├── product_trmm_112.dir
    │   │   │   │   │   ├── DependInfo.cmake
    │   │   │   │   │   ├── Labels.json
    │   │   │   │   │   ├── Labels.txt
    │   │   │   │   │   ├── build.make
    │   │   │   │   │   ├── cmake_clean.cmake
    │   │   │   │   │   ├── depend.make
    │   │   │   │   │   ├── flags.make
    │   │   │   │   │   ├── link.txt
    │   │   │   │   │   └── progress.make
    │   │   │   │   ├── product_trmm_113.dir
    │   │   │   │   │   ├── DependInfo.cmake
    │   │   │   │   │   ├── Labels.json
    │   │   │   │   │   ├── Labels.txt
    │   │   │   │   │   ├── build.make
    │   │   │   │   │   ├── cmake_clean.cmake
    │   │   │   │   │   ├── depend.make
    │   │   │   │   │   ├── flags.make
    │   │   │   │   │   ├── link.txt
    │   │   │   │   │   └── progress.make
    │   │   │   │   ├── product_trmm_114.dir
    │   │   │   │   │   ├── DependInfo.cmake
    │   │   │   │   │   ├── Labels.json
    │   │   │   │   │   ├── Labels.txt
    │   │   │   │   │   ├── build.make
    │   │   │   │   │   ├── cmake_clean.cmake
    │   │   │   │   │   ├── depend.make
    │   │   │   │   │   ├── flags.make
    │   │   │   │   │   ├── link.txt
    │   │   │   │   │   └── progress.make
    │   │   │   │   ├── product_trmm_12.dir
    │   │   │   │   │   ├── DependInfo.cmake
    │   │   │   │   │   ├── Labels.json
    │   │   │   │   │   ├── Labels.txt
    │   │   │   │   │   ├── build.make
    │   │   │   │   │   ├── cmake_clean.cmake
    │   │   │   │   │   ├── depend.make
    │   │   │   │   │   ├── flags.make
    │   │   │   │   │   ├── link.txt
    │   │   │   │   │   └── progress.make
    │   │   │   │   ├── product_trmm_121.dir
    │   │   │   │   │   ├── DependInfo.cmake
    │   │   │   │   │   ├── Labels.json
    │   │   │   │   │   ├── Labels.txt
    │   │   │   │   │   ├── build.make
    │   │   │   │   │   ├── cmake_clean.cmake
    │   │   │   │   │   ├── depend.make
    │   │   │   │   │   ├── flags.make
    │   │   │   │   │   ├── link.txt
    │   │   │   │   │   └── progress.make
    │   │   │   │   ├── product_trmm_122.dir
    │   │   │   │   │   ├── DependInfo.cmake
    │   │   │   │   │   ├── Labels.json
    │   │   │   │   │   ├── Labels.txt
    │   │   │   │   │   ├── build.make
    │   │   │   │   │   ├── cmake_clean.cmake
    │   │   │   │   │   ├── depend.make
    │   │   │   │   │   ├── flags.make
    │   │   │   │   │   ├── link.txt
    │   │   │   │   │   └── progress.make
    │   │   │   │   ├── product_trmm_123.dir
    │   │   │   │   │   ├── DependInfo.cmake
    │   │   │   │   │   ├── Labels.json
    │   │   │   │   │   ├── Labels.txt
    │   │   │   │   │   ├── build.make
    │   │   │   │   │   ├── cmake_clean.cmake
    │   │   │   │   │   ├── depend.make
    │   │   │   │   │   ├── flags.make
    │   │   │   │   │   ├── link.txt
    │   │   │   │   │   └── progress.make
    │   │   │   │   ├── product_trmm_124.dir
    │   │   │   │   │   ├── DependInfo.cmake
    │   │   │   │   │   ├── Labels.json
    │   │   │   │   │   ├── Labels.txt
    │   │   │   │   │   ├── build.make
    │   │   │   │   │   ├── cmake_clean.cmake
    │   │   │   │   │   ├── depend.make
    │   │   │   │   │   ├── flags.make
    │   │   │   │   │   ├── link.txt
    │   │   │   │   │   └── progress.make
    │   │   │   │   ├── product_trmm_13.dir
    │   │   │   │   │   ├── DependInfo.cmake
    │   │   │   │   │   ├── Labels.json
    │   │   │   │   │   ├── Labels.txt
    │   │   │   │   │   ├── build.make
    │   │   │   │   │   ├── cmake_clean.cmake
    │   │   │   │   │   ├── depend.make
    │   │   │   │   │   ├── flags.make
    │   │   │   │   │   ├── link.txt
    │   │   │   │   │   └── progress.make
    │   │   │   │   ├── product_trmm_131.dir
    │   │   │   │   │   ├── DependInfo.cmake
    │   │   │   │   │   ├── Labels.json
    │   │   │   │   │   ├── Labels.txt
    │   │   │   │   │   ├── build.make
    │   │   │   │   │   ├── cmake_clean.cmake
    │   │   │   │   │   ├── depend.make
    │   │   │   │   │   ├── flags.make
    │   │   │   │   │   ├── link.txt
    │   │   │   │   │   └── progress.make
    │   │   │   │   ├── product_trmm_132.dir
    │   │   │   │   │   ├── DependInfo.cmake
    │   │   │   │   │   ├── Labels.json
    │   │   │   │   │   ├── Labels.txt
    │   │   │   │   │   ├── build.make
    │   │   │   │   │   ├── cmake_clean.cmake
    │   │   │   │   │   ├── depend.make
    │   │   │   │   │   ├── flags.make
    │   │   │   │   │   ├── link.txt
    │   │   │   │   │   └── progress.make
    │   │   │   │   ├── product_trmm_133.dir
    │   │   │   │   │   ├── DependInfo.cmake
    │   │   │   │   │   ├── Labels.json
    │   │   │   │   │   ├── Labels.txt
    │   │   │   │   │   ├── build.make
    │   │   │   │   │   ├── cmake_clean.cmake
    │   │   │   │   │   ├── depend.make
    │   │   │   │   │   ├── flags.make
    │   │   │   │   │   ├── link.txt
    │   │   │   │   │   └── progress.make
    │   │   │   │   ├── product_trmm_134.dir
    │   │   │   │   │   ├── DependInfo.cmake
    │   │   │   │   │   ├── Labels.json
    │   │   │   │   │   ├── Labels.txt
    │   │   │   │   │   ├── build.make
    │   │   │   │   │   ├── cmake_clean.cmake
    │   │   │   │   │   ├── depend.make
    │   │   │   │   │   ├── flags.make
    │   │   │   │   │   ├── link.txt
    │   │   │   │   │   └── progress.make
    │   │   │   │   ├── product_trmm_14.dir
    │   │   │   │   │   ├── DependInfo.cmake
    │   │   │   │   │   ├── Labels.json
    │   │   │   │   │   ├── Labels.txt
    │   │   │   │   │   ├── build.make
    │   │   │   │   │   ├── cmake_clean.cmake
    │   │   │   │   │   ├── depend.make
    │   │   │   │   │   ├── flags.make
    │   │   │   │   │   ├── link.txt
    │   │   │   │   │   └── progress.make
    │   │   │   │   ├── product_trmm_21.dir
    │   │   │   │   │   ├── DependInfo.cmake
    │   │   │   │   │   ├── Labels.json
    │   │   │   │   │   ├── Labels.txt
    │   │   │   │   │   ├── build.make
    │   │   │   │   │   ├── cmake_clean.cmake
    │   │   │   │   │   ├── depend.make
    │   │   │   │   │   ├── flags.make
    │   │   │   │   │   ├── link.txt
    │   │   │   │   │   └── progress.make
    │   │   │   │   ├── product_trmm_22.dir
    │   │   │   │   │   ├── DependInfo.cmake
    │   │   │   │   │   ├── Labels.json
    │   │   │   │   │   ├── Labels.txt
    │   │   │   │   │   ├── build.make
    │   │   │   │   │   ├── cmake_clean.cmake
    │   │   │   │   │   ├── depend.make
    │   │   │   │   │   ├── flags.make
    │   │   │   │   │   ├── link.txt
    │   │   │   │   │   └── progress.make
    │   │   │   │   ├── product_trmm_23.dir
    │   │   │   │   │   ├── DependInfo.cmake
    │   │   │   │   │   ├── Labels.json
    │   │   │   │   │   ├── Labels.txt
    │   │   │   │   │   ├── build.make
    │   │   │   │   │   ├── cmake_clean.cmake
    │   │   │   │   │   ├── depend.make
    │   │   │   │   │   ├── flags.make
    │   │   │   │   │   ├── link.txt
    │   │   │   │   │   └── progress.make
    │   │   │   │   ├── product_trmm_24.dir
    │   │   │   │   │   ├── DependInfo.cmake
    │   │   │   │   │   ├── Labels.json
    │   │   │   │   │   ├── Labels.txt
    │   │   │   │   │   ├── build.make
    │   │   │   │   │   ├── cmake_clean.cmake
    │   │   │   │   │   ├── depend.make
    │   │   │   │   │   ├── flags.make
    │   │   │   │   │   ├── link.txt
    │   │   │   │   │   └── progress.make
    │   │   │   │   ├── product_trmm_31.dir
    │   │   │   │   │   ├── DependInfo.cmake
    │   │   │   │   │   ├── Labels.json
    │   │   │   │   │   ├── Labels.txt
    │   │   │   │   │   ├── build.make
    │   │   │   │   │   ├── cmake_clean.cmake
    │   │   │   │   │   ├── depend.make
    │   │   │   │   │   ├── flags.make
    │   │   │   │   │   ├── link.txt
    │   │   │   │   │   └── progress.make
    │   │   │   │   ├── product_trmm_32.dir
    │   │   │   │   │   ├── DependInfo.cmake
    │   │   │   │   │   ├── Labels.json
    │   │   │   │   │   ├── Labels.txt
    │   │   │   │   │   ├── build.make
    │   │   │   │   │   ├── cmake_clean.cmake
    │   │   │   │   │   ├── depend.make
    │   │   │   │   │   ├── flags.make
    │   │   │   │   │   ├── link.txt
    │   │   │   │   │   └── progress.make
    │   │   │   │   ├── product_trmm_33.dir
    │   │   │   │   │   ├── DependInfo.cmake
    │   │   │   │   │   ├── Labels.json
    │   │   │   │   │   ├── Labels.txt
    │   │   │   │   │   ├── build.make
    │   │   │   │   │   ├── cmake_clean.cmake
    │   │   │   │   │   ├── depend.make
    │   │   │   │   │   ├── flags.make
    │   │   │   │   │   ├── link.txt
    │   │   │   │   │   └── progress.make
    │   │   │   │   ├── product_trmm_34.dir
    │   │   │   │   │   ├── DependInfo.cmake
    │   │   │   │   │   ├── Labels.json
    │   │   │   │   │   ├── Labels.txt
    │   │   │   │   │   ├── build.make
    │   │   │   │   │   ├── cmake_clean.cmake
    │   │   │   │   │   ├── depend.make
    │   │   │   │   │   ├── flags.make
    │   │   │   │   │   ├── link.txt
    │   │   │   │   │   └── progress.make
    │   │   │   │   ├── product_trmv.dir
    │   │   │   │   │   ├── DependInfo.cmake
    │   │   │   │   │   ├── build.make
    │   │   │   │   │   ├── cmake_clean.cmake
    │   │   │   │   │   └── progress.make
    │   │   │   │   ├── product_trmv_1.dir
    │   │   │   │   │   ├── DependInfo.cmake
    │   │   │   │   │   ├── Labels.json
    │   │   │   │   │   ├── Labels.txt
    │   │   │   │   │   ├── build.make
    │   │   │   │   │   ├── cmake_clean.cmake
    │   │   │   │   │   ├── depend.make
    │   │   │   │   │   ├── flags.make
    │   │   │   │   │   ├── link.txt
    │   │   │   │   │   └── progress.make
    │   │   │   │   ├── product_trmv_2.dir
    │   │   │   │   │   ├── DependInfo.cmake
    │   │   │   │   │   ├── Labels.json
    │   │   │   │   │   ├── Labels.txt
    │   │   │   │   │   ├── build.make
    │   │   │   │   │   ├── cmake_clean.cmake
    │   │   │   │   │   ├── depend.make
    │   │   │   │   │   ├── flags.make
    │   │   │   │   │   ├── link.txt
    │   │   │   │   │   └── progress.make
    │   │   │   │   ├── product_trmv_3.dir
    │   │   │   │   │   ├── DependInfo.cmake
    │   │   │   │   │   ├── Labels.json
    │   │   │   │   │   ├── Labels.txt
    │   │   │   │   │   ├── build.make
    │   │   │   │   │   ├── cmake_clean.cmake
    │   │   │   │   │   ├── depend.make
    │   │   │   │   │   ├── flags.make
    │   │   │   │   │   ├── link.txt
    │   │   │   │   │   └── progress.make
    │   │   │   │   ├── product_trmv_4.dir
    │   │   │   │   │   ├── DependInfo.cmake
    │   │   │   │   │   ├── Labels.json
    │   │   │   │   │   ├── Labels.txt
    │   │   │   │   │   ├── build.make
    │   │   │   │   │   ├── cmake_clean.cmake
    │   │   │   │   │   ├── depend.make
    │   │   │   │   │   ├── flags.make
    │   │   │   │   │   ├── link.txt
    │   │   │   │   │   └── progress.make
    │   │   │   │   ├── product_trmv_5.dir
    │   │   │   │   │   ├── DependInfo.cmake
    │   │   │   │   │   ├── Labels.json
    │   │   │   │   │   ├── Labels.txt
    │   │   │   │   │   ├── build.make
    │   │   │   │   │   ├── cmake_clean.cmake
    │   │   │   │   │   ├── depend.make
    │   │   │   │   │   ├── flags.make
    │   │   │   │   │   ├── link.txt
    │   │   │   │   │   └── progress.make
    │   │   │   │   ├── product_trmv_6.dir
    │   │   │   │   │   ├── DependInfo.cmake
    │   │   │   │   │   ├── Labels.json
    │   │   │   │   │   ├── Labels.txt
    │   │   │   │   │   ├── build.make
    │   │   │   │   │   ├── cmake_clean.cmake
    │   │   │   │   │   ├── depend.make
    │   │   │   │   │   ├── flags.make
    │   │   │   │   │   ├── link.txt
    │   │   │   │   │   └── progress.make
    │   │   │   │   ├── product_trsolve.dir
    │   │   │   │   │   ├── DependInfo.cmake
    │   │   │   │   │   ├── build.make
    │   │   │   │   │   ├── cmake_clean.cmake
    │   │   │   │   │   └── progress.make
    │   │   │   │   ├── product_trsolve_1.dir
    │   │   │   │   │   ├── DependInfo.cmake
    │   │   │   │   │   ├── Labels.json
    │   │   │   │   │   ├── Labels.txt
    │   │   │   │   │   ├── build.make
    │   │   │   │   │   ├── cmake_clean.cmake
    │   │   │   │   │   ├── depend.make
    │   │   │   │   │   ├── flags.make
    │   │   │   │   │   ├── link.txt
    │   │   │   │   │   └── progress.make
    │   │   │   │   ├── product_trsolve_10.dir
    │   │   │   │   │   ├── DependInfo.cmake
    │   │   │   │   │   ├── Labels.json
    │   │   │   │   │   ├── Labels.txt
    │   │   │   │   │   ├── build.make
    │   │   │   │   │   ├── cmake_clean.cmake
    │   │   │   │   │   ├── depend.make
    │   │   │   │   │   ├── flags.make
    │   │   │   │   │   ├── link.txt
    │   │   │   │   │   └── progress.make
    │   │   │   │   ├── product_trsolve_11.dir
    │   │   │   │   │   ├── DependInfo.cmake
    │   │   │   │   │   ├── Labels.json
    │   │   │   │   │   ├── Labels.txt
    │   │   │   │   │   ├── build.make
    │   │   │   │   │   ├── cmake_clean.cmake
    │   │   │   │   │   ├── depend.make
    │   │   │   │   │   ├── flags.make
    │   │   │   │   │   ├── link.txt
    │   │   │   │   │   └── progress.make
    │   │   │   │   ├── product_trsolve_12.dir
    │   │   │   │   │   ├── DependInfo.cmake
    │   │   │   │   │   ├── Labels.json
    │   │   │   │   │   ├── Labels.txt
    │   │   │   │   │   ├── build.make
    │   │   │   │   │   ├── cmake_clean.cmake
    │   │   │   │   │   ├── depend.make
    │   │   │   │   │   ├── flags.make
    │   │   │   │   │   ├── link.txt
    │   │   │   │   │   └── progress.make
    │   │   │   │   ├── product_trsolve_13.dir
    │   │   │   │   │   ├── DependInfo.cmake
    │   │   │   │   │   ├── Labels.json
    │   │   │   │   │   ├── Labels.txt
    │   │   │   │   │   ├── build.make
    │   │   │   │   │   ├── cmake_clean.cmake
    │   │   │   │   │   ├── depend.make
    │   │   │   │   │   ├── flags.make
    │   │   │   │   │   ├── link.txt
    │   │   │   │   │   └── progress.make
    │   │   │   │   ├── product_trsolve_14.dir
    │   │   │   │   │   ├── DependInfo.cmake
    │   │   │   │   │   ├── Labels.json
    │   │   │   │   │   ├── Labels.txt
    │   │   │   │   │   ├── build.make
    │   │   │   │   │   ├── cmake_clean.cmake
    │   │   │   │   │   ├── depend.make
    │   │   │   │   │   ├── flags.make
    │   │   │   │   │   ├── link.txt
    │   │   │   │   │   └── progress.make
    │   │   │   │   ├── product_trsolve_2.dir
    │   │   │   │   │   ├── DependInfo.cmake
    │   │   │   │   │   ├── Labels.json
    │   │   │   │   │   ├── Labels.txt
    │   │   │   │   │   ├── build.make
    │   │   │   │   │   ├── cmake_clean.cmake
    │   │   │   │   │   ├── depend.make
    │   │   │   │   │   ├── flags.make
    │   │   │   │   │   ├── link.txt
    │   │   │   │   │   └── progress.make
    │   │   │   │   ├── product_trsolve_3.dir
    │   │   │   │   │   ├── DependInfo.cmake
    │   │   │   │   │   ├── Labels.json
    │   │   │   │   │   ├── Labels.txt
    │   │   │   │   │   ├── build.make
    │   │   │   │   │   ├── cmake_clean.cmake
    │   │   │   │   │   ├── depend.make
    │   │   │   │   │   ├── flags.make
    │   │   │   │   │   ├── link.txt
    │   │   │   │   │   └── progress.make
    │   │   │   │   ├── product_trsolve_4.dir
    │   │   │   │   │   ├── DependInfo.cmake
    │   │   │   │   │   ├── Labels.json
    │   │   │   │   │   ├── Labels.txt
    │   │   │   │   │   ├── build.make
    │   │   │   │   │   ├── cmake_clean.cmake
    │   │   │   │   │   ├── depend.make
    │   │   │   │   │   ├── flags.make
    │   │   │   │   │   ├── link.txt
    │   │   │   │   │   └── progress.make
    │   │   │   │   ├── product_trsolve_5.dir
    │   │   │   │   │   ├── DependInfo.cmake
    │   │   │   │   │   ├── Labels.json
    │   │   │   │   │   ├── Labels.txt
    │   │   │   │   │   ├── build.make
    │   │   │   │   │   ├── cmake_clean.cmake
    │   │   │   │   │   ├── depend.make
    │   │   │   │   │   ├── flags.make
    │   │   │   │   │   ├── link.txt
    │   │   │   │   │   └── progress.make
    │   │   │   │   ├── product_trsolve_6.dir
    │   │   │   │   │   ├── DependInfo.cmake
    │   │   │   │   │   ├── Labels.json
    │   │   │   │   │   ├── Labels.txt
    │   │   │   │   │   ├── build.make
    │   │   │   │   │   ├── cmake_clean.cmake
    │   │   │   │   │   ├── depend.make
    │   │   │   │   │   ├── flags.make
    │   │   │   │   │   ├── link.txt
    │   │   │   │   │   └── progress.make
    │   │   │   │   ├── product_trsolve_7.dir
    │   │   │   │   │   ├── DependInfo.cmake
    │   │   │   │   │   ├── Labels.json
    │   │   │   │   │   ├── Labels.txt
    │   │   │   │   │   ├── build.make
    │   │   │   │   │   ├── cmake_clean.cmake
    │   │   │   │   │   ├── depend.make
    │   │   │   │   │   ├── flags.make
    │   │   │   │   │   ├── link.txt
    │   │   │   │   │   └── progress.make
    │   │   │   │   ├── product_trsolve_8.dir
    │   │   │   │   │   ├── DependInfo.cmake
    │   │   │   │   │   ├── Labels.json
    │   │   │   │   │   ├── Labels.txt
    │   │   │   │   │   ├── build.make
    │   │   │   │   │   ├── cmake_clean.cmake
    │   │   │   │   │   ├── depend.make
    │   │   │   │   │   ├── flags.make
    │   │   │   │   │   ├── link.txt
    │   │   │   │   │   └── progress.make
    │   │   │   │   ├── product_trsolve_9.dir
    │   │   │   │   │   ├── DependInfo.cmake
    │   │   │   │   │   ├── Labels.json
    │   │   │   │   │   ├── Labels.txt
    │   │   │   │   │   ├── build.make
    │   │   │   │   │   ├── cmake_clean.cmake
    │   │   │   │   │   ├── depend.make
    │   │   │   │   │   ├── flags.make
    │   │   │   │   │   ├── link.txt
    │   │   │   │   │   └── progress.make
    │   │   │   │   ├── progress.marks
    │   │   │   │   ├── qr.dir
    │   │   │   │   │   ├── DependInfo.cmake
    │   │   │   │   │   ├── build.make
    │   │   │   │   │   ├── cmake_clean.cmake
    │   │   │   │   │   └── progress.make
    │   │   │   │   ├── qr_1.dir
    │   │   │   │   │   ├── DependInfo.cmake
    │   │   │   │   │   ├── Labels.json
    │   │   │   │   │   ├── Labels.txt
    │   │   │   │   │   ├── build.make
    │   │   │   │   │   ├── cmake_clean.cmake
    │   │   │   │   │   ├── depend.make
    │   │   │   │   │   ├── flags.make
    │   │   │   │   │   ├── link.txt
    │   │   │   │   │   └── progress.make
    │   │   │   │   ├── qr_10.dir
    │   │   │   │   │   ├── DependInfo.cmake
    │   │   │   │   │   ├── Labels.json
    │   │   │   │   │   ├── Labels.txt
    │   │   │   │   │   ├── build.make
    │   │   │   │   │   ├── cmake_clean.cmake
    │   │   │   │   │   ├── depend.make
    │   │   │   │   │   ├── flags.make
    │   │   │   │   │   ├── link.txt
    │   │   │   │   │   └── progress.make
    │   │   │   │   ├── qr_11.dir
    │   │   │   │   │   ├── DependInfo.cmake
    │   │   │   │   │   ├── Labels.json
    │   │   │   │   │   ├── Labels.txt
    │   │   │   │   │   ├── build.make
    │   │   │   │   │   ├── cmake_clean.cmake
    │   │   │   │   │   ├── depend.make
    │   │   │   │   │   ├── flags.make
    │   │   │   │   │   ├── link.txt
    │   │   │   │   │   └── progress.make
    │   │   │   │   ├── qr_12.dir
    │   │   │   │   │   ├── DependInfo.cmake
    │   │   │   │   │   ├── Labels.json
    │   │   │   │   │   ├── Labels.txt
    │   │   │   │   │   ├── build.make
    │   │   │   │   │   ├── cmake_clean.cmake
    │   │   │   │   │   ├── depend.make
    │   │   │   │   │   ├── flags.make
    │   │   │   │   │   ├── link.txt
    │   │   │   │   │   └── progress.make
    │   │   │   │   ├── qr_2.dir
    │   │   │   │   │   ├── DependInfo.cmake
    │   │   │   │   │   ├── Labels.json
    │   │   │   │   │   ├── Labels.txt
    │   │   │   │   │   ├── build.make
    │   │   │   │   │   ├── cmake_clean.cmake
    │   │   │   │   │   ├── depend.make
    │   │   │   │   │   ├── flags.make
    │   │   │   │   │   ├── link.txt
    │   │   │   │   │   └── progress.make
    │   │   │   │   ├── qr_3.dir
    │   │   │   │   │   ├── DependInfo.cmake
    │   │   │   │   │   ├── Labels.json
    │   │   │   │   │   ├── Labels.txt
    │   │   │   │   │   ├── build.make
    │   │   │   │   │   ├── cmake_clean.cmake
    │   │   │   │   │   ├── depend.make
    │   │   │   │   │   ├── flags.make
    │   │   │   │   │   ├── link.txt
    │   │   │   │   │   └── progress.make
    │   │   │   │   ├── qr_4.dir
    │   │   │   │   │   ├── DependInfo.cmake
    │   │   │   │   │   ├── Labels.json
    │   │   │   │   │   ├── Labels.txt
    │   │   │   │   │   ├── build.make
    │   │   │   │   │   ├── cmake_clean.cmake
    │   │   │   │   │   ├── depend.make
    │   │   │   │   │   ├── flags.make
    │   │   │   │   │   ├── link.txt
    │   │   │   │   │   └── progress.make
    │   │   │   │   ├── qr_5.dir
    │   │   │   │   │   ├── DependInfo.cmake
    │   │   │   │   │   ├── Labels.json
    │   │   │   │   │   ├── Labels.txt
    │   │   │   │   │   ├── build.make
    │   │   │   │   │   ├── cmake_clean.cmake
    │   │   │   │   │   ├── depend.make
    │   │   │   │   │   ├── flags.make
    │   │   │   │   │   ├── link.txt
    │   │   │   │   │   └── progress.make
    │   │   │   │   ├── qr_6.dir
    │   │   │   │   │   ├── DependInfo.cmake
    │   │   │   │   │   ├── Labels.json
    │   │   │   │   │   ├── Labels.txt
    │   │   │   │   │   ├── build.make
    │   │   │   │   │   ├── cmake_clean.cmake
    │   │   │   │   │   ├── depend.make
    │   │   │   │   │   ├── flags.make
    │   │   │   │   │   ├── link.txt
    │   │   │   │   │   └── progress.make
    │   │   │   │   ├── qr_7.dir
    │   │   │   │   │   ├── DependInfo.cmake
    │   │   │   │   │   ├── Labels.json
    │   │   │   │   │   ├── Labels.txt
    │   │   │   │   │   ├── build.make
    │   │   │   │   │   ├── cmake_clean.cmake
    │   │   │   │   │   ├── depend.make
    │   │   │   │   │   ├── flags.make
    │   │   │   │   │   ├── link.txt
    │   │   │   │   │   └── progress.make
    │   │   │   │   ├── qr_8.dir
    │   │   │   │   │   ├── DependInfo.cmake
    │   │   │   │   │   ├── Labels.json
    │   │   │   │   │   ├── Labels.txt
    │   │   │   │   │   ├── build.make
    │   │   │   │   │   ├── cmake_clean.cmake
    │   │   │   │   │   ├── depend.make
    │   │   │   │   │   ├── flags.make
    │   │   │   │   │   ├── link.txt
    │   │   │   │   │   └── progress.make
    │   │   │   │   ├── qr_9.dir
    │   │   │   │   │   ├── DependInfo.cmake
    │   │   │   │   │   ├── Labels.json
    │   │   │   │   │   ├── Labels.txt
    │   │   │   │   │   ├── build.make
    │   │   │   │   │   ├── cmake_clean.cmake
    │   │   │   │   │   ├── depend.make
    │   │   │   │   │   ├── flags.make
    │   │   │   │   │   ├── link.txt
    │   │   │   │   │   └── progress.make
    │   │   │   │   ├── qr_colpivoting.dir
    │   │   │   │   │   ├── DependInfo.cmake
    │   │   │   │   │   ├── build.make
    │   │   │   │   │   ├── cmake_clean.cmake
    │   │   │   │   │   └── progress.make
    │   │   │   │   ├── qr_colpivoting_1.dir
    │   │   │   │   │   ├── DependInfo.cmake
    │   │   │   │   │   ├── Labels.json
    │   │   │   │   │   ├── Labels.txt
    │   │   │   │   │   ├── build.make
    │   │   │   │   │   ├── cmake_clean.cmake
    │   │   │   │   │   ├── depend.make
    │   │   │   │   │   ├── flags.make
    │   │   │   │   │   ├── link.txt
    │   │   │   │   │   └── progress.make
    │   │   │   │   ├── qr_colpivoting_2.dir
    │   │   │   │   │   ├── DependInfo.cmake
    │   │   │   │   │   ├── Labels.json
    │   │   │   │   │   ├── Labels.txt
    │   │   │   │   │   ├── build.make
    │   │   │   │   │   ├── cmake_clean.cmake
    │   │   │   │   │   ├── depend.make
    │   │   │   │   │   ├── flags.make
    │   │   │   │   │   ├── link.txt
    │   │   │   │   │   └── progress.make
    │   │   │   │   ├── qr_colpivoting_3.dir
    │   │   │   │   │   ├── DependInfo.cmake
    │   │   │   │   │   ├── Labels.json
    │   │   │   │   │   ├── Labels.txt
    │   │   │   │   │   ├── build.make
    │   │   │   │   │   ├── cmake_clean.cmake
    │   │   │   │   │   ├── depend.make
    │   │   │   │   │   ├── flags.make
    │   │   │   │   │   ├── link.txt
    │   │   │   │   │   └── progress.make
    │   │   │   │   ├── qr_colpivoting_4.dir
    │   │   │   │   │   ├── DependInfo.cmake
    │   │   │   │   │   ├── Labels.json
    │   │   │   │   │   ├── Labels.txt
    │   │   │   │   │   ├── build.make
    │   │   │   │   │   ├── cmake_clean.cmake
    │   │   │   │   │   ├── depend.make
    │   │   │   │   │   ├── flags.make
    │   │   │   │   │   ├── link.txt
    │   │   │   │   │   └── progress.make
    │   │   │   │   ├── qr_colpivoting_5.dir
    │   │   │   │   │   ├── DependInfo.cmake
    │   │   │   │   │   ├── Labels.json
    │   │   │   │   │   ├── Labels.txt
    │   │   │   │   │   ├── build.make
    │   │   │   │   │   ├── cmake_clean.cmake
    │   │   │   │   │   ├── depend.make
    │   │   │   │   │   ├── flags.make
    │   │   │   │   │   ├── link.txt
    │   │   │   │   │   └── progress.make
    │   │   │   │   ├── qr_colpivoting_6.dir
    │   │   │   │   │   ├── DependInfo.cmake
    │   │   │   │   │   ├── Labels.json
    │   │   │   │   │   ├── Labels.txt
    │   │   │   │   │   ├── build.make
    │   │   │   │   │   ├── cmake_clean.cmake
    │   │   │   │   │   ├── depend.make
    │   │   │   │   │   ├── flags.make
    │   │   │   │   │   ├── link.txt
    │   │   │   │   │   └── progress.make
    │   │   │   │   ├── qr_colpivoting_7.dir
    │   │   │   │   │   ├── DependInfo.cmake
    │   │   │   │   │   ├── Labels.json
    │   │   │   │   │   ├── Labels.txt
    │   │   │   │   │   ├── build.make
    │   │   │   │   │   ├── cmake_clean.cmake
    │   │   │   │   │   ├── depend.make
    │   │   │   │   │   ├── flags.make
    │   │   │   │   │   ├── link.txt
    │   │   │   │   │   └── progress.make
    │   │   │   │   ├── qr_colpivoting_8.dir
    │   │   │   │   │   ├── DependInfo.cmake
    │   │   │   │   │   ├── Labels.json
    │   │   │   │   │   ├── Labels.txt
    │   │   │   │   │   ├── build.make
    │   │   │   │   │   ├── cmake_clean.cmake
    │   │   │   │   │   ├── depend.make
    │   │   │   │   │   ├── flags.make
    │   │   │   │   │   ├── link.txt
    │   │   │   │   │   └── progress.make
    │   │   │   │   ├── qr_colpivoting_9.dir
    │   │   │   │   │   ├── DependInfo.cmake
    │   │   │   │   │   ├── Labels.json
    │   │   │   │   │   ├── Labels.txt
    │   │   │   │   │   ├── build.make
    │   │   │   │   │   ├── cmake_clean.cmake
    │   │   │   │   │   ├── depend.make
    │   │   │   │   │   ├── flags.make
    │   │   │   │   │   ├── link.txt
    │   │   │   │   │   └── progress.make
    │   │   │   │   ├── qr_fullpivoting.dir
    │   │   │   │   │   ├── DependInfo.cmake
    │   │   │   │   │   ├── build.make
    │   │   │   │   │   ├── cmake_clean.cmake
    │   │   │   │   │   └── progress.make
    │   │   │   │   ├── qr_fullpivoting_1.dir
    │   │   │   │   │   ├── DependInfo.cmake
    │   │   │   │   │   ├── Labels.json
    │   │   │   │   │   ├── Labels.txt
    │   │   │   │   │   ├── build.make
    │   │   │   │   │   ├── cmake_clean.cmake
    │   │   │   │   │   ├── depend.make
    │   │   │   │   │   ├── flags.make
    │   │   │   │   │   ├── link.txt
    │   │   │   │   │   └── progress.make
    │   │   │   │   ├── qr_fullpivoting_2.dir
    │   │   │   │   │   ├── DependInfo.cmake
    │   │   │   │   │   ├── Labels.json
    │   │   │   │   │   ├── Labels.txt
    │   │   │   │   │   ├── build.make
    │   │   │   │   │   ├── cmake_clean.cmake
    │   │   │   │   │   ├── depend.make
    │   │   │   │   │   ├── flags.make
    │   │   │   │   │   ├── link.txt
    │   │   │   │   │   └── progress.make
    │   │   │   │   ├── qr_fullpivoting_3.dir
    │   │   │   │   │   ├── DependInfo.cmake
    │   │   │   │   │   ├── Labels.json
    │   │   │   │   │   ├── Labels.txt
    │   │   │   │   │   ├── build.make
    │   │   │   │   │   ├── cmake_clean.cmake
    │   │   │   │   │   ├── depend.make
    │   │   │   │   │   ├── flags.make
    │   │   │   │   │   ├── link.txt
    │   │   │   │   │   └── progress.make
    │   │   │   │   ├── qr_fullpivoting_4.dir
    │   │   │   │   │   ├── DependInfo.cmake
    │   │   │   │   │   ├── Labels.json
    │   │   │   │   │   ├── Labels.txt
    │   │   │   │   │   ├── build.make
    │   │   │   │   │   ├── cmake_clean.cmake
    │   │   │   │   │   ├── depend.make
    │   │   │   │   │   ├── flags.make
    │   │   │   │   │   ├── link.txt
    │   │   │   │   │   └── progress.make
    │   │   │   │   ├── qr_fullpivoting_5.dir
    │   │   │   │   │   ├── DependInfo.cmake
    │   │   │   │   │   ├── Labels.json
    │   │   │   │   │   ├── Labels.txt
    │   │   │   │   │   ├── build.make
    │   │   │   │   │   ├── cmake_clean.cmake
    │   │   │   │   │   ├── depend.make
    │   │   │   │   │   ├── flags.make
    │   │   │   │   │   ├── link.txt
    │   │   │   │   │   └── progress.make
    │   │   │   │   ├── qr_fullpivoting_6.dir
    │   │   │   │   │   ├── DependInfo.cmake
    │   │   │   │   │   ├── Labels.json
    │   │   │   │   │   ├── Labels.txt
    │   │   │   │   │   ├── build.make
    │   │   │   │   │   ├── cmake_clean.cmake
    │   │   │   │   │   ├── depend.make
    │   │   │   │   │   ├── flags.make
    │   │   │   │   │   ├── link.txt
    │   │   │   │   │   └── progress.make
    │   │   │   │   ├── qr_fullpivoting_7.dir
    │   │   │   │   │   ├── DependInfo.cmake
    │   │   │   │   │   ├── Labels.json
    │   │   │   │   │   ├── Labels.txt
    │   │   │   │   │   ├── build.make
    │   │   │   │   │   ├── cmake_clean.cmake
    │   │   │   │   │   ├── depend.make
    │   │   │   │   │   ├── flags.make
    │   │   │   │   │   ├── link.txt
    │   │   │   │   │   └── progress.make
    │   │   │   │   ├── qr_fullpivoting_8.dir
    │   │   │   │   │   ├── DependInfo.cmake
    │   │   │   │   │   ├── Labels.json
    │   │   │   │   │   ├── Labels.txt
    │   │   │   │   │   ├── build.make
    │   │   │   │   │   ├── cmake_clean.cmake
    │   │   │   │   │   ├── depend.make
    │   │   │   │   │   ├── flags.make
    │   │   │   │   │   ├── link.txt
    │   │   │   │   │   └── progress.make
    │   │   │   │   ├── rand.dir
    │   │   │   │   │   ├── DependInfo.cmake
    │   │   │   │   │   ├── Labels.json
    │   │   │   │   │   ├── Labels.txt
    │   │   │   │   │   ├── build.make
    │   │   │   │   │   ├── cmake_clean.cmake
    │   │   │   │   │   ├── depend.make
    │   │   │   │   │   ├── flags.make
    │   │   │   │   │   ├── link.txt
    │   │   │   │   │   └── progress.make
    │   │   │   │   ├── real_qz.dir
    │   │   │   │   │   ├── DependInfo.cmake
    │   │   │   │   │   ├── build.make
    │   │   │   │   │   ├── cmake_clean.cmake
    │   │   │   │   │   └── progress.make
    │   │   │   │   ├── real_qz_1.dir
    │   │   │   │   │   ├── DependInfo.cmake
    │   │   │   │   │   ├── Labels.json
    │   │   │   │   │   ├── Labels.txt
    │   │   │   │   │   ├── build.make
    │   │   │   │   │   ├── cmake_clean.cmake
    │   │   │   │   │   ├── depend.make
    │   │   │   │   │   ├── flags.make
    │   │   │   │   │   ├── link.txt
    │   │   │   │   │   └── progress.make
    │   │   │   │   ├── real_qz_2.dir
    │   │   │   │   │   ├── DependInfo.cmake
    │   │   │   │   │   ├── Labels.json
    │   │   │   │   │   ├── Labels.txt
    │   │   │   │   │   ├── build.make
    │   │   │   │   │   ├── cmake_clean.cmake
    │   │   │   │   │   ├── depend.make
    │   │   │   │   │   ├── flags.make
    │   │   │   │   │   ├── link.txt
    │   │   │   │   │   └── progress.make
    │   │   │   │   ├── real_qz_3.dir
    │   │   │   │   │   ├── DependInfo.cmake
    │   │   │   │   │   ├── Labels.json
    │   │   │   │   │   ├── Labels.txt
    │   │   │   │   │   ├── build.make
    │   │   │   │   │   ├── cmake_clean.cmake
    │   │   │   │   │   ├── depend.make
    │   │   │   │   │   ├── flags.make
    │   │   │   │   │   ├── link.txt
    │   │   │   │   │   └── progress.make
    │   │   │   │   ├── real_qz_4.dir
    │   │   │   │   │   ├── DependInfo.cmake
    │   │   │   │   │   ├── Labels.json
    │   │   │   │   │   ├── Labels.txt
    │   │   │   │   │   ├── build.make
    │   │   │   │   │   ├── cmake_clean.cmake
    │   │   │   │   │   ├── depend.make
    │   │   │   │   │   ├── flags.make
    │   │   │   │   │   ├── link.txt
    │   │   │   │   │   └── progress.make
    │   │   │   │   ├── redux.dir
    │   │   │   │   │   ├── DependInfo.cmake
    │   │   │   │   │   ├── build.make
    │   │   │   │   │   ├── cmake_clean.cmake
    │   │   │   │   │   └── progress.make
    │   │   │   │   ├── redux_1.dir
    │   │   │   │   │   ├── DependInfo.cmake
    │   │   │   │   │   ├── Labels.json
    │   │   │   │   │   ├── Labels.txt
    │   │   │   │   │   ├── build.make
    │   │   │   │   │   ├── cmake_clean.cmake
    │   │   │   │   │   ├── depend.make
    │   │   │   │   │   ├── flags.make
    │   │   │   │   │   ├── link.txt
    │   │   │   │   │   └── progress.make
    │   │   │   │   ├── redux_2.dir
    │   │   │   │   │   ├── DependInfo.cmake
    │   │   │   │   │   ├── Labels.json
    │   │   │   │   │   ├── Labels.txt
    │   │   │   │   │   ├── build.make
    │   │   │   │   │   ├── cmake_clean.cmake
    │   │   │   │   │   ├── depend.make
    │   │   │   │   │   ├── flags.make
    │   │   │   │   │   ├── link.txt
    │   │   │   │   │   └── progress.make
    │   │   │   │   ├── redux_3.dir
    │   │   │   │   │   ├── DependInfo.cmake
    │   │   │   │   │   ├── Labels.json
    │   │   │   │   │   ├── Labels.txt
    │   │   │   │   │   ├── build.make
    │   │   │   │   │   ├── cmake_clean.cmake
    │   │   │   │   │   ├── depend.make
    │   │   │   │   │   ├── flags.make
    │   │   │   │   │   ├── link.txt
    │   │   │   │   │   └── progress.make
    │   │   │   │   ├── redux_4.dir
    │   │   │   │   │   ├── DependInfo.cmake
    │   │   │   │   │   ├── Labels.json
    │   │   │   │   │   ├── Labels.txt
    │   │   │   │   │   ├── build.make
    │   │   │   │   │   ├── cmake_clean.cmake
    │   │   │   │   │   ├── depend.make
    │   │   │   │   │   ├── flags.make
    │   │   │   │   │   ├── link.txt
    │   │   │   │   │   └── progress.make
    │   │   │   │   ├── redux_5.dir
    │   │   │   │   │   ├── DependInfo.cmake
    │   │   │   │   │   ├── Labels.json
    │   │   │   │   │   ├── Labels.txt
    │   │   │   │   │   ├── build.make
    │   │   │   │   │   ├── cmake_clean.cmake
    │   │   │   │   │   ├── depend.make
    │   │   │   │   │   ├── flags.make
    │   │   │   │   │   ├── link.txt
    │   │   │   │   │   └── progress.make
    │   │   │   │   ├── redux_6.dir
    │   │   │   │   │   ├── DependInfo.cmake
    │   │   │   │   │   ├── Labels.json
    │   │   │   │   │   ├── Labels.txt
    │   │   │   │   │   ├── build.make
    │   │   │   │   │   ├── cmake_clean.cmake
    │   │   │   │   │   ├── depend.make
    │   │   │   │   │   ├── flags.make
    │   │   │   │   │   ├── link.txt
    │   │   │   │   │   └── progress.make
    │   │   │   │   ├── redux_7.dir
    │   │   │   │   │   ├── DependInfo.cmake
    │   │   │   │   │   ├── Labels.json
    │   │   │   │   │   ├── Labels.txt
    │   │   │   │   │   ├── build.make
    │   │   │   │   │   ├── cmake_clean.cmake
    │   │   │   │   │   ├── depend.make
    │   │   │   │   │   ├── flags.make
    │   │   │   │   │   ├── link.txt
    │   │   │   │   │   └── progress.make
    │   │   │   │   ├── redux_8.dir
    │   │   │   │   │   ├── DependInfo.cmake
    │   │   │   │   │   ├── Labels.json
    │   │   │   │   │   ├── Labels.txt
    │   │   │   │   │   ├── build.make
    │   │   │   │   │   ├── cmake_clean.cmake
    │   │   │   │   │   ├── depend.make
    │   │   │   │   │   ├── flags.make
    │   │   │   │   │   ├── link.txt
    │   │   │   │   │   └── progress.make
    │   │   │   │   ├── ref.dir
    │   │   │   │   │   ├── DependInfo.cmake
    │   │   │   │   │   ├── build.make
    │   │   │   │   │   ├── cmake_clean.cmake
    │   │   │   │   │   └── progress.make
    │   │   │   │   ├── ref_1.dir
    │   │   │   │   │   ├── DependInfo.cmake
    │   │   │   │   │   ├── Labels.json
    │   │   │   │   │   ├── Labels.txt
    │   │   │   │   │   ├── build.make
    │   │   │   │   │   ├── cmake_clean.cmake
    │   │   │   │   │   ├── depend.make
    │   │   │   │   │   ├── flags.make
    │   │   │   │   │   ├── link.txt
    │   │   │   │   │   └── progress.make
    │   │   │   │   ├── ref_2.dir
    │   │   │   │   │   ├── DependInfo.cmake
    │   │   │   │   │   ├── Labels.json
    │   │   │   │   │   ├── Labels.txt
    │   │   │   │   │   ├── build.make
    │   │   │   │   │   ├── cmake_clean.cmake
    │   │   │   │   │   ├── depend.make
    │   │   │   │   │   ├── flags.make
    │   │   │   │   │   ├── link.txt
    │   │   │   │   │   └── progress.make
    │   │   │   │   ├── ref_3.dir
    │   │   │   │   │   ├── DependInfo.cmake
    │   │   │   │   │   ├── Labels.json
    │   │   │   │   │   ├── Labels.txt
    │   │   │   │   │   ├── build.make
    │   │   │   │   │   ├── cmake_clean.cmake
    │   │   │   │   │   ├── depend.make
    │   │   │   │   │   ├── flags.make
    │   │   │   │   │   ├── link.txt
    │   │   │   │   │   └── progress.make
    │   │   │   │   ├── ref_4.dir
    │   │   │   │   │   ├── DependInfo.cmake
    │   │   │   │   │   ├── Labels.json
    │   │   │   │   │   ├── Labels.txt
    │   │   │   │   │   ├── build.make
    │   │   │   │   │   ├── cmake_clean.cmake
    │   │   │   │   │   ├── depend.make
    │   │   │   │   │   ├── flags.make
    │   │   │   │   │   ├── link.txt
    │   │   │   │   │   └── progress.make
    │   │   │   │   ├── ref_5.dir
    │   │   │   │   │   ├── DependInfo.cmake
    │   │   │   │   │   ├── Labels.json
    │   │   │   │   │   ├── Labels.txt
    │   │   │   │   │   ├── build.make
    │   │   │   │   │   ├── cmake_clean.cmake
    │   │   │   │   │   ├── depend.make
    │   │   │   │   │   ├── flags.make
    │   │   │   │   │   ├── link.txt
    │   │   │   │   │   └── progress.make
    │   │   │   │   ├── ref_6.dir
    │   │   │   │   │   ├── DependInfo.cmake
    │   │   │   │   │   ├── Labels.json
    │   │   │   │   │   ├── Labels.txt
    │   │   │   │   │   ├── build.make
    │   │   │   │   │   ├── cmake_clean.cmake
    │   │   │   │   │   ├── depend.make
    │   │   │   │   │   ├── flags.make
    │   │   │   │   │   ├── link.txt
    │   │   │   │   │   └── progress.make
    │   │   │   │   ├── ref_7.dir
    │   │   │   │   │   ├── DependInfo.cmake
    │   │   │   │   │   ├── Labels.json
    │   │   │   │   │   ├── Labels.txt
    │   │   │   │   │   ├── build.make
    │   │   │   │   │   ├── cmake_clean.cmake
    │   │   │   │   │   ├── depend.make
    │   │   │   │   │   ├── flags.make
    │   │   │   │   │   ├── link.txt
    │   │   │   │   │   └── progress.make
    │   │   │   │   ├── ref_8.dir
    │   │   │   │   │   ├── DependInfo.cmake
    │   │   │   │   │   ├── Labels.json
    │   │   │   │   │   ├── Labels.txt
    │   │   │   │   │   ├── build.make
    │   │   │   │   │   ├── cmake_clean.cmake
    │   │   │   │   │   ├── depend.make
    │   │   │   │   │   ├── flags.make
    │   │   │   │   │   ├── link.txt
    │   │   │   │   │   └── progress.make
    │   │   │   │   ├── reshape.dir
    │   │   │   │   │   ├── DependInfo.cmake
    │   │   │   │   │   ├── Labels.json
    │   │   │   │   │   ├── Labels.txt
    │   │   │   │   │   ├── build.make
    │   │   │   │   │   ├── cmake_clean.cmake
    │   │   │   │   │   ├── depend.make
    │   │   │   │   │   ├── flags.make
    │   │   │   │   │   ├── link.txt
    │   │   │   │   │   └── progress.make
    │   │   │   │   ├── resize.dir
    │   │   │   │   │   ├── DependInfo.cmake
    │   │   │   │   │   ├── Labels.json
    │   │   │   │   │   ├── Labels.txt
    │   │   │   │   │   ├── build.make
    │   │   │   │   │   ├── cmake_clean.cmake
    │   │   │   │   │   ├── depend.make
    │   │   │   │   │   ├── flags.make
    │   │   │   │   │   ├── link.txt
    │   │   │   │   │   └── progress.make
    │   │   │   │   ├── rvalue_types.dir
    │   │   │   │   │   ├── DependInfo.cmake
    │   │   │   │   │   ├── build.make
    │   │   │   │   │   ├── cmake_clean.cmake
    │   │   │   │   │   └── progress.make
    │   │   │   │   ├── rvalue_types_1.dir
    │   │   │   │   │   ├── DependInfo.cmake
    │   │   │   │   │   ├── Labels.json
    │   │   │   │   │   ├── Labels.txt
    │   │   │   │   │   ├── build.make
    │   │   │   │   │   ├── cmake_clean.cmake
    │   │   │   │   │   ├── depend.make
    │   │   │   │   │   ├── flags.make
    │   │   │   │   │   ├── link.txt
    │   │   │   │   │   └── progress.make
    │   │   │   │   ├── rvalue_types_2.dir
    │   │   │   │   │   ├── DependInfo.cmake
    │   │   │   │   │   ├── Labels.json
    │   │   │   │   │   ├── Labels.txt
    │   │   │   │   │   ├── build.make
    │   │   │   │   │   ├── cmake_clean.cmake
    │   │   │   │   │   ├── depend.make
    │   │   │   │   │   ├── flags.make
    │   │   │   │   │   ├── link.txt
    │   │   │   │   │   └── progress.make
    │   │   │   │   ├── rvalue_types_3.dir
    │   │   │   │   │   ├── DependInfo.cmake
    │   │   │   │   │   ├── Labels.json
    │   │   │   │   │   ├── Labels.txt
    │   │   │   │   │   ├── build.make
    │   │   │   │   │   ├── cmake_clean.cmake
    │   │   │   │   │   ├── depend.make
    │   │   │   │   │   ├── flags.make
    │   │   │   │   │   ├── link.txt
    │   │   │   │   │   └── progress.make
    │   │   │   │   ├── rvalue_types_4.dir
    │   │   │   │   │   ├── DependInfo.cmake
    │   │   │   │   │   ├── Labels.json
    │   │   │   │   │   ├── Labels.txt
    │   │   │   │   │   ├── build.make
    │   │   │   │   │   ├── cmake_clean.cmake
    │   │   │   │   │   ├── depend.make
    │   │   │   │   │   ├── flags.make
    │   │   │   │   │   ├── link.txt
    │   │   │   │   │   └── progress.make
    │   │   │   │   ├── rvalue_types_5.dir
    │   │   │   │   │   ├── DependInfo.cmake
    │   │   │   │   │   ├── Labels.json
    │   │   │   │   │   ├── Labels.txt
    │   │   │   │   │   ├── build.make
    │   │   │   │   │   ├── cmake_clean.cmake
    │   │   │   │   │   ├── depend.make
    │   │   │   │   │   ├── flags.make
    │   │   │   │   │   ├── link.txt
    │   │   │   │   │   └── progress.make
    │   │   │   │   ├── schur_complex.dir
    │   │   │   │   │   ├── DependInfo.cmake
    │   │   │   │   │   ├── build.make
    │   │   │   │   │   ├── cmake_clean.cmake
    │   │   │   │   │   └── progress.make
    │   │   │   │   ├── schur_complex_1.dir
    │   │   │   │   │   ├── DependInfo.cmake
    │   │   │   │   │   ├── Labels.json
    │   │   │   │   │   ├── Labels.txt
    │   │   │   │   │   ├── build.make
    │   │   │   │   │   ├── cmake_clean.cmake
    │   │   │   │   │   ├── depend.make
    │   │   │   │   │   ├── flags.make
    │   │   │   │   │   ├── link.txt
    │   │   │   │   │   └── progress.make
    │   │   │   │   ├── schur_complex_2.dir
    │   │   │   │   │   ├── DependInfo.cmake
    │   │   │   │   │   ├── Labels.json
    │   │   │   │   │   ├── Labels.txt
    │   │   │   │   │   ├── build.make
    │   │   │   │   │   ├── cmake_clean.cmake
    │   │   │   │   │   ├── depend.make
    │   │   │   │   │   ├── flags.make
    │   │   │   │   │   ├── link.txt
    │   │   │   │   │   └── progress.make
    │   │   │   │   ├── schur_complex_3.dir
    │   │   │   │   │   ├── DependInfo.cmake
    │   │   │   │   │   ├── Labels.json
    │   │   │   │   │   ├── Labels.txt
    │   │   │   │   │   ├── build.make
    │   │   │   │   │   ├── cmake_clean.cmake
    │   │   │   │   │   ├── depend.make
    │   │   │   │   │   ├── flags.make
    │   │   │   │   │   ├── link.txt
    │   │   │   │   │   └── progress.make
    │   │   │   │   ├── schur_complex_4.dir
    │   │   │   │   │   ├── DependInfo.cmake
    │   │   │   │   │   ├── Labels.json
    │   │   │   │   │   ├── Labels.txt
    │   │   │   │   │   ├── build.make
    │   │   │   │   │   ├── cmake_clean.cmake
    │   │   │   │   │   ├── depend.make
    │   │   │   │   │   ├── flags.make
    │   │   │   │   │   ├── link.txt
    │   │   │   │   │   └── progress.make
    │   │   │   │   ├── schur_complex_5.dir
    │   │   │   │   │   ├── DependInfo.cmake
    │   │   │   │   │   ├── Labels.json
    │   │   │   │   │   ├── Labels.txt
    │   │   │   │   │   ├── build.make
    │   │   │   │   │   ├── cmake_clean.cmake
    │   │   │   │   │   ├── depend.make
    │   │   │   │   │   ├── flags.make
    │   │   │   │   │   ├── link.txt
    │   │   │   │   │   └── progress.make
    │   │   │   │   ├── schur_real.dir
    │   │   │   │   │   ├── DependInfo.cmake
    │   │   │   │   │   ├── build.make
    │   │   │   │   │   ├── cmake_clean.cmake
    │   │   │   │   │   └── progress.make
    │   │   │   │   ├── schur_real_1.dir
    │   │   │   │   │   ├── DependInfo.cmake
    │   │   │   │   │   ├── Labels.json
    │   │   │   │   │   ├── Labels.txt
    │   │   │   │   │   ├── build.make
    │   │   │   │   │   ├── cmake_clean.cmake
    │   │   │   │   │   ├── depend.make
    │   │   │   │   │   ├── flags.make
    │   │   │   │   │   ├── link.txt
    │   │   │   │   │   └── progress.make
    │   │   │   │   ├── schur_real_2.dir
    │   │   │   │   │   ├── DependInfo.cmake
    │   │   │   │   │   ├── Labels.json
    │   │   │   │   │   ├── Labels.txt
    │   │   │   │   │   ├── build.make
    │   │   │   │   │   ├── cmake_clean.cmake
    │   │   │   │   │   ├── depend.make
    │   │   │   │   │   ├── flags.make
    │   │   │   │   │   ├── link.txt
    │   │   │   │   │   └── progress.make
    │   │   │   │   ├── schur_real_3.dir
    │   │   │   │   │   ├── DependInfo.cmake
    │   │   │   │   │   ├── Labels.json
    │   │   │   │   │   ├── Labels.txt
    │   │   │   │   │   ├── build.make
    │   │   │   │   │   ├── cmake_clean.cmake
    │   │   │   │   │   ├── depend.make
    │   │   │   │   │   ├── flags.make
    │   │   │   │   │   ├── link.txt
    │   │   │   │   │   └── progress.make
    │   │   │   │   ├── schur_real_4.dir
    │   │   │   │   │   ├── DependInfo.cmake
    │   │   │   │   │   ├── Labels.json
    │   │   │   │   │   ├── Labels.txt
    │   │   │   │   │   ├── build.make
    │   │   │   │   │   ├── cmake_clean.cmake
    │   │   │   │   │   ├── depend.make
    │   │   │   │   │   ├── flags.make
    │   │   │   │   │   ├── link.txt
    │   │   │   │   │   └── progress.make
    │   │   │   │   ├── schur_real_5.dir
    │   │   │   │   │   ├── DependInfo.cmake
    │   │   │   │   │   ├── Labels.json
    │   │   │   │   │   ├── Labels.txt
    │   │   │   │   │   ├── build.make
    │   │   │   │   │   ├── cmake_clean.cmake
    │   │   │   │   │   ├── depend.make
    │   │   │   │   │   ├── flags.make
    │   │   │   │   │   ├── link.txt
    │   │   │   │   │   └── progress.make
    │   │   │   │   ├── selfadjoint.dir
    │   │   │   │   │   ├── DependInfo.cmake
    │   │   │   │   │   ├── build.make
    │   │   │   │   │   ├── cmake_clean.cmake
    │   │   │   │   │   └── progress.make
    │   │   │   │   ├── selfadjoint_1.dir
    │   │   │   │   │   ├── DependInfo.cmake
    │   │   │   │   │   ├── Labels.json
    │   │   │   │   │   ├── Labels.txt
    │   │   │   │   │   ├── build.make
    │   │   │   │   │   ├── cmake_clean.cmake
    │   │   │   │   │   ├── depend.make
    │   │   │   │   │   ├── flags.make
    │   │   │   │   │   ├── link.txt
    │   │   │   │   │   └── progress.make
    │   │   │   │   ├── selfadjoint_2.dir
    │   │   │   │   │   ├── DependInfo.cmake
    │   │   │   │   │   ├── Labels.json
    │   │   │   │   │   ├── Labels.txt
    │   │   │   │   │   ├── build.make
    │   │   │   │   │   ├── cmake_clean.cmake
    │   │   │   │   │   ├── depend.make
    │   │   │   │   │   ├── flags.make
    │   │   │   │   │   ├── link.txt
    │   │   │   │   │   └── progress.make
    │   │   │   │   ├── selfadjoint_3.dir
    │   │   │   │   │   ├── DependInfo.cmake
    │   │   │   │   │   ├── Labels.json
    │   │   │   │   │   ├── Labels.txt
    │   │   │   │   │   ├── build.make
    │   │   │   │   │   ├── cmake_clean.cmake
    │   │   │   │   │   ├── depend.make
    │   │   │   │   │   ├── flags.make
    │   │   │   │   │   ├── link.txt
    │   │   │   │   │   └── progress.make
    │   │   │   │   ├── selfadjoint_4.dir
    │   │   │   │   │   ├── DependInfo.cmake
    │   │   │   │   │   ├── Labels.json
    │   │   │   │   │   ├── Labels.txt
    │   │   │   │   │   ├── build.make
    │   │   │   │   │   ├── cmake_clean.cmake
    │   │   │   │   │   ├── depend.make
    │   │   │   │   │   ├── flags.make
    │   │   │   │   │   ├── link.txt
    │   │   │   │   │   └── progress.make
    │   │   │   │   ├── selfadjoint_5.dir
    │   │   │   │   │   ├── DependInfo.cmake
    │   │   │   │   │   ├── Labels.json
    │   │   │   │   │   ├── Labels.txt
    │   │   │   │   │   ├── build.make
    │   │   │   │   │   ├── cmake_clean.cmake
    │   │   │   │   │   ├── depend.make
    │   │   │   │   │   ├── flags.make
    │   │   │   │   │   ├── link.txt
    │   │   │   │   │   └── progress.make
    │   │   │   │   ├── simplicial_cholesky.dir
    │   │   │   │   │   ├── DependInfo.cmake
    │   │   │   │   │   ├── build.make
    │   │   │   │   │   ├── cmake_clean.cmake
    │   │   │   │   │   └── progress.make
    │   │   │   │   ├── simplicial_cholesky_11.dir
    │   │   │   │   │   ├── DependInfo.cmake
    │   │   │   │   │   ├── Labels.json
    │   │   │   │   │   ├── Labels.txt
    │   │   │   │   │   ├── build.make
    │   │   │   │   │   ├── cmake_clean.cmake
    │   │   │   │   │   ├── depend.make
    │   │   │   │   │   ├── flags.make
    │   │   │   │   │   ├── link.txt
    │   │   │   │   │   └── progress.make
    │   │   │   │   ├── simplicial_cholesky_12.dir
    │   │   │   │   │   ├── DependInfo.cmake
    │   │   │   │   │   ├── Labels.json
    │   │   │   │   │   ├── Labels.txt
    │   │   │   │   │   ├── build.make
    │   │   │   │   │   ├── cmake_clean.cmake
    │   │   │   │   │   ├── depend.make
    │   │   │   │   │   ├── flags.make
    │   │   │   │   │   ├── link.txt
    │   │   │   │   │   └── progress.make
    │   │   │   │   ├── simplicial_cholesky_13.dir
    │   │   │   │   │   ├── DependInfo.cmake
    │   │   │   │   │   ├── Labels.json
    │   │   │   │   │   ├── Labels.txt
    │   │   │   │   │   ├── build.make
    │   │   │   │   │   ├── cmake_clean.cmake
    │   │   │   │   │   ├── depend.make
    │   │   │   │   │   ├── flags.make
    │   │   │   │   │   ├── link.txt
    │   │   │   │   │   └── progress.make
    │   │   │   │   ├── simplicial_cholesky_21.dir
    │   │   │   │   │   ├── DependInfo.cmake
    │   │   │   │   │   ├── Labels.json
    │   │   │   │   │   ├── Labels.txt
    │   │   │   │   │   ├── build.make
    │   │   │   │   │   ├── cmake_clean.cmake
    │   │   │   │   │   ├── depend.make
    │   │   │   │   │   ├── flags.make
    │   │   │   │   │   ├── link.txt
    │   │   │   │   │   └── progress.make
    │   │   │   │   ├── simplicial_cholesky_22.dir
    │   │   │   │   │   ├── DependInfo.cmake
    │   │   │   │   │   ├── Labels.json
    │   │   │   │   │   ├── Labels.txt
    │   │   │   │   │   ├── build.make
    │   │   │   │   │   ├── cmake_clean.cmake
    │   │   │   │   │   ├── depend.make
    │   │   │   │   │   ├── flags.make
    │   │   │   │   │   ├── link.txt
    │   │   │   │   │   └── progress.make
    │   │   │   │   ├── simplicial_cholesky_23.dir
    │   │   │   │   │   ├── DependInfo.cmake
    │   │   │   │   │   ├── Labels.json
    │   │   │   │   │   ├── Labels.txt
    │   │   │   │   │   ├── build.make
    │   │   │   │   │   ├── cmake_clean.cmake
    │   │   │   │   │   ├── depend.make
    │   │   │   │   │   ├── flags.make
    │   │   │   │   │   ├── link.txt
    │   │   │   │   │   └── progress.make
    │   │   │   │   ├── sizeof.dir
    │   │   │   │   │   ├── DependInfo.cmake
    │   │   │   │   │   ├── Labels.json
    │   │   │   │   │   ├── Labels.txt
    │   │   │   │   │   ├── build.make
    │   │   │   │   │   ├── cmake_clean.cmake
    │   │   │   │   │   ├── depend.make
    │   │   │   │   │   ├── flags.make
    │   │   │   │   │   ├── link.txt
    │   │   │   │   │   └── progress.make
    │   │   │   │   ├── sizeoverflow.dir
    │   │   │   │   │   ├── DependInfo.cmake
    │   │   │   │   │   ├── Labels.json
    │   │   │   │   │   ├── Labels.txt
    │   │   │   │   │   ├── build.make
    │   │   │   │   │   ├── cmake_clean.cmake
    │   │   │   │   │   ├── depend.make
    │   │   │   │   │   ├── flags.make
    │   │   │   │   │   ├── link.txt
    │   │   │   │   │   └── progress.make
    │   │   │   │   ├── smallvectors.dir
    │   │   │   │   │   ├── DependInfo.cmake
    │   │   │   │   │   ├── Labels.json
    │   │   │   │   │   ├── Labels.txt
    │   │   │   │   │   ├── build.make
    │   │   │   │   │   ├── cmake_clean.cmake
    │   │   │   │   │   ├── depend.make
    │   │   │   │   │   ├── flags.make
    │   │   │   │   │   ├── link.txt
    │   │   │   │   │   └── progress.make
    │   │   │   │   ├── sparse_basic.dir
    │   │   │   │   │   ├── DependInfo.cmake
    │   │   │   │   │   ├── build.make
    │   │   │   │   │   ├── cmake_clean.cmake
    │   │   │   │   │   └── progress.make
    │   │   │   │   ├── sparse_basic_1.dir
    │   │   │   │   │   ├── DependInfo.cmake
    │   │   │   │   │   ├── Labels.json
    │   │   │   │   │   ├── Labels.txt
    │   │   │   │   │   ├── build.make
    │   │   │   │   │   ├── cmake_clean.cmake
    │   │   │   │   │   ├── depend.make
    │   │   │   │   │   ├── flags.make
    │   │   │   │   │   ├── link.txt
    │   │   │   │   │   └── progress.make
    │   │   │   │   ├── sparse_basic_2.dir
    │   │   │   │   │   ├── DependInfo.cmake
    │   │   │   │   │   ├── Labels.json
    │   │   │   │   │   ├── Labels.txt
    │   │   │   │   │   ├── build.make
    │   │   │   │   │   ├── cmake_clean.cmake
    │   │   │   │   │   ├── depend.make
    │   │   │   │   │   ├── flags.make
    │   │   │   │   │   ├── link.txt
    │   │   │   │   │   └── progress.make
    │   │   │   │   ├── sparse_basic_3.dir
    │   │   │   │   │   ├── DependInfo.cmake
    │   │   │   │   │   ├── Labels.json
    │   │   │   │   │   ├── Labels.txt
    │   │   │   │   │   ├── build.make
    │   │   │   │   │   ├── cmake_clean.cmake
    │   │   │   │   │   ├── depend.make
    │   │   │   │   │   ├── flags.make
    │   │   │   │   │   ├── link.txt
    │   │   │   │   │   └── progress.make
    │   │   │   │   ├── sparse_basic_4.dir
    │   │   │   │   │   ├── DependInfo.cmake
    │   │   │   │   │   ├── Labels.json
    │   │   │   │   │   ├── Labels.txt
    │   │   │   │   │   ├── build.make
    │   │   │   │   │   ├── cmake_clean.cmake
    │   │   │   │   │   ├── depend.make
    │   │   │   │   │   ├── flags.make
    │   │   │   │   │   ├── link.txt
    │   │   │   │   │   └── progress.make
    │   │   │   │   ├── sparse_basic_5.dir
    │   │   │   │   │   ├── DependInfo.cmake
    │   │   │   │   │   ├── Labels.json
    │   │   │   │   │   ├── Labels.txt
    │   │   │   │   │   ├── build.make
    │   │   │   │   │   ├── cmake_clean.cmake
    │   │   │   │   │   ├── depend.make
    │   │   │   │   │   ├── flags.make
    │   │   │   │   │   ├── link.txt
    │   │   │   │   │   └── progress.make
    │   │   │   │   ├── sparse_basic_6.dir
    │   │   │   │   │   ├── DependInfo.cmake
    │   │   │   │   │   ├── Labels.json
    │   │   │   │   │   ├── Labels.txt
    │   │   │   │   │   ├── build.make
    │   │   │   │   │   ├── cmake_clean.cmake
    │   │   │   │   │   ├── depend.make
    │   │   │   │   │   ├── flags.make
    │   │   │   │   │   ├── link.txt
    │   │   │   │   │   └── progress.make
    │   │   │   │   ├── sparse_basic_7.dir
    │   │   │   │   │   ├── DependInfo.cmake
    │   │   │   │   │   ├── Labels.json
    │   │   │   │   │   ├── Labels.txt
    │   │   │   │   │   ├── build.make
    │   │   │   │   │   ├── cmake_clean.cmake
    │   │   │   │   │   ├── depend.make
    │   │   │   │   │   ├── flags.make
    │   │   │   │   │   ├── link.txt
    │   │   │   │   │   └── progress.make
    │   │   │   │   ├── sparse_block.dir
    │   │   │   │   │   ├── DependInfo.cmake
    │   │   │   │   │   ├── build.make
    │   │   │   │   │   ├── cmake_clean.cmake
    │   │   │   │   │   └── progress.make
    │   │   │   │   ├── sparse_block_1.dir
    │   │   │   │   │   ├── DependInfo.cmake
    │   │   │   │   │   ├── Labels.json
    │   │   │   │   │   ├── Labels.txt
    │   │   │   │   │   ├── build.make
    │   │   │   │   │   ├── cmake_clean.cmake
    │   │   │   │   │   ├── depend.make
    │   │   │   │   │   ├── flags.make
    │   │   │   │   │   ├── link.txt
    │   │   │   │   │   └── progress.make
    │   │   │   │   ├── sparse_block_2.dir
    │   │   │   │   │   ├── DependInfo.cmake
    │   │   │   │   │   ├── Labels.json
    │   │   │   │   │   ├── Labels.txt
    │   │   │   │   │   ├── build.make
    │   │   │   │   │   ├── cmake_clean.cmake
    │   │   │   │   │   ├── depend.make
    │   │   │   │   │   ├── flags.make
    │   │   │   │   │   ├── link.txt
    │   │   │   │   │   └── progress.make
    │   │   │   │   ├── sparse_block_3.dir
    │   │   │   │   │   ├── DependInfo.cmake
    │   │   │   │   │   ├── Labels.json
    │   │   │   │   │   ├── Labels.txt
    │   │   │   │   │   ├── build.make
    │   │   │   │   │   ├── cmake_clean.cmake
    │   │   │   │   │   ├── depend.make
    │   │   │   │   │   ├── flags.make
    │   │   │   │   │   ├── link.txt
    │   │   │   │   │   └── progress.make
    │   │   │   │   ├── sparse_block_4.dir
    │   │   │   │   │   ├── DependInfo.cmake
    │   │   │   │   │   ├── Labels.json
    │   │   │   │   │   ├── Labels.txt
    │   │   │   │   │   ├── build.make
    │   │   │   │   │   ├── cmake_clean.cmake
    │   │   │   │   │   ├── depend.make
    │   │   │   │   │   ├── flags.make
    │   │   │   │   │   ├── link.txt
    │   │   │   │   │   └── progress.make
    │   │   │   │   ├── sparse_block_5.dir
    │   │   │   │   │   ├── DependInfo.cmake
    │   │   │   │   │   ├── Labels.json
    │   │   │   │   │   ├── Labels.txt
    │   │   │   │   │   ├── build.make
    │   │   │   │   │   ├── cmake_clean.cmake
    │   │   │   │   │   ├── depend.make
    │   │   │   │   │   ├── flags.make
    │   │   │   │   │   ├── link.txt
    │   │   │   │   │   └── progress.make
    │   │   │   │   ├── sparse_permutations.dir
    │   │   │   │   │   ├── DependInfo.cmake
    │   │   │   │   │   ├── build.make
    │   │   │   │   │   ├── cmake_clean.cmake
    │   │   │   │   │   └── progress.make
    │   │   │   │   ├── sparse_permutations_1.dir
    │   │   │   │   │   ├── DependInfo.cmake
    │   │   │   │   │   ├── Labels.json
    │   │   │   │   │   ├── Labels.txt
    │   │   │   │   │   ├── build.make
    │   │   │   │   │   ├── cmake_clean.cmake
    │   │   │   │   │   ├── depend.make
    │   │   │   │   │   ├── flags.make
    │   │   │   │   │   ├── link.txt
    │   │   │   │   │   └── progress.make
    │   │   │   │   ├── sparse_permutations_2.dir
    │   │   │   │   │   ├── DependInfo.cmake
    │   │   │   │   │   ├── Labels.json
    │   │   │   │   │   ├── Labels.txt
    │   │   │   │   │   ├── build.make
    │   │   │   │   │   ├── cmake_clean.cmake
    │   │   │   │   │   ├── depend.make
    │   │   │   │   │   ├── flags.make
    │   │   │   │   │   ├── link.txt
    │   │   │   │   │   └── progress.make
    │   │   │   │   ├── sparse_product.dir
    │   │   │   │   │   ├── DependInfo.cmake
    │   │   │   │   │   ├── build.make
    │   │   │   │   │   ├── cmake_clean.cmake
    │   │   │   │   │   └── progress.make
    │   │   │   │   ├── sparse_product_1.dir
    │   │   │   │   │   ├── DependInfo.cmake
    │   │   │   │   │   ├── Labels.json
    │   │   │   │   │   ├── Labels.txt
    │   │   │   │   │   ├── build.make
    │   │   │   │   │   ├── cmake_clean.cmake
    │   │   │   │   │   ├── depend.make
    │   │   │   │   │   ├── flags.make
    │   │   │   │   │   ├── link.txt
    │   │   │   │   │   └── progress.make
    │   │   │   │   ├── sparse_product_2.dir
    │   │   │   │   │   ├── DependInfo.cmake
    │   │   │   │   │   ├── Labels.json
    │   │   │   │   │   ├── Labels.txt
    │   │   │   │   │   ├── build.make
    │   │   │   │   │   ├── cmake_clean.cmake
    │   │   │   │   │   ├── depend.make
    │   │   │   │   │   ├── flags.make
    │   │   │   │   │   ├── link.txt
    │   │   │   │   │   └── progress.make
    │   │   │   │   ├── sparse_product_3.dir
    │   │   │   │   │   ├── DependInfo.cmake
    │   │   │   │   │   ├── Labels.json
    │   │   │   │   │   ├── Labels.txt
    │   │   │   │   │   ├── build.make
    │   │   │   │   │   ├── cmake_clean.cmake
    │   │   │   │   │   ├── depend.make
    │   │   │   │   │   ├── flags.make
    │   │   │   │   │   ├── link.txt
    │   │   │   │   │   └── progress.make
    │   │   │   │   ├── sparse_product_4.dir
    │   │   │   │   │   ├── DependInfo.cmake
    │   │   │   │   │   ├── Labels.json
    │   │   │   │   │   ├── Labels.txt
    │   │   │   │   │   ├── build.make
    │   │   │   │   │   ├── cmake_clean.cmake
    │   │   │   │   │   ├── depend.make
    │   │   │   │   │   ├── flags.make
    │   │   │   │   │   ├── link.txt
    │   │   │   │   │   └── progress.make
    │   │   │   │   ├── sparse_product_5.dir
    │   │   │   │   │   ├── DependInfo.cmake
    │   │   │   │   │   ├── Labels.json
    │   │   │   │   │   ├── Labels.txt
    │   │   │   │   │   ├── build.make
    │   │   │   │   │   ├── cmake_clean.cmake
    │   │   │   │   │   ├── depend.make
    │   │   │   │   │   ├── flags.make
    │   │   │   │   │   ├── link.txt
    │   │   │   │   │   └── progress.make
    │   │   │   │   ├── sparse_ref.dir
    │   │   │   │   │   ├── DependInfo.cmake
    │   │   │   │   │   ├── build.make
    │   │   │   │   │   ├── cmake_clean.cmake
    │   │   │   │   │   └── progress.make
    │   │   │   │   ├── sparse_ref_1.dir
    │   │   │   │   │   ├── DependInfo.cmake
    │   │   │   │   │   ├── Labels.json
    │   │   │   │   │   ├── Labels.txt
    │   │   │   │   │   ├── build.make
    │   │   │   │   │   ├── cmake_clean.cmake
    │   │   │   │   │   ├── depend.make
    │   │   │   │   │   ├── flags.make
    │   │   │   │   │   ├── link.txt
    │   │   │   │   │   └── progress.make
    │   │   │   │   ├── sparse_ref_2.dir
    │   │   │   │   │   ├── DependInfo.cmake
    │   │   │   │   │   ├── Labels.json
    │   │   │   │   │   ├── Labels.txt
    │   │   │   │   │   ├── build.make
    │   │   │   │   │   ├── cmake_clean.cmake
    │   │   │   │   │   ├── depend.make
    │   │   │   │   │   ├── flags.make
    │   │   │   │   │   ├── link.txt
    │   │   │   │   │   └── progress.make
    │   │   │   │   ├── sparse_ref_3.dir
    │   │   │   │   │   ├── DependInfo.cmake
    │   │   │   │   │   ├── Labels.json
    │   │   │   │   │   ├── Labels.txt
    │   │   │   │   │   ├── build.make
    │   │   │   │   │   ├── cmake_clean.cmake
    │   │   │   │   │   ├── depend.make
    │   │   │   │   │   ├── flags.make
    │   │   │   │   │   ├── link.txt
    │   │   │   │   │   └── progress.make
    │   │   │   │   ├── sparse_solvers.dir
    │   │   │   │   │   ├── DependInfo.cmake
    │   │   │   │   │   ├── build.make
    │   │   │   │   │   ├── cmake_clean.cmake
    │   │   │   │   │   └── progress.make
    │   │   │   │   ├── sparse_solvers_1.dir
    │   │   │   │   │   ├── DependInfo.cmake
    │   │   │   │   │   ├── Labels.json
    │   │   │   │   │   ├── Labels.txt
    │   │   │   │   │   ├── build.make
    │   │   │   │   │   ├── cmake_clean.cmake
    │   │   │   │   │   ├── depend.make
    │   │   │   │   │   ├── flags.make
    │   │   │   │   │   ├── link.txt
    │   │   │   │   │   └── progress.make
    │   │   │   │   ├── sparse_solvers_2.dir
    │   │   │   │   │   ├── DependInfo.cmake
    │   │   │   │   │   ├── Labels.json
    │   │   │   │   │   ├── Labels.txt
    │   │   │   │   │   ├── build.make
    │   │   │   │   │   ├── cmake_clean.cmake
    │   │   │   │   │   ├── depend.make
    │   │   │   │   │   ├── flags.make
    │   │   │   │   │   ├── link.txt
    │   │   │   │   │   └── progress.make
    │   │   │   │   ├── sparse_vector.dir
    │   │   │   │   │   ├── DependInfo.cmake
    │   │   │   │   │   ├── build.make
    │   │   │   │   │   ├── cmake_clean.cmake
    │   │   │   │   │   └── progress.make
    │   │   │   │   ├── sparse_vector_1.dir
    │   │   │   │   │   ├── DependInfo.cmake
    │   │   │   │   │   ├── Labels.json
    │   │   │   │   │   ├── Labels.txt
    │   │   │   │   │   ├── build.make
    │   │   │   │   │   ├── cmake_clean.cmake
    │   │   │   │   │   ├── depend.make
    │   │   │   │   │   ├── flags.make
    │   │   │   │   │   ├── link.txt
    │   │   │   │   │   └── progress.make
    │   │   │   │   ├── sparse_vector_2.dir
    │   │   │   │   │   ├── DependInfo.cmake
    │   │   │   │   │   ├── Labels.json
    │   │   │   │   │   ├── Labels.txt
    │   │   │   │   │   ├── build.make
    │   │   │   │   │   ├── cmake_clean.cmake
    │   │   │   │   │   ├── depend.make
    │   │   │   │   │   ├── flags.make
    │   │   │   │   │   ├── link.txt
    │   │   │   │   │   └── progress.make
    │   │   │   │   ├── sparselu.dir
    │   │   │   │   │   ├── DependInfo.cmake
    │   │   │   │   │   ├── build.make
    │   │   │   │   │   ├── cmake_clean.cmake
    │   │   │   │   │   └── progress.make
    │   │   │   │   ├── sparselu_1.dir
    │   │   │   │   │   ├── DependInfo.cmake
    │   │   │   │   │   ├── Labels.json
    │   │   │   │   │   ├── Labels.txt
    │   │   │   │   │   ├── build.make
    │   │   │   │   │   ├── cmake_clean.cmake
    │   │   │   │   │   ├── depend.make
    │   │   │   │   │   ├── flags.make
    │   │   │   │   │   ├── link.txt
    │   │   │   │   │   └── progress.make
    │   │   │   │   ├── sparselu_2.dir
    │   │   │   │   │   ├── DependInfo.cmake
    │   │   │   │   │   ├── Labels.json
    │   │   │   │   │   ├── Labels.txt
    │   │   │   │   │   ├── build.make
    │   │   │   │   │   ├── cmake_clean.cmake
    │   │   │   │   │   ├── depend.make
    │   │   │   │   │   ├── flags.make
    │   │   │   │   │   ├── link.txt
    │   │   │   │   │   └── progress.make
    │   │   │   │   ├── sparselu_3.dir
    │   │   │   │   │   ├── DependInfo.cmake
    │   │   │   │   │   ├── Labels.json
    │   │   │   │   │   ├── Labels.txt
    │   │   │   │   │   ├── build.make
    │   │   │   │   │   ├── cmake_clean.cmake
    │   │   │   │   │   ├── depend.make
    │   │   │   │   │   ├── flags.make
    │   │   │   │   │   ├── link.txt
    │   │   │   │   │   └── progress.make
    │   │   │   │   ├── sparselu_4.dir
    │   │   │   │   │   ├── DependInfo.cmake
    │   │   │   │   │   ├── Labels.json
    │   │   │   │   │   ├── Labels.txt
    │   │   │   │   │   ├── build.make
    │   │   │   │   │   ├── cmake_clean.cmake
    │   │   │   │   │   ├── depend.make
    │   │   │   │   │   ├── flags.make
    │   │   │   │   │   ├── link.txt
    │   │   │   │   │   └── progress.make
    │   │   │   │   ├── sparseqr.dir
    │   │   │   │   │   ├── DependInfo.cmake
    │   │   │   │   │   ├── build.make
    │   │   │   │   │   ├── cmake_clean.cmake
    │   │   │   │   │   └── progress.make
    │   │   │   │   ├── sparseqr_1.dir
    │   │   │   │   │   ├── DependInfo.cmake
    │   │   │   │   │   ├── Labels.json
    │   │   │   │   │   ├── Labels.txt
    │   │   │   │   │   ├── build.make
    │   │   │   │   │   ├── cmake_clean.cmake
    │   │   │   │   │   ├── depend.make
    │   │   │   │   │   ├── flags.make
    │   │   │   │   │   ├── link.txt
    │   │   │   │   │   └── progress.make
    │   │   │   │   ├── sparseqr_2.dir
    │   │   │   │   │   ├── DependInfo.cmake
    │   │   │   │   │   ├── Labels.json
    │   │   │   │   │   ├── Labels.txt
    │   │   │   │   │   ├── build.make
    │   │   │   │   │   ├── cmake_clean.cmake
    │   │   │   │   │   ├── depend.make
    │   │   │   │   │   ├── flags.make
    │   │   │   │   │   ├── link.txt
    │   │   │   │   │   └── progress.make
    │   │   │   │   ├── special_numbers.dir
    │   │   │   │   │   ├── DependInfo.cmake
    │   │   │   │   │   ├── build.make
    │   │   │   │   │   ├── cmake_clean.cmake
    │   │   │   │   │   └── progress.make
    │   │   │   │   ├── special_numbers_1.dir
    │   │   │   │   │   ├── DependInfo.cmake
    │   │   │   │   │   ├── Labels.json
    │   │   │   │   │   ├── Labels.txt
    │   │   │   │   │   ├── build.make
    │   │   │   │   │   ├── cmake_clean.cmake
    │   │   │   │   │   ├── depend.make
    │   │   │   │   │   ├── flags.make
    │   │   │   │   │   ├── link.txt
    │   │   │   │   │   └── progress.make
    │   │   │   │   ├── stable_norm.dir
    │   │   │   │   │   ├── DependInfo.cmake
    │   │   │   │   │   ├── build.make
    │   │   │   │   │   ├── cmake_clean.cmake
    │   │   │   │   │   └── progress.make
    │   │   │   │   ├── stable_norm_1.dir
    │   │   │   │   │   ├── DependInfo.cmake
    │   │   │   │   │   ├── Labels.json
    │   │   │   │   │   ├── Labels.txt
    │   │   │   │   │   ├── build.make
    │   │   │   │   │   ├── cmake_clean.cmake
    │   │   │   │   │   ├── depend.make
    │   │   │   │   │   ├── flags.make
    │   │   │   │   │   ├── link.txt
    │   │   │   │   │   └── progress.make
    │   │   │   │   ├── stable_norm_2.dir
    │   │   │   │   │   ├── DependInfo.cmake
    │   │   │   │   │   ├── Labels.json
    │   │   │   │   │   ├── Labels.txt
    │   │   │   │   │   ├── build.make
    │   │   │   │   │   ├── cmake_clean.cmake
    │   │   │   │   │   ├── depend.make
    │   │   │   │   │   ├── flags.make
    │   │   │   │   │   ├── link.txt
    │   │   │   │   │   └── progress.make
    │   │   │   │   ├── stable_norm_3.dir
    │   │   │   │   │   ├── DependInfo.cmake
    │   │   │   │   │   ├── Labels.json
    │   │   │   │   │   ├── Labels.txt
    │   │   │   │   │   ├── build.make
    │   │   │   │   │   ├── cmake_clean.cmake
    │   │   │   │   │   ├── depend.make
    │   │   │   │   │   ├── flags.make
    │   │   │   │   │   ├── link.txt
    │   │   │   │   │   └── progress.make
    │   │   │   │   ├── stable_norm_4.dir
    │   │   │   │   │   ├── DependInfo.cmake
    │   │   │   │   │   ├── Labels.json
    │   │   │   │   │   ├── Labels.txt
    │   │   │   │   │   ├── build.make
    │   │   │   │   │   ├── cmake_clean.cmake
    │   │   │   │   │   ├── depend.make
    │   │   │   │   │   ├── flags.make
    │   │   │   │   │   ├── link.txt
    │   │   │   │   │   └── progress.make
    │   │   │   │   ├── stable_norm_5.dir
    │   │   │   │   │   ├── DependInfo.cmake
    │   │   │   │   │   ├── Labels.json
    │   │   │   │   │   ├── Labels.txt
    │   │   │   │   │   ├── build.make
    │   │   │   │   │   ├── cmake_clean.cmake
    │   │   │   │   │   ├── depend.make
    │   │   │   │   │   ├── flags.make
    │   │   │   │   │   ├── link.txt
    │   │   │   │   │   └── progress.make
    │   │   │   │   ├── stable_norm_6.dir
    │   │   │   │   │   ├── DependInfo.cmake
    │   │   │   │   │   ├── Labels.json
    │   │   │   │   │   ├── Labels.txt
    │   │   │   │   │   ├── build.make
    │   │   │   │   │   ├── cmake_clean.cmake
    │   │   │   │   │   ├── depend.make
    │   │   │   │   │   ├── flags.make
    │   │   │   │   │   ├── link.txt
    │   │   │   │   │   └── progress.make
    │   │   │   │   ├── stddeque.dir
    │   │   │   │   │   ├── DependInfo.cmake
    │   │   │   │   │   ├── build.make
    │   │   │   │   │   ├── cmake_clean.cmake
    │   │   │   │   │   └── progress.make
    │   │   │   │   ├── stddeque_1.dir
    │   │   │   │   │   ├── DependInfo.cmake
    │   │   │   │   │   ├── Labels.json
    │   │   │   │   │   ├── Labels.txt
    │   │   │   │   │   ├── build.make
    │   │   │   │   │   ├── cmake_clean.cmake
    │   │   │   │   │   ├── depend.make
    │   │   │   │   │   ├── flags.make
    │   │   │   │   │   ├── link.txt
    │   │   │   │   │   └── progress.make
    │   │   │   │   ├── stddeque_2.dir
    │   │   │   │   │   ├── DependInfo.cmake
    │   │   │   │   │   ├── Labels.json
    │   │   │   │   │   ├── Labels.txt
    │   │   │   │   │   ├── build.make
    │   │   │   │   │   ├── cmake_clean.cmake
    │   │   │   │   │   ├── depend.make
    │   │   │   │   │   ├── flags.make
    │   │   │   │   │   ├── link.txt
    │   │   │   │   │   └── progress.make
    │   │   │   │   ├── stddeque_3.dir
    │   │   │   │   │   ├── DependInfo.cmake
    │   │   │   │   │   ├── Labels.json
    │   │   │   │   │   ├── Labels.txt
    │   │   │   │   │   ├── build.make
    │   │   │   │   │   ├── cmake_clean.cmake
    │   │   │   │   │   ├── depend.make
    │   │   │   │   │   ├── flags.make
    │   │   │   │   │   ├── link.txt
    │   │   │   │   │   └── progress.make
    │   │   │   │   ├── stddeque_4.dir
    │   │   │   │   │   ├── DependInfo.cmake
    │   │   │   │   │   ├── Labels.json
    │   │   │   │   │   ├── Labels.txt
    │   │   │   │   │   ├── build.make
    │   │   │   │   │   ├── cmake_clean.cmake
    │   │   │   │   │   ├── depend.make
    │   │   │   │   │   ├── flags.make
    │   │   │   │   │   ├── link.txt
    │   │   │   │   │   └── progress.make
    │   │   │   │   ├── stddeque_5.dir
    │   │   │   │   │   ├── DependInfo.cmake
    │   │   │   │   │   ├── Labels.json
    │   │   │   │   │   ├── Labels.txt
    │   │   │   │   │   ├── build.make
    │   │   │   │   │   ├── cmake_clean.cmake
    │   │   │   │   │   ├── depend.make
    │   │   │   │   │   ├── flags.make
    │   │   │   │   │   ├── link.txt
    │   │   │   │   │   └── progress.make
    │   │   │   │   ├── stddeque_overload.dir
    │   │   │   │   │   ├── DependInfo.cmake
    │   │   │   │   │   ├── build.make
    │   │   │   │   │   ├── cmake_clean.cmake
    │   │   │   │   │   └── progress.make
    │   │   │   │   ├── stddeque_overload_1.dir
    │   │   │   │   │   ├── DependInfo.cmake
    │   │   │   │   │   ├── Labels.json
    │   │   │   │   │   ├── Labels.txt
    │   │   │   │   │   ├── build.make
    │   │   │   │   │   ├── cmake_clean.cmake
    │   │   │   │   │   ├── depend.make
    │   │   │   │   │   ├── flags.make
    │   │   │   │   │   ├── link.txt
    │   │   │   │   │   └── progress.make
    │   │   │   │   ├── stddeque_overload_2.dir
    │   │   │   │   │   ├── DependInfo.cmake
    │   │   │   │   │   ├── Labels.json
    │   │   │   │   │   ├── Labels.txt
    │   │   │   │   │   ├── build.make
    │   │   │   │   │   ├── cmake_clean.cmake
    │   │   │   │   │   ├── depend.make
    │   │   │   │   │   ├── flags.make
    │   │   │   │   │   ├── link.txt
    │   │   │   │   │   └── progress.make
    │   │   │   │   ├── stddeque_overload_3.dir
    │   │   │   │   │   ├── DependInfo.cmake
    │   │   │   │   │   ├── Labels.json
    │   │   │   │   │   ├── Labels.txt
    │   │   │   │   │   ├── build.make
    │   │   │   │   │   ├── cmake_clean.cmake
    │   │   │   │   │   ├── depend.make
    │   │   │   │   │   ├── flags.make
    │   │   │   │   │   ├── link.txt
    │   │   │   │   │   └── progress.make
    │   │   │   │   ├── stddeque_overload_4.dir
    │   │   │   │   │   ├── DependInfo.cmake
    │   │   │   │   │   ├── Labels.json
    │   │   │   │   │   ├── Labels.txt
    │   │   │   │   │   ├── build.make
    │   │   │   │   │   ├── cmake_clean.cmake
    │   │   │   │   │   ├── depend.make
    │   │   │   │   │   ├── flags.make
    │   │   │   │   │   ├── link.txt
    │   │   │   │   │   └── progress.make
    │   │   │   │   ├── stddeque_overload_5.dir
    │   │   │   │   │   ├── DependInfo.cmake
    │   │   │   │   │   ├── Labels.json
    │   │   │   │   │   ├── Labels.txt
    │   │   │   │   │   ├── build.make
    │   │   │   │   │   ├── cmake_clean.cmake
    │   │   │   │   │   ├── depend.make
    │   │   │   │   │   ├── flags.make
    │   │   │   │   │   ├── link.txt
    │   │   │   │   │   └── progress.make
    │   │   │   │   ├── stdlist.dir
    │   │   │   │   │   ├── DependInfo.cmake
    │   │   │   │   │   ├── build.make
    │   │   │   │   │   ├── cmake_clean.cmake
    │   │   │   │   │   └── progress.make
    │   │   │   │   ├── stdlist_1.dir
    │   │   │   │   │   ├── DependInfo.cmake
    │   │   │   │   │   ├── Labels.json
    │   │   │   │   │   ├── Labels.txt
    │   │   │   │   │   ├── build.make
    │   │   │   │   │   ├── cmake_clean.cmake
    │   │   │   │   │   ├── depend.make
    │   │   │   │   │   ├── flags.make
    │   │   │   │   │   ├── link.txt
    │   │   │   │   │   └── progress.make
    │   │   │   │   ├── stdlist_2.dir
    │   │   │   │   │   ├── DependInfo.cmake
    │   │   │   │   │   ├── Labels.json
    │   │   │   │   │   ├── Labels.txt
    │   │   │   │   │   ├── build.make
    │   │   │   │   │   ├── cmake_clean.cmake
    │   │   │   │   │   ├── depend.make
    │   │   │   │   │   ├── flags.make
    │   │   │   │   │   ├── link.txt
    │   │   │   │   │   └── progress.make
    │   │   │   │   ├── stdlist_3.dir
    │   │   │   │   │   ├── DependInfo.cmake
    │   │   │   │   │   ├── Labels.json
    │   │   │   │   │   ├── Labels.txt
    │   │   │   │   │   ├── build.make
    │   │   │   │   │   ├── cmake_clean.cmake
    │   │   │   │   │   ├── depend.make
    │   │   │   │   │   ├── flags.make
    │   │   │   │   │   ├── link.txt
    │   │   │   │   │   └── progress.make
    │   │   │   │   ├── stdlist_4.dir
    │   │   │   │   │   ├── DependInfo.cmake
    │   │   │   │   │   ├── Labels.json
    │   │   │   │   │   ├── Labels.txt
    │   │   │   │   │   ├── build.make
    │   │   │   │   │   ├── cmake_clean.cmake
    │   │   │   │   │   ├── depend.make
    │   │   │   │   │   ├── flags.make
    │   │   │   │   │   ├── link.txt
    │   │   │   │   │   └── progress.make
    │   │   │   │   ├── stdlist_5.dir
    │   │   │   │   │   ├── DependInfo.cmake
    │   │   │   │   │   ├── Labels.json
    │   │   │   │   │   ├── Labels.txt
    │   │   │   │   │   ├── build.make
    │   │   │   │   │   ├── cmake_clean.cmake
    │   │   │   │   │   ├── depend.make
    │   │   │   │   │   ├── flags.make
    │   │   │   │   │   ├── link.txt
    │   │   │   │   │   └── progress.make
    │   │   │   │   ├── stdlist_overload.dir
    │   │   │   │   │   ├── DependInfo.cmake
    │   │   │   │   │   ├── build.make
    │   │   │   │   │   ├── cmake_clean.cmake
    │   │   │   │   │   └── progress.make
    │   │   │   │   ├── stdlist_overload_1.dir
    │   │   │   │   │   ├── DependInfo.cmake
    │   │   │   │   │   ├── Labels.json
    │   │   │   │   │   ├── Labels.txt
    │   │   │   │   │   ├── build.make
    │   │   │   │   │   ├── cmake_clean.cmake
    │   │   │   │   │   ├── depend.make
    │   │   │   │   │   ├── flags.make
    │   │   │   │   │   ├── link.txt
    │   │   │   │   │   └── progress.make
    │   │   │   │   ├── stdlist_overload_2.dir
    │   │   │   │   │   ├── DependInfo.cmake
    │   │   │   │   │   ├── Labels.json
    │   │   │   │   │   ├── Labels.txt
    │   │   │   │   │   ├── build.make
    │   │   │   │   │   ├── cmake_clean.cmake
    │   │   │   │   │   ├── depend.make
    │   │   │   │   │   ├── flags.make
    │   │   │   │   │   ├── link.txt
    │   │   │   │   │   └── progress.make
    │   │   │   │   ├── stdlist_overload_3.dir
    │   │   │   │   │   ├── DependInfo.cmake
    │   │   │   │   │   ├── Labels.json
    │   │   │   │   │   ├── Labels.txt
    │   │   │   │   │   ├── build.make
    │   │   │   │   │   ├── cmake_clean.cmake
    │   │   │   │   │   ├── depend.make
    │   │   │   │   │   ├── flags.make
    │   │   │   │   │   ├── link.txt
    │   │   │   │   │   └── progress.make
    │   │   │   │   ├── stdlist_overload_4.dir
    │   │   │   │   │   ├── DependInfo.cmake
    │   │   │   │   │   ├── Labels.json
    │   │   │   │   │   ├── Labels.txt
    │   │   │   │   │   ├── build.make
    │   │   │   │   │   ├── cmake_clean.cmake
    │   │   │   │   │   ├── depend.make
    │   │   │   │   │   ├── flags.make
    │   │   │   │   │   ├── link.txt
    │   │   │   │   │   └── progress.make
    │   │   │   │   ├── stdlist_overload_5.dir
    │   │   │   │   │   ├── DependInfo.cmake
    │   │   │   │   │   ├── Labels.json
    │   │   │   │   │   ├── Labels.txt
    │   │   │   │   │   ├── build.make
    │   │   │   │   │   ├── cmake_clean.cmake
    │   │   │   │   │   ├── depend.make
    │   │   │   │   │   ├── flags.make
    │   │   │   │   │   ├── link.txt
    │   │   │   │   │   └── progress.make
    │   │   │   │   ├── stdvector.dir
    │   │   │   │   │   ├── DependInfo.cmake
    │   │   │   │   │   ├── build.make
    │   │   │   │   │   ├── cmake_clean.cmake
    │   │   │   │   │   └── progress.make
    │   │   │   │   ├── stdvector_1.dir
    │   │   │   │   │   ├── DependInfo.cmake
    │   │   │   │   │   ├── Labels.json
    │   │   │   │   │   ├── Labels.txt
    │   │   │   │   │   ├── build.make
    │   │   │   │   │   ├── cmake_clean.cmake
    │   │   │   │   │   ├── depend.make
    │   │   │   │   │   ├── flags.make
    │   │   │   │   │   ├── link.txt
    │   │   │   │   │   └── progress.make
    │   │   │   │   ├── stdvector_2.dir
    │   │   │   │   │   ├── DependInfo.cmake
    │   │   │   │   │   ├── Labels.json
    │   │   │   │   │   ├── Labels.txt
    │   │   │   │   │   ├── build.make
    │   │   │   │   │   ├── cmake_clean.cmake
    │   │   │   │   │   ├── depend.make
    │   │   │   │   │   ├── flags.make
    │   │   │   │   │   ├── link.txt
    │   │   │   │   │   └── progress.make
    │   │   │   │   ├── stdvector_3.dir
    │   │   │   │   │   ├── DependInfo.cmake
    │   │   │   │   │   ├── Labels.json
    │   │   │   │   │   ├── Labels.txt
    │   │   │   │   │   ├── build.make
    │   │   │   │   │   ├── cmake_clean.cmake
    │   │   │   │   │   ├── depend.make
    │   │   │   │   │   ├── flags.make
    │   │   │   │   │   ├── link.txt
    │   │   │   │   │   └── progress.make
    │   │   │   │   ├── stdvector_4.dir
    │   │   │   │   │   ├── DependInfo.cmake
    │   │   │   │   │   ├── Labels.json
    │   │   │   │   │   ├── Labels.txt
    │   │   │   │   │   ├── build.make
    │   │   │   │   │   ├── cmake_clean.cmake
    │   │   │   │   │   ├── depend.make
    │   │   │   │   │   ├── flags.make
    │   │   │   │   │   ├── link.txt
    │   │   │   │   │   └── progress.make
    │   │   │   │   ├── stdvector_5.dir
    │   │   │   │   │   ├── DependInfo.cmake
    │   │   │   │   │   ├── Labels.json
    │   │   │   │   │   ├── Labels.txt
    │   │   │   │   │   ├── build.make
    │   │   │   │   │   ├── cmake_clean.cmake
    │   │   │   │   │   ├── depend.make
    │   │   │   │   │   ├── flags.make
    │   │   │   │   │   ├── link.txt
    │   │   │   │   │   └── progress.make
    │   │   │   │   ├── stdvector_overload.dir
    │   │   │   │   │   ├── DependInfo.cmake
    │   │   │   │   │   ├── build.make
    │   │   │   │   │   ├── cmake_clean.cmake
    │   │   │   │   │   └── progress.make
    │   │   │   │   ├── stdvector_overload_1.dir
    │   │   │   │   │   ├── DependInfo.cmake
    │   │   │   │   │   ├── Labels.json
    │   │   │   │   │   ├── Labels.txt
    │   │   │   │   │   ├── build.make
    │   │   │   │   │   ├── cmake_clean.cmake
    │   │   │   │   │   ├── depend.make
    │   │   │   │   │   ├── flags.make
    │   │   │   │   │   ├── link.txt
    │   │   │   │   │   └── progress.make
    │   │   │   │   ├── stdvector_overload_2.dir
    │   │   │   │   │   ├── DependInfo.cmake
    │   │   │   │   │   ├── Labels.json
    │   │   │   │   │   ├── Labels.txt
    │   │   │   │   │   ├── build.make
    │   │   │   │   │   ├── cmake_clean.cmake
    │   │   │   │   │   ├── depend.make
    │   │   │   │   │   ├── flags.make
    │   │   │   │   │   ├── link.txt
    │   │   │   │   │   └── progress.make
    │   │   │   │   ├── stdvector_overload_3.dir
    │   │   │   │   │   ├── DependInfo.cmake
    │   │   │   │   │   ├── Labels.json
    │   │   │   │   │   ├── Labels.txt
    │   │   │   │   │   ├── build.make
    │   │   │   │   │   ├── cmake_clean.cmake
    │   │   │   │   │   ├── depend.make
    │   │   │   │   │   ├── flags.make
    │   │   │   │   │   ├── link.txt
    │   │   │   │   │   └── progress.make
    │   │   │   │   ├── stdvector_overload_4.dir
    │   │   │   │   │   ├── DependInfo.cmake
    │   │   │   │   │   ├── Labels.json
    │   │   │   │   │   ├── Labels.txt
    │   │   │   │   │   ├── build.make
    │   │   │   │   │   ├── cmake_clean.cmake
    │   │   │   │   │   ├── depend.make
    │   │   │   │   │   ├── flags.make
    │   │   │   │   │   ├── link.txt
    │   │   │   │   │   └── progress.make
    │   │   │   │   ├── stdvector_overload_5.dir
    │   │   │   │   │   ├── DependInfo.cmake
    │   │   │   │   │   ├── Labels.json
    │   │   │   │   │   ├── Labels.txt
    │   │   │   │   │   ├── build.make
    │   │   │   │   │   ├── cmake_clean.cmake
    │   │   │   │   │   ├── depend.make
    │   │   │   │   │   ├── flags.make
    │   │   │   │   │   ├── link.txt
    │   │   │   │   │   └── progress.make
    │   │   │   │   ├── stl_iterators.dir
    │   │   │   │   │   ├── DependInfo.cmake
    │   │   │   │   │   ├── build.make
    │   │   │   │   │   ├── cmake_clean.cmake
    │   │   │   │   │   └── progress.make
    │   │   │   │   ├── stl_iterators_1.dir
    │   │   │   │   │   ├── DependInfo.cmake
    │   │   │   │   │   ├── Labels.json
    │   │   │   │   │   ├── Labels.txt
    │   │   │   │   │   ├── build.make
    │   │   │   │   │   ├── cmake_clean.cmake
    │   │   │   │   │   ├── depend.make
    │   │   │   │   │   ├── flags.make
    │   │   │   │   │   ├── link.txt
    │   │   │   │   │   └── progress.make
    │   │   │   │   ├── superlu_support.dir
    │   │   │   │   │   ├── DependInfo.cmake
    │   │   │   │   │   ├── build.make
    │   │   │   │   │   ├── cmake_clean.cmake
    │   │   │   │   │   └── progress.make
    │   │   │   │   ├── superlu_support_1.dir
    │   │   │   │   │   ├── DependInfo.cmake
    │   │   │   │   │   ├── Labels.json
    │   │   │   │   │   ├── Labels.txt
    │   │   │   │   │   ├── build.make
    │   │   │   │   │   ├── cmake_clean.cmake
    │   │   │   │   │   ├── depend.make
    │   │   │   │   │   ├── flags.make
    │   │   │   │   │   ├── link.txt
    │   │   │   │   │   └── progress.make
    │   │   │   │   ├── superlu_support_2.dir
    │   │   │   │   │   ├── DependInfo.cmake
    │   │   │   │   │   ├── Labels.json
    │   │   │   │   │   ├── Labels.txt
    │   │   │   │   │   ├── build.make
    │   │   │   │   │   ├── cmake_clean.cmake
    │   │   │   │   │   ├── depend.make
    │   │   │   │   │   ├── flags.make
    │   │   │   │   │   ├── link.txt
    │   │   │   │   │   └── progress.make
    │   │   │   │   ├── swap.dir
    │   │   │   │   │   ├── DependInfo.cmake
    │   │   │   │   │   ├── build.make
    │   │   │   │   │   ├── cmake_clean.cmake
    │   │   │   │   │   └── progress.make
    │   │   │   │   ├── swap_1.dir
    │   │   │   │   │   ├── DependInfo.cmake
    │   │   │   │   │   ├── Labels.json
    │   │   │   │   │   ├── Labels.txt
    │   │   │   │   │   ├── build.make
    │   │   │   │   │   ├── cmake_clean.cmake
    │   │   │   │   │   ├── depend.make
    │   │   │   │   │   ├── flags.make
    │   │   │   │   │   ├── link.txt
    │   │   │   │   │   └── progress.make
    │   │   │   │   ├── swap_2.dir
    │   │   │   │   │   ├── DependInfo.cmake
    │   │   │   │   │   ├── Labels.json
    │   │   │   │   │   ├── Labels.txt
    │   │   │   │   │   ├── build.make
    │   │   │   │   │   ├── cmake_clean.cmake
    │   │   │   │   │   ├── depend.make
    │   │   │   │   │   ├── flags.make
    │   │   │   │   │   ├── link.txt
    │   │   │   │   │   └── progress.make
    │   │   │   │   ├── swap_3.dir
    │   │   │   │   │   ├── DependInfo.cmake
    │   │   │   │   │   ├── Labels.json
    │   │   │   │   │   ├── Labels.txt
    │   │   │   │   │   ├── build.make
    │   │   │   │   │   ├── cmake_clean.cmake
    │   │   │   │   │   ├── depend.make
    │   │   │   │   │   ├── flags.make
    │   │   │   │   │   ├── link.txt
    │   │   │   │   │   └── progress.make
    │   │   │   │   ├── swap_4.dir
    │   │   │   │   │   ├── DependInfo.cmake
    │   │   │   │   │   ├── Labels.json
    │   │   │   │   │   ├── Labels.txt
    │   │   │   │   │   ├── build.make
    │   │   │   │   │   ├── cmake_clean.cmake
    │   │   │   │   │   ├── depend.make
    │   │   │   │   │   ├── flags.make
    │   │   │   │   │   ├── link.txt
    │   │   │   │   │   └── progress.make
    │   │   │   │   ├── symbolic_index.dir
    │   │   │   │   │   ├── DependInfo.cmake
    │   │   │   │   │   ├── build.make
    │   │   │   │   │   ├── cmake_clean.cmake
    │   │   │   │   │   └── progress.make
    │   │   │   │   ├── symbolic_index_1.dir
    │   │   │   │   │   ├── DependInfo.cmake
    │   │   │   │   │   ├── Labels.json
    │   │   │   │   │   ├── Labels.txt
    │   │   │   │   │   ├── build.make
    │   │   │   │   │   ├── cmake_clean.cmake
    │   │   │   │   │   ├── depend.make
    │   │   │   │   │   ├── flags.make
    │   │   │   │   │   ├── link.txt
    │   │   │   │   │   └── progress.make
    │   │   │   │   ├── symbolic_index_2.dir
    │   │   │   │   │   ├── DependInfo.cmake
    │   │   │   │   │   ├── Labels.json
    │   │   │   │   │   ├── Labels.txt
    │   │   │   │   │   ├── build.make
    │   │   │   │   │   ├── cmake_clean.cmake
    │   │   │   │   │   ├── depend.make
    │   │   │   │   │   ├── flags.make
    │   │   │   │   │   ├── link.txt
    │   │   │   │   │   └── progress.make
    │   │   │   │   ├── triangular.dir
    │   │   │   │   │   ├── DependInfo.cmake
    │   │   │   │   │   ├── build.make
    │   │   │   │   │   ├── cmake_clean.cmake
    │   │   │   │   │   └── progress.make
    │   │   │   │   ├── triangular_1.dir
    │   │   │   │   │   ├── DependInfo.cmake
    │   │   │   │   │   ├── Labels.json
    │   │   │   │   │   ├── Labels.txt
    │   │   │   │   │   ├── build.make
    │   │   │   │   │   ├── cmake_clean.cmake
    │   │   │   │   │   ├── depend.make
    │   │   │   │   │   ├── flags.make
    │   │   │   │   │   ├── link.txt
    │   │   │   │   │   └── progress.make
    │   │   │   │   ├── triangular_100.dir
    │   │   │   │   │   ├── DependInfo.cmake
    │   │   │   │   │   ├── Labels.json
    │   │   │   │   │   ├── Labels.txt
    │   │   │   │   │   ├── build.make
    │   │   │   │   │   ├── cmake_clean.cmake
    │   │   │   │   │   ├── depend.make
    │   │   │   │   │   ├── flags.make
    │   │   │   │   │   ├── link.txt
    │   │   │   │   │   └── progress.make
    │   │   │   │   ├── triangular_2.dir
    │   │   │   │   │   ├── DependInfo.cmake
    │   │   │   │   │   ├── Labels.json
    │   │   │   │   │   ├── Labels.txt
    │   │   │   │   │   ├── build.make
    │   │   │   │   │   ├── cmake_clean.cmake
    │   │   │   │   │   ├── depend.make
    │   │   │   │   │   ├── flags.make
    │   │   │   │   │   ├── link.txt
    │   │   │   │   │   └── progress.make
    │   │   │   │   ├── triangular_3.dir
    │   │   │   │   │   ├── DependInfo.cmake
    │   │   │   │   │   ├── Labels.json
    │   │   │   │   │   ├── Labels.txt
    │   │   │   │   │   ├── build.make
    │   │   │   │   │   ├── cmake_clean.cmake
    │   │   │   │   │   ├── depend.make
    │   │   │   │   │   ├── flags.make
    │   │   │   │   │   ├── link.txt
    │   │   │   │   │   └── progress.make
    │   │   │   │   ├── triangular_4.dir
    │   │   │   │   │   ├── DependInfo.cmake
    │   │   │   │   │   ├── Labels.json
    │   │   │   │   │   ├── Labels.txt
    │   │   │   │   │   ├── build.make
    │   │   │   │   │   ├── cmake_clean.cmake
    │   │   │   │   │   ├── depend.make
    │   │   │   │   │   ├── flags.make
    │   │   │   │   │   ├── link.txt
    │   │   │   │   │   └── progress.make
    │   │   │   │   ├── triangular_5.dir
    │   │   │   │   │   ├── DependInfo.cmake
    │   │   │   │   │   ├── Labels.json
    │   │   │   │   │   ├── Labels.txt
    │   │   │   │   │   ├── build.make
    │   │   │   │   │   ├── cmake_clean.cmake
    │   │   │   │   │   ├── depend.make
    │   │   │   │   │   ├── flags.make
    │   │   │   │   │   ├── link.txt
    │   │   │   │   │   └── progress.make
    │   │   │   │   ├── triangular_6.dir
    │   │   │   │   │   ├── DependInfo.cmake
    │   │   │   │   │   ├── Labels.json
    │   │   │   │   │   ├── Labels.txt
    │   │   │   │   │   ├── build.make
    │   │   │   │   │   ├── cmake_clean.cmake
    │   │   │   │   │   ├── depend.make
    │   │   │   │   │   ├── flags.make
    │   │   │   │   │   ├── link.txt
    │   │   │   │   │   └── progress.make
    │   │   │   │   ├── triangular_7.dir
    │   │   │   │   │   ├── DependInfo.cmake
    │   │   │   │   │   ├── Labels.json
    │   │   │   │   │   ├── Labels.txt
    │   │   │   │   │   ├── build.make
    │   │   │   │   │   ├── cmake_clean.cmake
    │   │   │   │   │   ├── depend.make
    │   │   │   │   │   ├── flags.make
    │   │   │   │   │   ├── link.txt
    │   │   │   │   │   └── progress.make
    │   │   │   │   ├── triangular_8.dir
    │   │   │   │   │   ├── DependInfo.cmake
    │   │   │   │   │   ├── Labels.json
    │   │   │   │   │   ├── Labels.txt
    │   │   │   │   │   ├── build.make
    │   │   │   │   │   ├── cmake_clean.cmake
    │   │   │   │   │   ├── depend.make
    │   │   │   │   │   ├── flags.make
    │   │   │   │   │   ├── link.txt
    │   │   │   │   │   └── progress.make
    │   │   │   │   ├── triangular_9.dir
    │   │   │   │   │   ├── DependInfo.cmake
    │   │   │   │   │   ├── Labels.json
    │   │   │   │   │   ├── Labels.txt
    │   │   │   │   │   ├── build.make
    │   │   │   │   │   ├── cmake_clean.cmake
    │   │   │   │   │   ├── depend.make
    │   │   │   │   │   ├── flags.make
    │   │   │   │   │   ├── link.txt
    │   │   │   │   │   └── progress.make
    │   │   │   │   ├── type_alias.dir
    │   │   │   │   │   ├── DependInfo.cmake
    │   │   │   │   │   ├── Labels.json
    │   │   │   │   │   ├── Labels.txt
    │   │   │   │   │   ├── build.make
    │   │   │   │   │   ├── cmake_clean.cmake
    │   │   │   │   │   ├── depend.make
    │   │   │   │   │   ├── flags.make
    │   │   │   │   │   ├── link.txt
    │   │   │   │   │   └── progress.make
    │   │   │   │   ├── umeyama.dir
    │   │   │   │   │   ├── DependInfo.cmake
    │   │   │   │   │   ├── build.make
    │   │   │   │   │   ├── cmake_clean.cmake
    │   │   │   │   │   └── progress.make
    │   │   │   │   ├── umeyama_1.dir
    │   │   │   │   │   ├── DependInfo.cmake
    │   │   │   │   │   ├── Labels.json
    │   │   │   │   │   ├── Labels.txt
    │   │   │   │   │   ├── build.make
    │   │   │   │   │   ├── cmake_clean.cmake
    │   │   │   │   │   ├── depend.make
    │   │   │   │   │   ├── flags.make
    │   │   │   │   │   ├── link.txt
    │   │   │   │   │   └── progress.make
    │   │   │   │   ├── umeyama_2.dir
    │   │   │   │   │   ├── DependInfo.cmake
    │   │   │   │   │   ├── Labels.json
    │   │   │   │   │   ├── Labels.txt
    │   │   │   │   │   ├── build.make
    │   │   │   │   │   ├── cmake_clean.cmake
    │   │   │   │   │   ├── depend.make
    │   │   │   │   │   ├── flags.make
    │   │   │   │   │   ├── link.txt
    │   │   │   │   │   └── progress.make
    │   │   │   │   ├── umeyama_3.dir
    │   │   │   │   │   ├── DependInfo.cmake
    │   │   │   │   │   ├── Labels.json
    │   │   │   │   │   ├── Labels.txt
    │   │   │   │   │   ├── build.make
    │   │   │   │   │   ├── cmake_clean.cmake
    │   │   │   │   │   ├── depend.make
    │   │   │   │   │   ├── flags.make
    │   │   │   │   │   ├── link.txt
    │   │   │   │   │   └── progress.make
    │   │   │   │   ├── umeyama_4.dir
    │   │   │   │   │   ├── DependInfo.cmake
    │   │   │   │   │   ├── Labels.json
    │   │   │   │   │   ├── Labels.txt
    │   │   │   │   │   ├── build.make
    │   │   │   │   │   ├── cmake_clean.cmake
    │   │   │   │   │   ├── depend.make
    │   │   │   │   │   ├── flags.make
    │   │   │   │   │   ├── link.txt
    │   │   │   │   │   └── progress.make
    │   │   │   │   ├── umeyama_5.dir
    │   │   │   │   │   ├── DependInfo.cmake
    │   │   │   │   │   ├── Labels.json
    │   │   │   │   │   ├── Labels.txt
    │   │   │   │   │   ├── build.make
    │   │   │   │   │   ├── cmake_clean.cmake
    │   │   │   │   │   ├── depend.make
    │   │   │   │   │   ├── flags.make
    │   │   │   │   │   ├── link.txt
    │   │   │   │   │   └── progress.make
    │   │   │   │   ├── umeyama_6.dir
    │   │   │   │   │   ├── DependInfo.cmake
    │   │   │   │   │   ├── Labels.json
    │   │   │   │   │   ├── Labels.txt
    │   │   │   │   │   ├── build.make
    │   │   │   │   │   ├── cmake_clean.cmake
    │   │   │   │   │   ├── depend.make
    │   │   │   │   │   ├── flags.make
    │   │   │   │   │   ├── link.txt
    │   │   │   │   │   └── progress.make
    │   │   │   │   ├── umeyama_7.dir
    │   │   │   │   │   ├── DependInfo.cmake
    │   │   │   │   │   ├── Labels.json
    │   │   │   │   │   ├── Labels.txt
    │   │   │   │   │   ├── build.make
    │   │   │   │   │   ├── cmake_clean.cmake
    │   │   │   │   │   ├── depend.make
    │   │   │   │   │   ├── flags.make
    │   │   │   │   │   ├── link.txt
    │   │   │   │   │   └── progress.make
    │   │   │   │   ├── umeyama_8.dir
    │   │   │   │   │   ├── DependInfo.cmake
    │   │   │   │   │   ├── Labels.json
    │   │   │   │   │   ├── Labels.txt
    │   │   │   │   │   ├── build.make
    │   │   │   │   │   ├── cmake_clean.cmake
    │   │   │   │   │   ├── depend.make
    │   │   │   │   │   ├── flags.make
    │   │   │   │   │   ├── link.txt
    │   │   │   │   │   └── progress.make
    │   │   │   │   ├── unalignedcount.dir
    │   │   │   │   │   ├── DependInfo.cmake
    │   │   │   │   │   ├── Labels.json
    │   │   │   │   │   ├── Labels.txt
    │   │   │   │   │   ├── build.make
    │   │   │   │   │   ├── cmake_clean.cmake
    │   │   │   │   │   ├── depend.make
    │   │   │   │   │   ├── flags.make
    │   │   │   │   │   ├── link.txt
    │   │   │   │   │   └── progress.make
    │   │   │   │   ├── upperbidiagonalization.dir
    │   │   │   │   │   ├── DependInfo.cmake
    │   │   │   │   │   ├── build.make
    │   │   │   │   │   ├── cmake_clean.cmake
    │   │   │   │   │   └── progress.make
    │   │   │   │   ├── upperbidiagonalization_1.dir
    │   │   │   │   │   ├── DependInfo.cmake
    │   │   │   │   │   ├── Labels.json
    │   │   │   │   │   ├── Labels.txt
    │   │   │   │   │   ├── build.make
    │   │   │   │   │   ├── cmake_clean.cmake
    │   │   │   │   │   ├── depend.make
    │   │   │   │   │   ├── flags.make
    │   │   │   │   │   ├── link.txt
    │   │   │   │   │   └── progress.make
    │   │   │   │   ├── upperbidiagonalization_2.dir
    │   │   │   │   │   ├── DependInfo.cmake
    │   │   │   │   │   ├── Labels.json
    │   │   │   │   │   ├── Labels.txt
    │   │   │   │   │   ├── build.make
    │   │   │   │   │   ├── cmake_clean.cmake
    │   │   │   │   │   ├── depend.make
    │   │   │   │   │   ├── flags.make
    │   │   │   │   │   ├── link.txt
    │   │   │   │   │   └── progress.make
    │   │   │   │   ├── upperbidiagonalization_3.dir
    │   │   │   │   │   ├── DependInfo.cmake
    │   │   │   │   │   ├── Labels.json
    │   │   │   │   │   ├── Labels.txt
    │   │   │   │   │   ├── build.make
    │   │   │   │   │   ├── cmake_clean.cmake
    │   │   │   │   │   ├── depend.make
    │   │   │   │   │   ├── flags.make
    │   │   │   │   │   ├── link.txt
    │   │   │   │   │   └── progress.make
    │   │   │   │   ├── upperbidiagonalization_4.dir
    │   │   │   │   │   ├── DependInfo.cmake
    │   │   │   │   │   ├── Labels.json
    │   │   │   │   │   ├── Labels.txt
    │   │   │   │   │   ├── build.make
    │   │   │   │   │   ├── cmake_clean.cmake
    │   │   │   │   │   ├── depend.make
    │   │   │   │   │   ├── flags.make
    │   │   │   │   │   ├── link.txt
    │   │   │   │   │   └── progress.make
    │   │   │   │   ├── upperbidiagonalization_5.dir
    │   │   │   │   │   ├── DependInfo.cmake
    │   │   │   │   │   ├── Labels.json
    │   │   │   │   │   ├── Labels.txt
    │   │   │   │   │   ├── build.make
    │   │   │   │   │   ├── cmake_clean.cmake
    │   │   │   │   │   ├── depend.make
    │   │   │   │   │   ├── flags.make
    │   │   │   │   │   ├── link.txt
    │   │   │   │   │   └── progress.make
    │   │   │   │   ├── upperbidiagonalization_6.dir
    │   │   │   │   │   ├── DependInfo.cmake
    │   │   │   │   │   ├── Labels.json
    │   │   │   │   │   ├── Labels.txt
    │   │   │   │   │   ├── build.make
    │   │   │   │   │   ├── cmake_clean.cmake
    │   │   │   │   │   ├── depend.make
    │   │   │   │   │   ├── flags.make
    │   │   │   │   │   ├── link.txt
    │   │   │   │   │   └── progress.make
    │   │   │   │   ├── upperbidiagonalization_7.dir
    │   │   │   │   │   ├── DependInfo.cmake
    │   │   │   │   │   ├── Labels.json
    │   │   │   │   │   ├── Labels.txt
    │   │   │   │   │   ├── build.make
    │   │   │   │   │   ├── cmake_clean.cmake
    │   │   │   │   │   ├── depend.make
    │   │   │   │   │   ├── flags.make
    │   │   │   │   │   ├── link.txt
    │   │   │   │   │   └── progress.make
    │   │   │   │   ├── vectorization_logic.dir
    │   │   │   │   │   ├── DependInfo.cmake
    │   │   │   │   │   ├── build.make
    │   │   │   │   │   ├── cmake_clean.cmake
    │   │   │   │   │   └── progress.make
    │   │   │   │   ├── vectorization_logic_1.dir
    │   │   │   │   │   ├── DependInfo.cmake
    │   │   │   │   │   ├── Labels.json
    │   │   │   │   │   ├── Labels.txt
    │   │   │   │   │   ├── build.make
    │   │   │   │   │   ├── cmake_clean.cmake
    │   │   │   │   │   ├── depend.make
    │   │   │   │   │   ├── flags.make
    │   │   │   │   │   ├── link.txt
    │   │   │   │   │   └── progress.make
    │   │   │   │   ├── vectorization_logic_2.dir
    │   │   │   │   │   ├── DependInfo.cmake
    │   │   │   │   │   ├── Labels.json
    │   │   │   │   │   ├── Labels.txt
    │   │   │   │   │   ├── build.make
    │   │   │   │   │   ├── cmake_clean.cmake
    │   │   │   │   │   ├── depend.make
    │   │   │   │   │   ├── flags.make
    │   │   │   │   │   ├── link.txt
    │   │   │   │   │   └── progress.make
    │   │   │   │   ├── vectorwiseop.dir
    │   │   │   │   │   ├── DependInfo.cmake
    │   │   │   │   │   ├── build.make
    │   │   │   │   │   ├── cmake_clean.cmake
    │   │   │   │   │   └── progress.make
    │   │   │   │   ├── vectorwiseop_1.dir
    │   │   │   │   │   ├── DependInfo.cmake
    │   │   │   │   │   ├── Labels.json
    │   │   │   │   │   ├── Labels.txt
    │   │   │   │   │   ├── build.make
    │   │   │   │   │   ├── cmake_clean.cmake
    │   │   │   │   │   ├── depend.make
    │   │   │   │   │   ├── flags.make
    │   │   │   │   │   ├── link.txt
    │   │   │   │   │   └── progress.make
    │   │   │   │   ├── vectorwiseop_2.dir
    │   │   │   │   │   ├── DependInfo.cmake
    │   │   │   │   │   ├── Labels.json
    │   │   │   │   │   ├── Labels.txt
    │   │   │   │   │   ├── build.make
    │   │   │   │   │   ├── cmake_clean.cmake
    │   │   │   │   │   ├── depend.make
    │   │   │   │   │   ├── flags.make
    │   │   │   │   │   ├── link.txt
    │   │   │   │   │   └── progress.make
    │   │   │   │   ├── vectorwiseop_3.dir
    │   │   │   │   │   ├── DependInfo.cmake
    │   │   │   │   │   ├── Labels.json
    │   │   │   │   │   ├── Labels.txt
    │   │   │   │   │   ├── build.make
    │   │   │   │   │   ├── cmake_clean.cmake
    │   │   │   │   │   ├── depend.make
    │   │   │   │   │   ├── flags.make
    │   │   │   │   │   ├── link.txt
    │   │   │   │   │   └── progress.make
    │   │   │   │   ├── vectorwiseop_4.dir
    │   │   │   │   │   ├── DependInfo.cmake
    │   │   │   │   │   ├── Labels.json
    │   │   │   │   │   ├── Labels.txt
    │   │   │   │   │   ├── build.make
    │   │   │   │   │   ├── cmake_clean.cmake
    │   │   │   │   │   ├── depend.make
    │   │   │   │   │   ├── flags.make
    │   │   │   │   │   ├── link.txt
    │   │   │   │   │   └── progress.make
    │   │   │   │   ├── vectorwiseop_5.dir
    │   │   │   │   │   ├── DependInfo.cmake
    │   │   │   │   │   ├── Labels.json
    │   │   │   │   │   ├── Labels.txt
    │   │   │   │   │   ├── build.make
    │   │   │   │   │   ├── cmake_clean.cmake
    │   │   │   │   │   ├── depend.make
    │   │   │   │   │   ├── flags.make
    │   │   │   │   │   ├── link.txt
    │   │   │   │   │   └── progress.make
    │   │   │   │   ├── vectorwiseop_6.dir
    │   │   │   │   │   ├── DependInfo.cmake
    │   │   │   │   │   ├── Labels.json
    │   │   │   │   │   ├── Labels.txt
    │   │   │   │   │   ├── build.make
    │   │   │   │   │   ├── cmake_clean.cmake
    │   │   │   │   │   ├── depend.make
    │   │   │   │   │   ├── flags.make
    │   │   │   │   │   ├── link.txt
    │   │   │   │   │   └── progress.make
    │   │   │   │   ├── vectorwiseop_7.dir
    │   │   │   │   │   ├── DependInfo.cmake
    │   │   │   │   │   ├── Labels.json
    │   │   │   │   │   ├── Labels.txt
    │   │   │   │   │   ├── build.make
    │   │   │   │   │   ├── cmake_clean.cmake
    │   │   │   │   │   ├── depend.make
    │   │   │   │   │   ├── flags.make
    │   │   │   │   │   ├── link.txt
    │   │   │   │   │   └── progress.make
    │   │   │   │   ├── visitor.dir
    │   │   │   │   │   ├── DependInfo.cmake
    │   │   │   │   │   ├── build.make
    │   │   │   │   │   ├── cmake_clean.cmake
    │   │   │   │   │   └── progress.make
    │   │   │   │   ├── visitor_1.dir
    │   │   │   │   │   ├── DependInfo.cmake
    │   │   │   │   │   ├── Labels.json
    │   │   │   │   │   ├── Labels.txt
    │   │   │   │   │   ├── build.make
    │   │   │   │   │   ├── cmake_clean.cmake
    │   │   │   │   │   ├── depend.make
    │   │   │   │   │   ├── flags.make
    │   │   │   │   │   ├── link.txt
    │   │   │   │   │   └── progress.make
    │   │   │   │   ├── visitor_10.dir
    │   │   │   │   │   ├── DependInfo.cmake
    │   │   │   │   │   ├── Labels.json
    │   │   │   │   │   ├── Labels.txt
    │   │   │   │   │   ├── build.make
    │   │   │   │   │   ├── cmake_clean.cmake
    │   │   │   │   │   ├── depend.make
    │   │   │   │   │   ├── flags.make
    │   │   │   │   │   ├── link.txt
    │   │   │   │   │   └── progress.make
    │   │   │   │   ├── visitor_2.dir
    │   │   │   │   │   ├── DependInfo.cmake
    │   │   │   │   │   ├── Labels.json
    │   │   │   │   │   ├── Labels.txt
    │   │   │   │   │   ├── build.make
    │   │   │   │   │   ├── cmake_clean.cmake
    │   │   │   │   │   ├── depend.make
    │   │   │   │   │   ├── flags.make
    │   │   │   │   │   ├── link.txt
    │   │   │   │   │   └── progress.make
    │   │   │   │   ├── visitor_3.dir
    │   │   │   │   │   ├── DependInfo.cmake
    │   │   │   │   │   ├── Labels.json
    │   │   │   │   │   ├── Labels.txt
    │   │   │   │   │   ├── build.make
    │   │   │   │   │   ├── cmake_clean.cmake
    │   │   │   │   │   ├── depend.make
    │   │   │   │   │   ├── flags.make
    │   │   │   │   │   ├── link.txt
    │   │   │   │   │   └── progress.make
    │   │   │   │   ├── visitor_4.dir
    │   │   │   │   │   ├── DependInfo.cmake
    │   │   │   │   │   ├── Labels.json
    │   │   │   │   │   ├── Labels.txt
    │   │   │   │   │   ├── build.make
    │   │   │   │   │   ├── cmake_clean.cmake
    │   │   │   │   │   ├── depend.make
    │   │   │   │   │   ├── flags.make
    │   │   │   │   │   ├── link.txt
    │   │   │   │   │   └── progress.make
    │   │   │   │   ├── visitor_5.dir
    │   │   │   │   │   ├── DependInfo.cmake
    │   │   │   │   │   ├── Labels.json
    │   │   │   │   │   ├── Labels.txt
    │   │   │   │   │   ├── build.make
    │   │   │   │   │   ├── cmake_clean.cmake
    │   │   │   │   │   ├── depend.make
    │   │   │   │   │   ├── flags.make
    │   │   │   │   │   ├── link.txt
    │   │   │   │   │   └── progress.make
    │   │   │   │   ├── visitor_6.dir
    │   │   │   │   │   ├── DependInfo.cmake
    │   │   │   │   │   ├── Labels.json
    │   │   │   │   │   ├── Labels.txt
    │   │   │   │   │   ├── build.make
    │   │   │   │   │   ├── cmake_clean.cmake
    │   │   │   │   │   ├── depend.make
    │   │   │   │   │   ├── flags.make
    │   │   │   │   │   ├── link.txt
    │   │   │   │   │   └── progress.make
    │   │   │   │   ├── visitor_7.dir
    │   │   │   │   │   ├── DependInfo.cmake
    │   │   │   │   │   ├── Labels.json
    │   │   │   │   │   ├── Labels.txt
    │   │   │   │   │   ├── build.make
    │   │   │   │   │   ├── cmake_clean.cmake
    │   │   │   │   │   ├── depend.make
    │   │   │   │   │   ├── flags.make
    │   │   │   │   │   ├── link.txt
    │   │   │   │   │   └── progress.make
    │   │   │   │   ├── visitor_8.dir
    │   │   │   │   │   ├── DependInfo.cmake
    │   │   │   │   │   ├── Labels.json
    │   │   │   │   │   ├── Labels.txt
    │   │   │   │   │   ├── build.make
    │   │   │   │   │   ├── cmake_clean.cmake
    │   │   │   │   │   ├── depend.make
    │   │   │   │   │   ├── flags.make
    │   │   │   │   │   ├── link.txt
    │   │   │   │   │   └── progress.make
    │   │   │   │   ├── visitor_9.dir
    │   │   │   │   │   ├── DependInfo.cmake
    │   │   │   │   │   ├── Labels.json
    │   │   │   │   │   ├── Labels.txt
    │   │   │   │   │   ├── build.make
    │   │   │   │   │   ├── cmake_clean.cmake
    │   │   │   │   │   ├── depend.make
    │   │   │   │   │   ├── flags.make
    │   │   │   │   │   ├── link.txt
    │   │   │   │   │   └── progress.make
    │   │   │   │   └── zerosized.dir
    │   │   │   │       ├── DependInfo.cmake
    │   │   │   │       ├── Labels.json
    │   │   │   │       ├── Labels.txt
    │   │   │   │       ├── build.make
    │   │   │   │       ├── cmake_clean.cmake
    │   │   │   │       ├── depend.make
    │   │   │   │       ├── flags.make
    │   │   │   │       ├── link.txt
    │   │   │   │       └── progress.make
    │   │   │   ├── CTestTestfile.cmake
    │   │   │   ├── Makefile
    │   │   │   └── cmake_install.cmake
    │   │   └── unsupported
    │   │       ├── CMakeFiles
    │   │       │   ├── CMakeDirectoryInformation.cmake
    │   │       │   └── progress.marks
    │   │       ├── CTestTestfile.cmake
    │   │       ├── Eigen
    │   │       │   ├── CMakeFiles
    │   │       │   │   ├── CMakeDirectoryInformation.cmake
    │   │       │   │   └── progress.marks
    │   │       │   ├── CTestTestfile.cmake
    │   │       │   ├── CXX11
    │   │       │   │   ├── CMakeFiles
    │   │       │   │   │   ├── CMakeDirectoryInformation.cmake
    │   │       │   │   │   └── progress.marks
    │   │       │   │   ├── CTestTestfile.cmake
    │   │       │   │   ├── Makefile
    │   │       │   │   └── cmake_install.cmake
    │   │       │   ├── Makefile
    │   │       │   └── cmake_install.cmake
    │   │       ├── Makefile
    │   │       ├── cmake_install.cmake
    │   │       ├── doc
    │   │       │   ├── CMakeFiles
    │   │       │   │   ├── CMakeDirectoryInformation.cmake
    │   │       │   │   └── progress.marks
    │   │       │   ├── CTestTestfile.cmake
    │   │       │   ├── Makefile
    │   │       │   ├── cmake_install.cmake
    │   │       │   ├── examples
    │   │       │   │   ├── CMakeFiles
    │   │       │   │   │   ├── CMakeDirectoryInformation.cmake
    │   │       │   │   │   ├── example_BVH_Example.dir
    │   │       │   │   │   │   ├── DependInfo.cmake
    │   │       │   │   │   │   ├── build.make
    │   │       │   │   │   │   ├── cmake_clean.cmake
    │   │       │   │   │   │   ├── depend.make
    │   │       │   │   │   │   ├── flags.make
    │   │       │   │   │   │   ├── link.txt
    │   │       │   │   │   │   └── progress.make
    │   │       │   │   │   ├── example_EulerAngles.dir
    │   │       │   │   │   │   ├── DependInfo.cmake
    │   │       │   │   │   │   ├── build.make
    │   │       │   │   │   │   ├── cmake_clean.cmake
    │   │       │   │   │   │   ├── depend.make
    │   │       │   │   │   │   ├── flags.make
    │   │       │   │   │   │   ├── link.txt
    │   │       │   │   │   │   └── progress.make
    │   │       │   │   │   ├── example_FFT.dir
    │   │       │   │   │   │   ├── DependInfo.cmake
    │   │       │   │   │   │   ├── build.make
    │   │       │   │   │   │   ├── cmake_clean.cmake
    │   │       │   │   │   │   ├── depend.make
    │   │       │   │   │   │   ├── flags.make
    │   │       │   │   │   │   ├── link.txt
    │   │       │   │   │   │   └── progress.make
    │   │       │   │   │   ├── example_MatrixExponential.dir
    │   │       │   │   │   │   ├── DependInfo.cmake
    │   │       │   │   │   │   ├── build.make
    │   │       │   │   │   │   ├── cmake_clean.cmake
    │   │       │   │   │   │   ├── depend.make
    │   │       │   │   │   │   ├── flags.make
    │   │       │   │   │   │   ├── link.txt
    │   │       │   │   │   │   └── progress.make
    │   │       │   │   │   ├── example_MatrixFunction.dir
    │   │       │   │   │   │   ├── DependInfo.cmake
    │   │       │   │   │   │   ├── build.make
    │   │       │   │   │   │   ├── cmake_clean.cmake
    │   │       │   │   │   │   ├── depend.make
    │   │       │   │   │   │   ├── flags.make
    │   │       │   │   │   │   ├── link.txt
    │   │       │   │   │   │   └── progress.make
    │   │       │   │   │   ├── example_MatrixLogarithm.dir
    │   │       │   │   │   │   ├── DependInfo.cmake
    │   │       │   │   │   │   ├── build.make
    │   │       │   │   │   │   ├── cmake_clean.cmake
    │   │       │   │   │   │   ├── depend.make
    │   │       │   │   │   │   ├── flags.make
    │   │       │   │   │   │   ├── link.txt
    │   │       │   │   │   │   └── progress.make
    │   │       │   │   │   ├── example_MatrixPower.dir
    │   │       │   │   │   │   ├── DependInfo.cmake
    │   │       │   │   │   │   ├── build.make
    │   │       │   │   │   │   ├── cmake_clean.cmake
    │   │       │   │   │   │   ├── depend.make
    │   │       │   │   │   │   ├── flags.make
    │   │       │   │   │   │   ├── link.txt
    │   │       │   │   │   │   └── progress.make
    │   │       │   │   │   ├── example_MatrixPower_optimal.dir
    │   │       │   │   │   │   ├── DependInfo.cmake
    │   │       │   │   │   │   ├── build.make
    │   │       │   │   │   │   ├── cmake_clean.cmake
    │   │       │   │   │   │   ├── depend.make
    │   │       │   │   │   │   ├── flags.make
    │   │       │   │   │   │   ├── link.txt
    │   │       │   │   │   │   └── progress.make
    │   │       │   │   │   ├── example_MatrixSine.dir
    │   │       │   │   │   │   ├── DependInfo.cmake
    │   │       │   │   │   │   ├── build.make
    │   │       │   │   │   │   ├── cmake_clean.cmake
    │   │       │   │   │   │   ├── depend.make
    │   │       │   │   │   │   ├── flags.make
    │   │       │   │   │   │   ├── link.txt
    │   │       │   │   │   │   └── progress.make
    │   │       │   │   │   ├── example_MatrixSinh.dir
    │   │       │   │   │   │   ├── DependInfo.cmake
    │   │       │   │   │   │   ├── build.make
    │   │       │   │   │   │   ├── cmake_clean.cmake
    │   │       │   │   │   │   ├── depend.make
    │   │       │   │   │   │   ├── flags.make
    │   │       │   │   │   │   ├── link.txt
    │   │       │   │   │   │   └── progress.make
    │   │       │   │   │   ├── example_MatrixSquareRoot.dir
    │   │       │   │   │   │   ├── DependInfo.cmake
    │   │       │   │   │   │   ├── build.make
    │   │       │   │   │   │   ├── cmake_clean.cmake
    │   │       │   │   │   │   ├── depend.make
    │   │       │   │   │   │   ├── flags.make
    │   │       │   │   │   │   ├── link.txt
    │   │       │   │   │   │   └── progress.make
    │   │       │   │   │   ├── example_PolynomialSolver1.dir
    │   │       │   │   │   │   ├── DependInfo.cmake
    │   │       │   │   │   │   ├── build.make
    │   │       │   │   │   │   ├── cmake_clean.cmake
    │   │       │   │   │   │   ├── depend.make
    │   │       │   │   │   │   ├── flags.make
    │   │       │   │   │   │   ├── link.txt
    │   │       │   │   │   │   └── progress.make
    │   │       │   │   │   ├── example_PolynomialUtils1.dir
    │   │       │   │   │   │   ├── DependInfo.cmake
    │   │       │   │   │   │   ├── build.make
    │   │       │   │   │   │   ├── cmake_clean.cmake
    │   │       │   │   │   │   ├── depend.make
    │   │       │   │   │   │   ├── flags.make
    │   │       │   │   │   │   ├── link.txt
    │   │       │   │   │   │   └── progress.make
    │   │       │   │   │   ├── progress.marks
    │   │       │   │   │   └── unsupported_examples.dir
    │   │       │   │   │       ├── DependInfo.cmake
    │   │       │   │   │       ├── build.make
    │   │       │   │   │       ├── cmake_clean.cmake
    │   │       │   │   │       └── progress.make
    │   │       │   │   ├── CTestTestfile.cmake
    │   │       │   │   ├── Makefile
    │   │       │   │   └── cmake_install.cmake
    │   │       │   └── snippets
    │   │       │       ├── CMakeFiles
    │   │       │       │   ├── CMakeDirectoryInformation.cmake
    │   │       │       │   ├── progress.marks
    │   │       │       │   └── unsupported_snippets.dir
    │   │       │       │       ├── DependInfo.cmake
    │   │       │       │       ├── build.make
    │   │       │       │       ├── cmake_clean.cmake
    │   │       │       │       └── progress.make
    │   │       │       ├── CTestTestfile.cmake
    │   │       │       ├── Makefile
    │   │       │       └── cmake_install.cmake
    │   │       └── test
    │   │           ├── CMakeFiles
    │   │           │   ├── BVH.dir
    │   │           │   │   ├── DependInfo.cmake
    │   │           │   │   ├── build.make
    │   │           │   │   ├── cmake_clean.cmake
    │   │           │   │   └── progress.make
    │   │           │   ├── BVH_1.dir
    │   │           │   │   ├── DependInfo.cmake
    │   │           │   │   ├── Labels.json
    │   │           │   │   ├── Labels.txt
    │   │           │   │   ├── build.make
    │   │           │   │   ├── cmake_clean.cmake
    │   │           │   │   ├── depend.make
    │   │           │   │   ├── flags.make
    │   │           │   │   ├── link.txt
    │   │           │   │   └── progress.make
    │   │           │   ├── BVH_2.dir
    │   │           │   │   ├── DependInfo.cmake
    │   │           │   │   ├── Labels.json
    │   │           │   │   ├── Labels.txt
    │   │           │   │   ├── build.make
    │   │           │   │   ├── cmake_clean.cmake
    │   │           │   │   ├── depend.make
    │   │           │   │   ├── flags.make
    │   │           │   │   ├── link.txt
    │   │           │   │   └── progress.make
    │   │           │   ├── BVH_3.dir
    │   │           │   │   ├── DependInfo.cmake
    │   │           │   │   ├── Labels.json
    │   │           │   │   ├── Labels.txt
    │   │           │   │   ├── build.make
    │   │           │   │   ├── cmake_clean.cmake
    │   │           │   │   ├── depend.make
    │   │           │   │   ├── flags.make
    │   │           │   │   ├── link.txt
    │   │           │   │   └── progress.make
    │   │           │   ├── BuildUnsupported.dir
    │   │           │   │   ├── DependInfo.cmake
    │   │           │   │   ├── build.make
    │   │           │   │   ├── cmake_clean.cmake
    │   │           │   │   └── progress.make
    │   │           │   ├── CMakeDirectoryInformation.cmake
    │   │           │   ├── EulerAngles.dir
    │   │           │   │   ├── DependInfo.cmake
    │   │           │   │   ├── build.make
    │   │           │   │   ├── cmake_clean.cmake
    │   │           │   │   └── progress.make
    │   │           │   ├── EulerAngles_1.dir
    │   │           │   │   ├── DependInfo.cmake
    │   │           │   │   ├── Labels.json
    │   │           │   │   ├── Labels.txt
    │   │           │   │   ├── build.make
    │   │           │   │   ├── cmake_clean.cmake
    │   │           │   │   ├── depend.make
    │   │           │   │   ├── flags.make
    │   │           │   │   ├── link.txt
    │   │           │   │   └── progress.make
    │   │           │   ├── EulerAngles_2.dir
    │   │           │   │   ├── DependInfo.cmake
    │   │           │   │   ├── Labels.json
    │   │           │   │   ├── Labels.txt
    │   │           │   │   ├── build.make
    │   │           │   │   ├── cmake_clean.cmake
    │   │           │   │   ├── depend.make
    │   │           │   │   ├── flags.make
    │   │           │   │   ├── link.txt
    │   │           │   │   └── progress.make
    │   │           │   ├── EulerAngles_3.dir
    │   │           │   │   ├── DependInfo.cmake
    │   │           │   │   ├── Labels.json
    │   │           │   │   ├── Labels.txt
    │   │           │   │   ├── build.make
    │   │           │   │   ├── cmake_clean.cmake
    │   │           │   │   ├── depend.make
    │   │           │   │   ├── flags.make
    │   │           │   │   ├── link.txt
    │   │           │   │   └── progress.make
    │   │           │   ├── EulerAngles_4.dir
    │   │           │   │   ├── DependInfo.cmake
    │   │           │   │   ├── Labels.json
    │   │           │   │   ├── Labels.txt
    │   │           │   │   ├── build.make
    │   │           │   │   ├── cmake_clean.cmake
    │   │           │   │   ├── depend.make
    │   │           │   │   ├── flags.make
    │   │           │   │   ├── link.txt
    │   │           │   │   └── progress.make
    │   │           │   ├── FFT.dir
    │   │           │   │   ├── DependInfo.cmake
    │   │           │   │   ├── Labels.json
    │   │           │   │   ├── Labels.txt
    │   │           │   │   ├── build.make
    │   │           │   │   ├── cmake_clean.cmake
    │   │           │   │   ├── depend.make
    │   │           │   │   ├── flags.make
    │   │           │   │   ├── link.txt
    │   │           │   │   └── progress.make
    │   │           │   ├── NonLinearOptimization.dir
    │   │           │   │   ├── DependInfo.cmake
    │   │           │   │   ├── Labels.json
    │   │           │   │   ├── Labels.txt
    │   │           │   │   ├── build.make
    │   │           │   │   ├── cmake_clean.cmake
    │   │           │   │   ├── depend.make
    │   │           │   │   ├── flags.make
    │   │           │   │   ├── link.txt
    │   │           │   │   └── progress.make
    │   │           │   ├── NumericalDiff.dir
    │   │           │   │   ├── DependInfo.cmake
    │   │           │   │   ├── Labels.json
    │   │           │   │   ├── Labels.txt
    │   │           │   │   ├── build.make
    │   │           │   │   ├── cmake_clean.cmake
    │   │           │   │   ├── depend.make
    │   │           │   │   ├── flags.make
    │   │           │   │   ├── link.txt
    │   │           │   │   └── progress.make
    │   │           │   ├── alignedvector3.dir
    │   │           │   │   ├── DependInfo.cmake
    │   │           │   │   ├── Labels.json
    │   │           │   │   ├── Labels.txt
    │   │           │   │   ├── build.make
    │   │           │   │   ├── cmake_clean.cmake
    │   │           │   │   ├── depend.make
    │   │           │   │   ├── flags.make
    │   │           │   │   ├── link.txt
    │   │           │   │   └── progress.make
    │   │           │   ├── autodiff.dir
    │   │           │   │   ├── DependInfo.cmake
    │   │           │   │   ├── build.make
    │   │           │   │   ├── cmake_clean.cmake
    │   │           │   │   └── progress.make
    │   │           │   ├── autodiff_1.dir
    │   │           │   │   ├── DependInfo.cmake
    │   │           │   │   ├── Labels.json
    │   │           │   │   ├── Labels.txt
    │   │           │   │   ├── build.make
    │   │           │   │   ├── cmake_clean.cmake
    │   │           │   │   ├── depend.make
    │   │           │   │   ├── flags.make
    │   │           │   │   ├── link.txt
    │   │           │   │   └── progress.make
    │   │           │   ├── autodiff_2.dir
    │   │           │   │   ├── DependInfo.cmake
    │   │           │   │   ├── Labels.json
    │   │           │   │   ├── Labels.txt
    │   │           │   │   ├── build.make
    │   │           │   │   ├── cmake_clean.cmake
    │   │           │   │   ├── depend.make
    │   │           │   │   ├── flags.make
    │   │           │   │   ├── link.txt
    │   │           │   │   └── progress.make
    │   │           │   ├── autodiff_3.dir
    │   │           │   │   ├── DependInfo.cmake
    │   │           │   │   ├── Labels.json
    │   │           │   │   ├── Labels.txt
    │   │           │   │   ├── build.make
    │   │           │   │   ├── cmake_clean.cmake
    │   │           │   │   ├── depend.make
    │   │           │   │   ├── flags.make
    │   │           │   │   ├── link.txt
    │   │           │   │   └── progress.make
    │   │           │   ├── autodiff_4.dir
    │   │           │   │   ├── DependInfo.cmake
    │   │           │   │   ├── Labels.json
    │   │           │   │   ├── Labels.txt
    │   │           │   │   ├── build.make
    │   │           │   │   ├── cmake_clean.cmake
    │   │           │   │   ├── depend.make
    │   │           │   │   ├── flags.make
    │   │           │   │   ├── link.txt
    │   │           │   │   └── progress.make
    │   │           │   ├── autodiff_5.dir
    │   │           │   │   ├── DependInfo.cmake
    │   │           │   │   ├── Labels.json
    │   │           │   │   ├── Labels.txt
    │   │           │   │   ├── build.make
    │   │           │   │   ├── cmake_clean.cmake
    │   │           │   │   ├── depend.make
    │   │           │   │   ├── flags.make
    │   │           │   │   ├── link.txt
    │   │           │   │   └── progress.make
    │   │           │   ├── autodiff_scalar.dir
    │   │           │   │   ├── DependInfo.cmake
    │   │           │   │   ├── build.make
    │   │           │   │   ├── cmake_clean.cmake
    │   │           │   │   └── progress.make
    │   │           │   ├── autodiff_scalar_1.dir
    │   │           │   │   ├── DependInfo.cmake
    │   │           │   │   ├── Labels.json
    │   │           │   │   ├── Labels.txt
    │   │           │   │   ├── build.make
    │   │           │   │   ├── cmake_clean.cmake
    │   │           │   │   ├── depend.make
    │   │           │   │   ├── flags.make
    │   │           │   │   ├── link.txt
    │   │           │   │   └── progress.make
    │   │           │   ├── autodiff_scalar_2.dir
    │   │           │   │   ├── DependInfo.cmake
    │   │           │   │   ├── Labels.json
    │   │           │   │   ├── Labels.txt
    │   │           │   │   ├── build.make
    │   │           │   │   ├── cmake_clean.cmake
    │   │           │   │   ├── depend.make
    │   │           │   │   ├── flags.make
    │   │           │   │   ├── link.txt
    │   │           │   │   └── progress.make
    │   │           │   ├── autodiff_scalar_3.dir
    │   │           │   │   ├── DependInfo.cmake
    │   │           │   │   ├── Labels.json
    │   │           │   │   ├── Labels.txt
    │   │           │   │   ├── build.make
    │   │           │   │   ├── cmake_clean.cmake
    │   │           │   │   ├── depend.make
    │   │           │   │   ├── flags.make
    │   │           │   │   ├── link.txt
    │   │           │   │   └── progress.make
    │   │           │   ├── autodiff_scalar_4.dir
    │   │           │   │   ├── DependInfo.cmake
    │   │           │   │   ├── Labels.json
    │   │           │   │   ├── Labels.txt
    │   │           │   │   ├── build.make
    │   │           │   │   ├── cmake_clean.cmake
    │   │           │   │   ├── depend.make
    │   │           │   │   ├── flags.make
    │   │           │   │   ├── link.txt
    │   │           │   │   └── progress.make
    │   │           │   ├── autodiff_scalar_5.dir
    │   │           │   │   ├── DependInfo.cmake
    │   │           │   │   ├── Labels.json
    │   │           │   │   ├── Labels.txt
    │   │           │   │   ├── build.make
    │   │           │   │   ├── cmake_clean.cmake
    │   │           │   │   ├── depend.make
    │   │           │   │   ├── flags.make
    │   │           │   │   ├── link.txt
    │   │           │   │   └── progress.make
    │   │           │   ├── bessel_functions.dir
    │   │           │   │   ├── DependInfo.cmake
    │   │           │   │   ├── build.make
    │   │           │   │   ├── cmake_clean.cmake
    │   │           │   │   └── progress.make
    │   │           │   ├── bessel_functions_1.dir
    │   │           │   │   ├── DependInfo.cmake
    │   │           │   │   ├── Labels.json
    │   │           │   │   ├── Labels.txt
    │   │           │   │   ├── build.make
    │   │           │   │   ├── cmake_clean.cmake
    │   │           │   │   ├── depend.make
    │   │           │   │   ├── flags.make
    │   │           │   │   ├── link.txt
    │   │           │   │   └── progress.make
    │   │           │   ├── bessel_functions_2.dir
    │   │           │   │   ├── DependInfo.cmake
    │   │           │   │   ├── Labels.json
    │   │           │   │   ├── Labels.txt
    │   │           │   │   ├── build.make
    │   │           │   │   ├── cmake_clean.cmake
    │   │           │   │   ├── depend.make
    │   │           │   │   ├── flags.make
    │   │           │   │   ├── link.txt
    │   │           │   │   └── progress.make
    │   │           │   ├── dgmres.dir
    │   │           │   │   ├── DependInfo.cmake
    │   │           │   │   ├── build.make
    │   │           │   │   ├── cmake_clean.cmake
    │   │           │   │   └── progress.make
    │   │           │   ├── dgmres_1.dir
    │   │           │   │   ├── DependInfo.cmake
    │   │           │   │   ├── Labels.json
    │   │           │   │   ├── Labels.txt
    │   │           │   │   ├── build.make
    │   │           │   │   ├── cmake_clean.cmake
    │   │           │   │   ├── depend.make
    │   │           │   │   ├── flags.make
    │   │           │   │   ├── link.txt
    │   │           │   │   └── progress.make
    │   │           │   ├── dgmres_2.dir
    │   │           │   │   ├── DependInfo.cmake
    │   │           │   │   ├── Labels.json
    │   │           │   │   ├── Labels.txt
    │   │           │   │   ├── build.make
    │   │           │   │   ├── cmake_clean.cmake
    │   │           │   │   ├── depend.make
    │   │           │   │   ├── flags.make
    │   │           │   │   ├── link.txt
    │   │           │   │   └── progress.make
    │   │           │   ├── gmres.dir
    │   │           │   │   ├── DependInfo.cmake
    │   │           │   │   ├── build.make
    │   │           │   │   ├── cmake_clean.cmake
    │   │           │   │   └── progress.make
    │   │           │   ├── gmres_1.dir
    │   │           │   │   ├── DependInfo.cmake
    │   │           │   │   ├── Labels.json
    │   │           │   │   ├── Labels.txt
    │   │           │   │   ├── build.make
    │   │           │   │   ├── cmake_clean.cmake
    │   │           │   │   ├── depend.make
    │   │           │   │   ├── flags.make
    │   │           │   │   ├── link.txt
    │   │           │   │   └── progress.make
    │   │           │   ├── gmres_2.dir
    │   │           │   │   ├── DependInfo.cmake
    │   │           │   │   ├── Labels.json
    │   │           │   │   ├── Labels.txt
    │   │           │   │   ├── build.make
    │   │           │   │   ├── cmake_clean.cmake
    │   │           │   │   ├── depend.make
    │   │           │   │   ├── flags.make
    │   │           │   │   ├── link.txt
    │   │           │   │   └── progress.make
    │   │           │   ├── idrs.dir
    │   │           │   │   ├── DependInfo.cmake
    │   │           │   │   ├── build.make
    │   │           │   │   ├── cmake_clean.cmake
    │   │           │   │   └── progress.make
    │   │           │   ├── idrs_1.dir
    │   │           │   │   ├── DependInfo.cmake
    │   │           │   │   ├── Labels.json
    │   │           │   │   ├── Labels.txt
    │   │           │   │   ├── build.make
    │   │           │   │   ├── cmake_clean.cmake
    │   │           │   │   ├── depend.make
    │   │           │   │   ├── flags.make
    │   │           │   │   ├── link.txt
    │   │           │   │   └── progress.make
    │   │           │   ├── idrs_2.dir
    │   │           │   │   ├── DependInfo.cmake
    │   │           │   │   ├── Labels.json
    │   │           │   │   ├── Labels.txt
    │   │           │   │   ├── build.make
    │   │           │   │   ├── cmake_clean.cmake
    │   │           │   │   ├── depend.make
    │   │           │   │   ├── flags.make
    │   │           │   │   ├── link.txt
    │   │           │   │   └── progress.make
    │   │           │   ├── kronecker_product.dir
    │   │           │   │   ├── DependInfo.cmake
    │   │           │   │   ├── build.make
    │   │           │   │   ├── cmake_clean.cmake
    │   │           │   │   └── progress.make
    │   │           │   ├── kronecker_product_1.dir
    │   │           │   │   ├── DependInfo.cmake
    │   │           │   │   ├── Labels.json
    │   │           │   │   ├── Labels.txt
    │   │           │   │   ├── build.make
    │   │           │   │   ├── cmake_clean.cmake
    │   │           │   │   ├── depend.make
    │   │           │   │   ├── flags.make
    │   │           │   │   ├── link.txt
    │   │           │   │   └── progress.make
    │   │           │   ├── kronecker_product_2.dir
    │   │           │   │   ├── DependInfo.cmake
    │   │           │   │   ├── Labels.json
    │   │           │   │   ├── Labels.txt
    │   │           │   │   ├── build.make
    │   │           │   │   ├── cmake_clean.cmake
    │   │           │   │   ├── depend.make
    │   │           │   │   ├── flags.make
    │   │           │   │   ├── link.txt
    │   │           │   │   └── progress.make
    │   │           │   ├── levenberg_marquardt.dir
    │   │           │   │   ├── DependInfo.cmake
    │   │           │   │   ├── Labels.json
    │   │           │   │   ├── Labels.txt
    │   │           │   │   ├── build.make
    │   │           │   │   ├── cmake_clean.cmake
    │   │           │   │   ├── depend.make
    │   │           │   │   ├── flags.make
    │   │           │   │   ├── link.txt
    │   │           │   │   └── progress.make
    │   │           │   ├── matrix_exponential.dir
    │   │           │   │   ├── DependInfo.cmake
    │   │           │   │   ├── build.make
    │   │           │   │   ├── cmake_clean.cmake
    │   │           │   │   └── progress.make
    │   │           │   ├── matrix_exponential_1.dir
    │   │           │   │   ├── DependInfo.cmake
    │   │           │   │   ├── Labels.json
    │   │           │   │   ├── Labels.txt
    │   │           │   │   ├── build.make
    │   │           │   │   ├── cmake_clean.cmake
    │   │           │   │   ├── depend.make
    │   │           │   │   ├── flags.make
    │   │           │   │   ├── link.txt
    │   │           │   │   └── progress.make
    │   │           │   ├── matrix_exponential_2.dir
    │   │           │   │   ├── DependInfo.cmake
    │   │           │   │   ├── Labels.json
    │   │           │   │   ├── Labels.txt
    │   │           │   │   ├── build.make
    │   │           │   │   ├── cmake_clean.cmake
    │   │           │   │   ├── depend.make
    │   │           │   │   ├── flags.make
    │   │           │   │   ├── link.txt
    │   │           │   │   └── progress.make
    │   │           │   ├── matrix_exponential_3.dir
    │   │           │   │   ├── DependInfo.cmake
    │   │           │   │   ├── Labels.json
    │   │           │   │   ├── Labels.txt
    │   │           │   │   ├── build.make
    │   │           │   │   ├── cmake_clean.cmake
    │   │           │   │   ├── depend.make
    │   │           │   │   ├── flags.make
    │   │           │   │   ├── link.txt
    │   │           │   │   └── progress.make
    │   │           │   ├── matrix_exponential_4.dir
    │   │           │   │   ├── DependInfo.cmake
    │   │           │   │   ├── Labels.json
    │   │           │   │   ├── Labels.txt
    │   │           │   │   ├── build.make
    │   │           │   │   ├── cmake_clean.cmake
    │   │           │   │   ├── depend.make
    │   │           │   │   ├── flags.make
    │   │           │   │   ├── link.txt
    │   │           │   │   └── progress.make
    │   │           │   ├── matrix_exponential_5.dir
    │   │           │   │   ├── DependInfo.cmake
    │   │           │   │   ├── Labels.json
    │   │           │   │   ├── Labels.txt
    │   │           │   │   ├── build.make
    │   │           │   │   ├── cmake_clean.cmake
    │   │           │   │   ├── depend.make
    │   │           │   │   ├── flags.make
    │   │           │   │   ├── link.txt
    │   │           │   │   └── progress.make
    │   │           │   ├── matrix_exponential_6.dir
    │   │           │   │   ├── DependInfo.cmake
    │   │           │   │   ├── Labels.json
    │   │           │   │   ├── Labels.txt
    │   │           │   │   ├── build.make
    │   │           │   │   ├── cmake_clean.cmake
    │   │           │   │   ├── depend.make
    │   │           │   │   ├── flags.make
    │   │           │   │   ├── link.txt
    │   │           │   │   └── progress.make
    │   │           │   ├── matrix_exponential_7.dir
    │   │           │   │   ├── DependInfo.cmake
    │   │           │   │   ├── Labels.json
    │   │           │   │   ├── Labels.txt
    │   │           │   │   ├── build.make
    │   │           │   │   ├── cmake_clean.cmake
    │   │           │   │   ├── depend.make
    │   │           │   │   ├── flags.make
    │   │           │   │   ├── link.txt
    │   │           │   │   └── progress.make
    │   │           │   ├── matrix_exponential_8.dir
    │   │           │   │   ├── DependInfo.cmake
    │   │           │   │   ├── Labels.json
    │   │           │   │   ├── Labels.txt
    │   │           │   │   ├── build.make
    │   │           │   │   ├── cmake_clean.cmake
    │   │           │   │   ├── depend.make
    │   │           │   │   ├── flags.make
    │   │           │   │   ├── link.txt
    │   │           │   │   └── progress.make
    │   │           │   ├── matrix_exponential_9.dir
    │   │           │   │   ├── DependInfo.cmake
    │   │           │   │   ├── Labels.json
    │   │           │   │   ├── Labels.txt
    │   │           │   │   ├── build.make
    │   │           │   │   ├── cmake_clean.cmake
    │   │           │   │   ├── depend.make
    │   │           │   │   ├── flags.make
    │   │           │   │   ├── link.txt
    │   │           │   │   └── progress.make
    │   │           │   ├── matrix_function.dir
    │   │           │   │   ├── DependInfo.cmake
    │   │           │   │   ├── build.make
    │   │           │   │   ├── cmake_clean.cmake
    │   │           │   │   └── progress.make
    │   │           │   ├── matrix_function_1.dir
    │   │           │   │   ├── DependInfo.cmake
    │   │           │   │   ├── Labels.json
    │   │           │   │   ├── Labels.txt
    │   │           │   │   ├── build.make
    │   │           │   │   ├── cmake_clean.cmake
    │   │           │   │   ├── depend.make
    │   │           │   │   ├── flags.make
    │   │           │   │   ├── link.txt
    │   │           │   │   └── progress.make
    │   │           │   ├── matrix_function_2.dir
    │   │           │   │   ├── DependInfo.cmake
    │   │           │   │   ├── Labels.json
    │   │           │   │   ├── Labels.txt
    │   │           │   │   ├── build.make
    │   │           │   │   ├── cmake_clean.cmake
    │   │           │   │   ├── depend.make
    │   │           │   │   ├── flags.make
    │   │           │   │   ├── link.txt
    │   │           │   │   └── progress.make
    │   │           │   ├── matrix_function_3.dir
    │   │           │   │   ├── DependInfo.cmake
    │   │           │   │   ├── Labels.json
    │   │           │   │   ├── Labels.txt
    │   │           │   │   ├── build.make
    │   │           │   │   ├── cmake_clean.cmake
    │   │           │   │   ├── depend.make
    │   │           │   │   ├── flags.make
    │   │           │   │   ├── link.txt
    │   │           │   │   └── progress.make
    │   │           │   ├── matrix_function_4.dir
    │   │           │   │   ├── DependInfo.cmake
    │   │           │   │   ├── Labels.json
    │   │           │   │   ├── Labels.txt
    │   │           │   │   ├── build.make
    │   │           │   │   ├── cmake_clean.cmake
    │   │           │   │   ├── depend.make
    │   │           │   │   ├── flags.make
    │   │           │   │   ├── link.txt
    │   │           │   │   └── progress.make
    │   │           │   ├── matrix_function_5.dir
    │   │           │   │   ├── DependInfo.cmake
    │   │           │   │   ├── Labels.json
    │   │           │   │   ├── Labels.txt
    │   │           │   │   ├── build.make
    │   │           │   │   ├── cmake_clean.cmake
    │   │           │   │   ├── depend.make
    │   │           │   │   ├── flags.make
    │   │           │   │   ├── link.txt
    │   │           │   │   └── progress.make
    │   │           │   ├── matrix_function_6.dir
    │   │           │   │   ├── DependInfo.cmake
    │   │           │   │   ├── Labels.json
    │   │           │   │   ├── Labels.txt
    │   │           │   │   ├── build.make
    │   │           │   │   ├── cmake_clean.cmake
    │   │           │   │   ├── depend.make
    │   │           │   │   ├── flags.make
    │   │           │   │   ├── link.txt
    │   │           │   │   └── progress.make
    │   │           │   ├── matrix_function_7.dir
    │   │           │   │   ├── DependInfo.cmake
    │   │           │   │   ├── Labels.json
    │   │           │   │   ├── Labels.txt
    │   │           │   │   ├── build.make
    │   │           │   │   ├── cmake_clean.cmake
    │   │           │   │   ├── depend.make
    │   │           │   │   ├── flags.make
    │   │           │   │   ├── link.txt
    │   │           │   │   └── progress.make
    │   │           │   ├── matrix_power.dir
    │   │           │   │   ├── DependInfo.cmake
    │   │           │   │   ├── build.make
    │   │           │   │   ├── cmake_clean.cmake
    │   │           │   │   └── progress.make
    │   │           │   ├── matrix_power_1.dir
    │   │           │   │   ├── DependInfo.cmake
    │   │           │   │   ├── Labels.json
    │   │           │   │   ├── Labels.txt
    │   │           │   │   ├── build.make
    │   │           │   │   ├── cmake_clean.cmake
    │   │           │   │   ├── depend.make
    │   │           │   │   ├── flags.make
    │   │           │   │   ├── link.txt
    │   │           │   │   └── progress.make
    │   │           │   ├── matrix_power_10.dir
    │   │           │   │   ├── DependInfo.cmake
    │   │           │   │   ├── Labels.json
    │   │           │   │   ├── Labels.txt
    │   │           │   │   ├── build.make
    │   │           │   │   ├── cmake_clean.cmake
    │   │           │   │   ├── depend.make
    │   │           │   │   ├── flags.make
    │   │           │   │   ├── link.txt
    │   │           │   │   └── progress.make
    │   │           │   ├── matrix_power_11.dir
    │   │           │   │   ├── DependInfo.cmake
    │   │           │   │   ├── Labels.json
    │   │           │   │   ├── Labels.txt
    │   │           │   │   ├── build.make
    │   │           │   │   ├── cmake_clean.cmake
    │   │           │   │   ├── depend.make
    │   │           │   │   ├── flags.make
    │   │           │   │   ├── link.txt
    │   │           │   │   └── progress.make
    │   │           │   ├── matrix_power_12.dir
    │   │           │   │   ├── DependInfo.cmake
    │   │           │   │   ├── Labels.json
    │   │           │   │   ├── Labels.txt
    │   │           │   │   ├── build.make
    │   │           │   │   ├── cmake_clean.cmake
    │   │           │   │   ├── depend.make
    │   │           │   │   ├── flags.make
    │   │           │   │   ├── link.txt
    │   │           │   │   └── progress.make
    │   │           │   ├── matrix_power_2.dir
    │   │           │   │   ├── DependInfo.cmake
    │   │           │   │   ├── Labels.json
    │   │           │   │   ├── Labels.txt
    │   │           │   │   ├── build.make
    │   │           │   │   ├── cmake_clean.cmake
    │   │           │   │   ├── depend.make
    │   │           │   │   ├── flags.make
    │   │           │   │   ├── link.txt
    │   │           │   │   └── progress.make
    │   │           │   ├── matrix_power_3.dir
    │   │           │   │   ├── DependInfo.cmake
    │   │           │   │   ├── Labels.json
    │   │           │   │   ├── Labels.txt
    │   │           │   │   ├── build.make
    │   │           │   │   ├── cmake_clean.cmake
    │   │           │   │   ├── depend.make
    │   │           │   │   ├── flags.make
    │   │           │   │   ├── link.txt
    │   │           │   │   └── progress.make
    │   │           │   ├── matrix_power_4.dir
    │   │           │   │   ├── DependInfo.cmake
    │   │           │   │   ├── Labels.json
    │   │           │   │   ├── Labels.txt
    │   │           │   │   ├── build.make
    │   │           │   │   ├── cmake_clean.cmake
    │   │           │   │   ├── depend.make
    │   │           │   │   ├── flags.make
    │   │           │   │   ├── link.txt
    │   │           │   │   └── progress.make
    │   │           │   ├── matrix_power_5.dir
    │   │           │   │   ├── DependInfo.cmake
    │   │           │   │   ├── Labels.json
    │   │           │   │   ├── Labels.txt
    │   │           │   │   ├── build.make
    │   │           │   │   ├── cmake_clean.cmake
    │   │           │   │   ├── depend.make
    │   │           │   │   ├── flags.make
    │   │           │   │   ├── link.txt
    │   │           │   │   └── progress.make
    │   │           │   ├── matrix_power_6.dir
    │   │           │   │   ├── DependInfo.cmake
    │   │           │   │   ├── Labels.json
    │   │           │   │   ├── Labels.txt
    │   │           │   │   ├── build.make
    │   │           │   │   ├── cmake_clean.cmake
    │   │           │   │   ├── depend.make
    │   │           │   │   ├── flags.make
    │   │           │   │   ├── link.txt
    │   │           │   │   └── progress.make
    │   │           │   ├── matrix_power_7.dir
    │   │           │   │   ├── DependInfo.cmake
    │   │           │   │   ├── Labels.json
    │   │           │   │   ├── Labels.txt
    │   │           │   │   ├── build.make
    │   │           │   │   ├── cmake_clean.cmake
    │   │           │   │   ├── depend.make
    │   │           │   │   ├── flags.make
    │   │           │   │   ├── link.txt
    │   │           │   │   └── progress.make
    │   │           │   ├── matrix_power_8.dir
    │   │           │   │   ├── DependInfo.cmake
    │   │           │   │   ├── Labels.json
    │   │           │   │   ├── Labels.txt
    │   │           │   │   ├── build.make
    │   │           │   │   ├── cmake_clean.cmake
    │   │           │   │   ├── depend.make
    │   │           │   │   ├── flags.make
    │   │           │   │   ├── link.txt
    │   │           │   │   └── progress.make
    │   │           │   ├── matrix_power_9.dir
    │   │           │   │   ├── DependInfo.cmake
    │   │           │   │   ├── Labels.json
    │   │           │   │   ├── Labels.txt
    │   │           │   │   ├── build.make
    │   │           │   │   ├── cmake_clean.cmake
    │   │           │   │   ├── depend.make
    │   │           │   │   ├── flags.make
    │   │           │   │   ├── link.txt
    │   │           │   │   └── progress.make
    │   │           │   ├── matrix_square_root.dir
    │   │           │   │   ├── DependInfo.cmake
    │   │           │   │   ├── build.make
    │   │           │   │   ├── cmake_clean.cmake
    │   │           │   │   └── progress.make
    │   │           │   ├── matrix_square_root_1.dir
    │   │           │   │   ├── DependInfo.cmake
    │   │           │   │   ├── Labels.json
    │   │           │   │   ├── Labels.txt
    │   │           │   │   ├── build.make
    │   │           │   │   ├── cmake_clean.cmake
    │   │           │   │   ├── depend.make
    │   │           │   │   ├── flags.make
    │   │           │   │   ├── link.txt
    │   │           │   │   └── progress.make
    │   │           │   ├── matrix_square_root_2.dir
    │   │           │   │   ├── DependInfo.cmake
    │   │           │   │   ├── Labels.json
    │   │           │   │   ├── Labels.txt
    │   │           │   │   ├── build.make
    │   │           │   │   ├── cmake_clean.cmake
    │   │           │   │   ├── depend.make
    │   │           │   │   ├── flags.make
    │   │           │   │   ├── link.txt
    │   │           │   │   └── progress.make
    │   │           │   ├── matrix_square_root_3.dir
    │   │           │   │   ├── DependInfo.cmake
    │   │           │   │   ├── Labels.json
    │   │           │   │   ├── Labels.txt
    │   │           │   │   ├── build.make
    │   │           │   │   ├── cmake_clean.cmake
    │   │           │   │   ├── depend.make
    │   │           │   │   ├── flags.make
    │   │           │   │   ├── link.txt
    │   │           │   │   └── progress.make
    │   │           │   ├── matrix_square_root_4.dir
    │   │           │   │   ├── DependInfo.cmake
    │   │           │   │   ├── Labels.json
    │   │           │   │   ├── Labels.txt
    │   │           │   │   ├── build.make
    │   │           │   │   ├── cmake_clean.cmake
    │   │           │   │   ├── depend.make
    │   │           │   │   ├── flags.make
    │   │           │   │   ├── link.txt
    │   │           │   │   └── progress.make
    │   │           │   ├── matrix_square_root_5.dir
    │   │           │   │   ├── DependInfo.cmake
    │   │           │   │   ├── Labels.json
    │   │           │   │   ├── Labels.txt
    │   │           │   │   ├── build.make
    │   │           │   │   ├── cmake_clean.cmake
    │   │           │   │   ├── depend.make
    │   │           │   │   ├── flags.make
    │   │           │   │   ├── link.txt
    │   │           │   │   └── progress.make
    │   │           │   ├── minres.dir
    │   │           │   │   ├── DependInfo.cmake
    │   │           │   │   ├── build.make
    │   │           │   │   ├── cmake_clean.cmake
    │   │           │   │   └── progress.make
    │   │           │   ├── minres_1.dir
    │   │           │   │   ├── DependInfo.cmake
    │   │           │   │   ├── Labels.json
    │   │           │   │   ├── Labels.txt
    │   │           │   │   ├── build.make
    │   │           │   │   ├── cmake_clean.cmake
    │   │           │   │   ├── depend.make
    │   │           │   │   ├── flags.make
    │   │           │   │   ├── link.txt
    │   │           │   │   └── progress.make
    │   │           │   ├── minres_2.dir
    │   │           │   │   ├── DependInfo.cmake
    │   │           │   │   ├── Labels.json
    │   │           │   │   ├── Labels.txt
    │   │           │   │   ├── build.make
    │   │           │   │   ├── cmake_clean.cmake
    │   │           │   │   ├── depend.make
    │   │           │   │   ├── flags.make
    │   │           │   │   ├── link.txt
    │   │           │   │   └── progress.make
    │   │           │   ├── polynomialsolver.dir
    │   │           │   │   ├── DependInfo.cmake
    │   │           │   │   ├── build.make
    │   │           │   │   ├── cmake_clean.cmake
    │   │           │   │   └── progress.make
    │   │           │   ├── polynomialsolver_1.dir
    │   │           │   │   ├── DependInfo.cmake
    │   │           │   │   ├── Labels.json
    │   │           │   │   ├── Labels.txt
    │   │           │   │   ├── build.make
    │   │           │   │   ├── cmake_clean.cmake
    │   │           │   │   ├── depend.make
    │   │           │   │   ├── flags.make
    │   │           │   │   ├── link.txt
    │   │           │   │   └── progress.make
    │   │           │   ├── polynomialsolver_10.dir
    │   │           │   │   ├── DependInfo.cmake
    │   │           │   │   ├── Labels.json
    │   │           │   │   ├── Labels.txt
    │   │           │   │   ├── build.make
    │   │           │   │   ├── cmake_clean.cmake
    │   │           │   │   ├── depend.make
    │   │           │   │   ├── flags.make
    │   │           │   │   ├── link.txt
    │   │           │   │   └── progress.make
    │   │           │   ├── polynomialsolver_11.dir
    │   │           │   │   ├── DependInfo.cmake
    │   │           │   │   ├── Labels.json
    │   │           │   │   ├── Labels.txt
    │   │           │   │   ├── build.make
    │   │           │   │   ├── cmake_clean.cmake
    │   │           │   │   ├── depend.make
    │   │           │   │   ├── flags.make
    │   │           │   │   ├── link.txt
    │   │           │   │   └── progress.make
    │   │           │   ├── polynomialsolver_12.dir
    │   │           │   │   ├── DependInfo.cmake
    │   │           │   │   ├── Labels.json
    │   │           │   │   ├── Labels.txt
    │   │           │   │   ├── build.make
    │   │           │   │   ├── cmake_clean.cmake
    │   │           │   │   ├── depend.make
    │   │           │   │   ├── flags.make
    │   │           │   │   ├── link.txt
    │   │           │   │   └── progress.make
    │   │           │   ├── polynomialsolver_2.dir
    │   │           │   │   ├── DependInfo.cmake
    │   │           │   │   ├── Labels.json
    │   │           │   │   ├── Labels.txt
    │   │           │   │   ├── build.make
    │   │           │   │   ├── cmake_clean.cmake
    │   │           │   │   ├── depend.make
    │   │           │   │   ├── flags.make
    │   │           │   │   ├── link.txt
    │   │           │   │   └── progress.make
    │   │           │   ├── polynomialsolver_3.dir
    │   │           │   │   ├── DependInfo.cmake
    │   │           │   │   ├── Labels.json
    │   │           │   │   ├── Labels.txt
    │   │           │   │   ├── build.make
    │   │           │   │   ├── cmake_clean.cmake
    │   │           │   │   ├── depend.make
    │   │           │   │   ├── flags.make
    │   │           │   │   ├── link.txt
    │   │           │   │   └── progress.make
    │   │           │   ├── polynomialsolver_4.dir
    │   │           │   │   ├── DependInfo.cmake
    │   │           │   │   ├── Labels.json
    │   │           │   │   ├── Labels.txt
    │   │           │   │   ├── build.make
    │   │           │   │   ├── cmake_clean.cmake
    │   │           │   │   ├── depend.make
    │   │           │   │   ├── flags.make
    │   │           │   │   ├── link.txt
    │   │           │   │   └── progress.make
    │   │           │   ├── polynomialsolver_5.dir
    │   │           │   │   ├── DependInfo.cmake
    │   │           │   │   ├── Labels.json
    │   │           │   │   ├── Labels.txt
    │   │           │   │   ├── build.make
    │   │           │   │   ├── cmake_clean.cmake
    │   │           │   │   ├── depend.make
    │   │           │   │   ├── flags.make
    │   │           │   │   ├── link.txt
    │   │           │   │   └── progress.make
    │   │           │   ├── polynomialsolver_6.dir
    │   │           │   │   ├── DependInfo.cmake
    │   │           │   │   ├── Labels.json
    │   │           │   │   ├── Labels.txt
    │   │           │   │   ├── build.make
    │   │           │   │   ├── cmake_clean.cmake
    │   │           │   │   ├── depend.make
    │   │           │   │   ├── flags.make
    │   │           │   │   ├── link.txt
    │   │           │   │   └── progress.make
    │   │           │   ├── polynomialsolver_7.dir
    │   │           │   │   ├── DependInfo.cmake
    │   │           │   │   ├── Labels.json
    │   │           │   │   ├── Labels.txt
    │   │           │   │   ├── build.make
    │   │           │   │   ├── cmake_clean.cmake
    │   │           │   │   ├── depend.make
    │   │           │   │   ├── flags.make
    │   │           │   │   ├── link.txt
    │   │           │   │   └── progress.make
    │   │           │   ├── polynomialsolver_8.dir
    │   │           │   │   ├── DependInfo.cmake
    │   │           │   │   ├── Labels.json
    │   │           │   │   ├── Labels.txt
    │   │           │   │   ├── build.make
    │   │           │   │   ├── cmake_clean.cmake
    │   │           │   │   ├── depend.make
    │   │           │   │   ├── flags.make
    │   │           │   │   ├── link.txt
    │   │           │   │   └── progress.make
    │   │           │   ├── polynomialsolver_9.dir
    │   │           │   │   ├── DependInfo.cmake
    │   │           │   │   ├── Labels.json
    │   │           │   │   ├── Labels.txt
    │   │           │   │   ├── build.make
    │   │           │   │   ├── cmake_clean.cmake
    │   │           │   │   ├── depend.make
    │   │           │   │   ├── flags.make
    │   │           │   │   ├── link.txt
    │   │           │   │   └── progress.make
    │   │           │   ├── polynomialutils.dir
    │   │           │   │   ├── DependInfo.cmake
    │   │           │   │   ├── build.make
    │   │           │   │   ├── cmake_clean.cmake
    │   │           │   │   └── progress.make
    │   │           │   ├── polynomialutils_2.dir
    │   │           │   │   ├── DependInfo.cmake
    │   │           │   │   ├── Labels.json
    │   │           │   │   ├── Labels.txt
    │   │           │   │   ├── build.make
    │   │           │   │   ├── cmake_clean.cmake
    │   │           │   │   ├── depend.make
    │   │           │   │   ├── flags.make
    │   │           │   │   ├── link.txt
    │   │           │   │   └── progress.make
    │   │           │   ├── polynomialutils_3.dir
    │   │           │   │   ├── DependInfo.cmake
    │   │           │   │   ├── Labels.json
    │   │           │   │   ├── Labels.txt
    │   │           │   │   ├── build.make
    │   │           │   │   ├── cmake_clean.cmake
    │   │           │   │   ├── depend.make
    │   │           │   │   ├── flags.make
    │   │           │   │   ├── link.txt
    │   │           │   │   └── progress.make
    │   │           │   ├── polynomialutils_4.dir
    │   │           │   │   ├── DependInfo.cmake
    │   │           │   │   ├── Labels.json
    │   │           │   │   ├── Labels.txt
    │   │           │   │   ├── build.make
    │   │           │   │   ├── cmake_clean.cmake
    │   │           │   │   ├── depend.make
    │   │           │   │   ├── flags.make
    │   │           │   │   ├── link.txt
    │   │           │   │   └── progress.make
    │   │           │   ├── polynomialutils_5.dir
    │   │           │   │   ├── DependInfo.cmake
    │   │           │   │   ├── Labels.json
    │   │           │   │   ├── Labels.txt
    │   │           │   │   ├── build.make
    │   │           │   │   ├── cmake_clean.cmake
    │   │           │   │   ├── depend.make
    │   │           │   │   ├── flags.make
    │   │           │   │   ├── link.txt
    │   │           │   │   └── progress.make
    │   │           │   ├── polynomialutils_6.dir
    │   │           │   │   ├── DependInfo.cmake
    │   │           │   │   ├── Labels.json
    │   │           │   │   ├── Labels.txt
    │   │           │   │   ├── build.make
    │   │           │   │   ├── cmake_clean.cmake
    │   │           │   │   ├── depend.make
    │   │           │   │   ├── flags.make
    │   │           │   │   ├── link.txt
    │   │           │   │   └── progress.make
    │   │           │   ├── polynomialutils_7.dir
    │   │           │   │   ├── DependInfo.cmake
    │   │           │   │   ├── Labels.json
    │   │           │   │   ├── Labels.txt
    │   │           │   │   ├── build.make
    │   │           │   │   ├── cmake_clean.cmake
    │   │           │   │   ├── depend.make
    │   │           │   │   ├── flags.make
    │   │           │   │   ├── link.txt
    │   │           │   │   └── progress.make
    │   │           │   ├── polynomialutils_8.dir
    │   │           │   │   ├── DependInfo.cmake
    │   │           │   │   ├── Labels.json
    │   │           │   │   ├── Labels.txt
    │   │           │   │   ├── build.make
    │   │           │   │   ├── cmake_clean.cmake
    │   │           │   │   ├── depend.make
    │   │           │   │   ├── flags.make
    │   │           │   │   ├── link.txt
    │   │           │   │   └── progress.make
    │   │           │   ├── polynomialutils_9.dir
    │   │           │   │   ├── DependInfo.cmake
    │   │           │   │   ├── Labels.json
    │   │           │   │   ├── Labels.txt
    │   │           │   │   ├── build.make
    │   │           │   │   ├── cmake_clean.cmake
    │   │           │   │   ├── depend.make
    │   │           │   │   ├── flags.make
    │   │           │   │   ├── link.txt
    │   │           │   │   └── progress.make
    │   │           │   ├── progress.marks
    │   │           │   ├── sparse_extra.dir
    │   │           │   │   ├── DependInfo.cmake
    │   │           │   │   ├── build.make
    │   │           │   │   ├── cmake_clean.cmake
    │   │           │   │   └── progress.make
    │   │           │   ├── sparse_extra_1.dir
    │   │           │   │   ├── DependInfo.cmake
    │   │           │   │   ├── Labels.json
    │   │           │   │   ├── Labels.txt
    │   │           │   │   ├── build.make
    │   │           │   │   ├── cmake_clean.cmake
    │   │           │   │   ├── depend.make
    │   │           │   │   ├── flags.make
    │   │           │   │   ├── link.txt
    │   │           │   │   └── progress.make
    │   │           │   ├── sparse_extra_2.dir
    │   │           │   │   ├── DependInfo.cmake
    │   │           │   │   ├── Labels.json
    │   │           │   │   ├── Labels.txt
    │   │           │   │   ├── build.make
    │   │           │   │   ├── cmake_clean.cmake
    │   │           │   │   ├── depend.make
    │   │           │   │   ├── flags.make
    │   │           │   │   ├── link.txt
    │   │           │   │   └── progress.make
    │   │           │   ├── sparse_extra_3.dir
    │   │           │   │   ├── DependInfo.cmake
    │   │           │   │   ├── Labels.json
    │   │           │   │   ├── Labels.txt
    │   │           │   │   ├── build.make
    │   │           │   │   ├── cmake_clean.cmake
    │   │           │   │   ├── depend.make
    │   │           │   │   ├── flags.make
    │   │           │   │   ├── link.txt
    │   │           │   │   └── progress.make
    │   │           │   ├── sparse_extra_4.dir
    │   │           │   │   ├── DependInfo.cmake
    │   │           │   │   ├── Labels.json
    │   │           │   │   ├── Labels.txt
    │   │           │   │   ├── build.make
    │   │           │   │   ├── cmake_clean.cmake
    │   │           │   │   ├── depend.make
    │   │           │   │   ├── flags.make
    │   │           │   │   ├── link.txt
    │   │           │   │   └── progress.make
    │   │           │   ├── sparse_extra_5.dir
    │   │           │   │   ├── DependInfo.cmake
    │   │           │   │   ├── Labels.json
    │   │           │   │   ├── Labels.txt
    │   │           │   │   ├── build.make
    │   │           │   │   ├── cmake_clean.cmake
    │   │           │   │   ├── depend.make
    │   │           │   │   ├── flags.make
    │   │           │   │   ├── link.txt
    │   │           │   │   └── progress.make
    │   │           │   ├── special_functions.dir
    │   │           │   │   ├── DependInfo.cmake
    │   │           │   │   ├── build.make
    │   │           │   │   ├── cmake_clean.cmake
    │   │           │   │   └── progress.make
    │   │           │   ├── special_functions_1.dir
    │   │           │   │   ├── DependInfo.cmake
    │   │           │   │   ├── Labels.json
    │   │           │   │   ├── Labels.txt
    │   │           │   │   ├── build.make
    │   │           │   │   ├── cmake_clean.cmake
    │   │           │   │   ├── depend.make
    │   │           │   │   ├── flags.make
    │   │           │   │   ├── link.txt
    │   │           │   │   └── progress.make
    │   │           │   ├── special_functions_2.dir
    │   │           │   │   ├── DependInfo.cmake
    │   │           │   │   ├── Labels.json
    │   │           │   │   ├── Labels.txt
    │   │           │   │   ├── build.make
    │   │           │   │   ├── cmake_clean.cmake
    │   │           │   │   ├── depend.make
    │   │           │   │   ├── flags.make
    │   │           │   │   ├── link.txt
    │   │           │   │   └── progress.make
    │   │           │   ├── special_functions_3.dir
    │   │           │   │   ├── DependInfo.cmake
    │   │           │   │   ├── Labels.json
    │   │           │   │   ├── Labels.txt
    │   │           │   │   ├── build.make
    │   │           │   │   ├── cmake_clean.cmake
    │   │           │   │   ├── depend.make
    │   │           │   │   ├── flags.make
    │   │           │   │   ├── link.txt
    │   │           │   │   └── progress.make
    │   │           │   ├── special_functions_4.dir
    │   │           │   │   ├── DependInfo.cmake
    │   │           │   │   ├── Labels.json
    │   │           │   │   ├── Labels.txt
    │   │           │   │   ├── build.make
    │   │           │   │   ├── cmake_clean.cmake
    │   │           │   │   ├── depend.make
    │   │           │   │   ├── flags.make
    │   │           │   │   ├── link.txt
    │   │           │   │   └── progress.make
    │   │           │   ├── special_packetmath.dir
    │   │           │   │   ├── DependInfo.cmake
    │   │           │   │   ├── build.make
    │   │           │   │   ├── cmake_clean.cmake
    │   │           │   │   └── progress.make
    │   │           │   ├── special_packetmath_1.dir
    │   │           │   │   ├── DependInfo.cmake
    │   │           │   │   ├── Labels.json
    │   │           │   │   ├── Labels.txt
    │   │           │   │   ├── build.make
    │   │           │   │   ├── cmake_clean.cmake
    │   │           │   │   ├── depend.make
    │   │           │   │   ├── flags.make
    │   │           │   │   ├── link.txt
    │   │           │   │   └── progress.make
    │   │           │   ├── special_packetmath_2.dir
    │   │           │   │   ├── DependInfo.cmake
    │   │           │   │   ├── Labels.json
    │   │           │   │   ├── Labels.txt
    │   │           │   │   ├── build.make
    │   │           │   │   ├── cmake_clean.cmake
    │   │           │   │   ├── depend.make
    │   │           │   │   ├── flags.make
    │   │           │   │   ├── link.txt
    │   │           │   │   └── progress.make
    │   │           │   ├── special_packetmath_3.dir
    │   │           │   │   ├── DependInfo.cmake
    │   │           │   │   ├── Labels.json
    │   │           │   │   ├── Labels.txt
    │   │           │   │   ├── build.make
    │   │           │   │   ├── cmake_clean.cmake
    │   │           │   │   ├── depend.make
    │   │           │   │   ├── flags.make
    │   │           │   │   ├── link.txt
    │   │           │   │   └── progress.make
    │   │           │   ├── special_packetmath_4.dir
    │   │           │   │   ├── DependInfo.cmake
    │   │           │   │   ├── Labels.json
    │   │           │   │   ├── Labels.txt
    │   │           │   │   ├── build.make
    │   │           │   │   ├── cmake_clean.cmake
    │   │           │   │   ├── depend.make
    │   │           │   │   ├── flags.make
    │   │           │   │   ├── link.txt
    │   │           │   │   └── progress.make
    │   │           │   └── splines.dir
    │   │           │       ├── DependInfo.cmake
    │   │           │       ├── Labels.json
    │   │           │       ├── Labels.txt
    │   │           │       ├── build.make
    │   │           │       ├── cmake_clean.cmake
    │   │           │       ├── depend.make
    │   │           │       ├── flags.make
    │   │           │       ├── link.txt
    │   │           │       └── progress.make
    │   │           ├── CTestTestfile.cmake
    │   │           ├── Makefile
    │   │           └── cmake_install.cmake
    │   ├── ci
    │   │   ├── CTest2JUnit.xsl
    │   │   ├── README.md
    │   │   ├── build.gitlab-ci.yml
    │   │   ├── smoketests.gitlab-ci.yml
    │   │   └── test.gitlab-ci.yml
    │   ├── cmake
    │   │   ├── ComputeCppCompilerChecks.cmake
    │   │   ├── ComputeCppIRMap.cmake
    │   │   ├── Eigen3Config.cmake.in
    │   │   ├── Eigen3ConfigLegacy.cmake.in
    │   │   ├── EigenConfigureTesting.cmake
    │   │   ├── EigenDetermineOSVersion.cmake
    │   │   ├── EigenDetermineVSServicePack.cmake
    │   │   ├── EigenSmokeTestList.cmake
    │   │   ├── EigenTesting.cmake
    │   │   ├── EigenUninstall.cmake
    │   │   ├── FindAdolc.cmake
    │   │   ├── FindBLAS.cmake
    │   │   ├── FindBLASEXT.cmake
    │   │   ├── FindCHOLMOD.cmake
    │   │   ├── FindComputeCpp.cmake
    │   │   ├── FindEigen2.cmake
    │   │   ├── FindEigen3.cmake
    │   │   ├── FindFFTW.cmake
    │   │   ├── FindGLEW.cmake
    │   │   ├── FindGMP.cmake
    │   │   ├── FindGSL.cmake
    │   │   ├── FindGoogleHash.cmake
    │   │   ├── FindHWLOC.cmake
    │   │   ├── FindKLU.cmake
    │   │   ├── FindLAPACK.cmake
    │   │   ├── FindMPFR.cmake
    │   │   ├── FindMPREAL.cmake
    │   │   ├── FindMetis.cmake
    │   │   ├── FindPASTIX.cmake
    │   │   ├── FindPTSCOTCH.cmake
    │   │   ├── FindSCOTCH.cmake
    │   │   ├── FindSPQR.cmake
    │   │   ├── FindStandardMathLibrary.cmake
    │   │   ├── FindSuperLU.cmake
    │   │   ├── FindTriSYCL.cmake
    │   │   ├── FindUMFPACK.cmake
    │   │   ├── RegexUtils.cmake
    │   │   └── UseEigen3.cmake
    │   ├── debug
    │   │   ├── gdb
    │   │   │   ├── __init__.py
    │   │   │   └── printers.py
    │   │   └── msvc
    │   │       ├── eigen.natvis
    │   │       └── eigen_autoexp_part.dat
    │   ├── demos
    │   │   ├── CMakeLists.txt
    │   │   ├── mandelbrot
    │   │   │   ├── CMakeLists.txt
    │   │   │   ├── README
    │   │   │   ├── mandelbrot.cpp
    │   │   │   └── mandelbrot.h
    │   │   ├── mix_eigen_and_c
    │   │   │   ├── README
    │   │   │   ├── binary_library.cpp
    │   │   │   ├── binary_library.h
    │   │   │   └── example.c
    │   │   └── opengl
    │   │       ├── CMakeLists.txt
    │   │       ├── README
    │   │       ├── camera.cpp
    │   │       ├── camera.h
    │   │       ├── gpuhelper.cpp
    │   │       ├── gpuhelper.h
    │   │       ├── icosphere.cpp
    │   │       ├── icosphere.h
    │   │       ├── quaternion_demo.cpp
    │   │       ├── quaternion_demo.h
    │   │       ├── trackball.cpp
    │   │       └── trackball.h
    │   ├── doc
    │   │   ├── AsciiQuickReference.txt
    │   │   ├── B01_Experimental.dox
    │   │   ├── CMakeLists.txt
    │   │   ├── ClassHierarchy.dox
    │   │   ├── CoeffwiseMathFunctionsTable.dox
    │   │   ├── CustomizingEigen_CustomScalar.dox
    │   │   ├── CustomizingEigen_InheritingMatrix.dox
    │   │   ├── CustomizingEigen_NullaryExpr.dox
    │   │   ├── CustomizingEigen_Plugins.dox
    │   │   ├── DenseDecompositionBenchmark.dox
    │   │   ├── Doxyfile.in
    │   │   ├── Eigen_Silly_Professor_64x64.png
    │   │   ├── FixedSizeVectorizable.dox
    │   │   ├── FunctionsTakingEigenTypes.dox
    │   │   ├── HiPerformance.dox
    │   │   ├── InplaceDecomposition.dox
    │   │   ├── InsideEigenExample.dox
    │   │   ├── LeastSquares.dox
    │   │   ├── Manual.dox
    │   │   ├── MatrixfreeSolverExample.dox
    │   │   ├── NewExpressionType.dox
    │   │   ├── Overview.dox
    │   │   ├── PassingByValue.dox
    │   │   ├── Pitfalls.dox
    │   │   ├── PreprocessorDirectives.dox
    │   │   ├── QuickReference.dox
    │   │   ├── QuickStartGuide.dox
    │   │   ├── SparseLinearSystems.dox
    │   │   ├── SparseQuickReference.dox
    │   │   ├── StlContainers.dox
    │   │   ├── StorageOrders.dox
    │   │   ├── StructHavingEigenMembers.dox
    │   │   ├── TemplateKeyword.dox
    │   │   ├── TopicAliasing.dox
    │   │   ├── TopicAssertions.dox
    │   │   ├── TopicCMakeGuide.dox
    │   │   ├── TopicEigenExpressionTemplates.dox
    │   │   ├── TopicLazyEvaluation.dox
    │   │   ├── TopicLinearAlgebraDecompositions.dox
    │   │   ├── TopicMultithreading.dox
    │   │   ├── TopicResizing.dox
    │   │   ├── TopicScalarTypes.dox
    │   │   ├── TopicVectorization.dox
    │   │   ├── TutorialAdvancedInitialization.dox
    │   │   ├── TutorialArrayClass.dox
    │   │   ├── TutorialBlockOperations.dox
    │   │   ├── TutorialGeometry.dox
    │   │   ├── TutorialLinearAlgebra.dox
    │   │   ├── TutorialMapClass.dox
    │   │   ├── TutorialMatrixArithmetic.dox
    │   │   ├── TutorialMatrixClass.dox
    │   │   ├── TutorialReductionsVisitorsBroadcasting.dox
    │   │   ├── TutorialReshape.dox
    │   │   ├── TutorialSTL.dox
    │   │   ├── TutorialSlicingIndexing.dox
    │   │   ├── TutorialSparse.dox
    │   │   ├── TutorialSparse_example_details.dox
    │   │   ├── UnalignedArrayAssert.dox
    │   │   ├── UsingBlasLapackBackends.dox
    │   │   ├── UsingIntelMKL.dox
    │   │   ├── UsingNVCC.dox
    │   │   ├── WrongStackAlignment.dox
    │   │   ├── eigen_navtree_hacks.js
    │   │   ├── eigendoxy.css
    │   │   ├── eigendoxy_footer.html.in
    │   │   ├── eigendoxy_header.html.in
    │   │   ├── eigendoxy_layout.xml.in
    │   │   ├── eigendoxy_tabs.css
    │   │   ├── examples
    │   │   │   ├── CMakeLists.txt
    │   │   │   ├── CustomizingEigen_Inheritance.cpp
    │   │   │   ├── Cwise_erf.cpp
    │   │   │   ├── Cwise_erfc.cpp
    │   │   │   ├── Cwise_lgamma.cpp
    │   │   │   ├── DenseBase_middleCols_int.cpp
    │   │   │   ├── DenseBase_middleRows_int.cpp
    │   │   │   ├── DenseBase_template_int_middleCols.cpp
    │   │   │   ├── DenseBase_template_int_middleRows.cpp
    │   │   │   ├── QuickStart_example.cpp
    │   │   │   ├── QuickStart_example2_dynamic.cpp
    │   │   │   ├── QuickStart_example2_fixed.cpp
    │   │   │   ├── TemplateKeyword_flexible.cpp
    │   │   │   ├── TemplateKeyword_simple.cpp
    │   │   │   ├── TutorialInplaceLU.cpp
    │   │   │   ├── TutorialLinAlgComputeTwice.cpp
    │   │   │   ├── TutorialLinAlgExComputeSolveError.cpp
    │   │   │   ├── TutorialLinAlgExSolveColPivHouseholderQR.cpp
    │   │   │   ├── TutorialLinAlgExSolveLDLT.cpp
    │   │   │   ├── TutorialLinAlgInverseDeterminant.cpp
    │   │   │   ├── TutorialLinAlgRankRevealing.cpp
    │   │   │   ├── TutorialLinAlgSVDSolve.cpp
    │   │   │   ├── TutorialLinAlgSelfAdjointEigenSolver.cpp
    │   │   │   ├── TutorialLinAlgSetThreshold.cpp
    │   │   │   ├── Tutorial_ArrayClass_accessors.cpp
    │   │   │   ├── Tutorial_ArrayClass_addition.cpp
    │   │   │   ├── Tutorial_ArrayClass_cwise_other.cpp
    │   │   │   ├── Tutorial_ArrayClass_interop.cpp
    │   │   │   ├── Tutorial_ArrayClass_interop_matrix.cpp
    │   │   │   ├── Tutorial_ArrayClass_mult.cpp
    │   │   │   ├── Tutorial_BlockOperations_block_assignment.cpp
    │   │   │   ├── Tutorial_BlockOperations_colrow.cpp
    │   │   │   ├── Tutorial_BlockOperations_corner.cpp
    │   │   │   ├── Tutorial_BlockOperations_print_block.cpp
    │   │   │   ├── Tutorial_BlockOperations_vector.cpp
    │   │   │   ├── Tutorial_PartialLU_solve.cpp
    │   │   │   ├── Tutorial_ReductionsVisitorsBroadcasting_broadcast_1nn.cpp
    │   │   │   ├── Tutorial_ReductionsVisitorsBroadcasting_broadcast_simple.cpp
    │   │   │   ├── Tutorial_ReductionsVisitorsBroadcasting_broadcast_simple_rowwise.cpp
    │   │   │   ├── Tutorial_ReductionsVisitorsBroadcasting_colwise.cpp
    │   │   │   ├── Tutorial_ReductionsVisitorsBroadcasting_maxnorm.cpp
    │   │   │   ├── Tutorial_ReductionsVisitorsBroadcasting_reductions_bool.cpp
    │   │   │   ├── Tutorial_ReductionsVisitorsBroadcasting_reductions_norm.cpp
    │   │   │   ├── Tutorial_ReductionsVisitorsBroadcasting_reductions_operatornorm.cpp
    │   │   │   ├── Tutorial_ReductionsVisitorsBroadcasting_rowwise.cpp
    │   │   │   ├── Tutorial_ReductionsVisitorsBroadcasting_visitors.cpp
    │   │   │   ├── Tutorial_simple_example_dynamic_size.cpp
    │   │   │   ├── Tutorial_simple_example_fixed_size.cpp
    │   │   │   ├── class_Block.cpp
    │   │   │   ├── class_CwiseBinaryOp.cpp
    │   │   │   ├── class_CwiseUnaryOp.cpp
    │   │   │   ├── class_CwiseUnaryOp_ptrfun.cpp
    │   │   │   ├── class_FixedBlock.cpp
    │   │   │   ├── class_FixedReshaped.cpp
    │   │   │   ├── class_FixedVectorBlock.cpp
    │   │   │   ├── class_Reshaped.cpp
    │   │   │   ├── class_VectorBlock.cpp
    │   │   │   ├── function_taking_eigenbase.cpp
    │   │   │   ├── function_taking_ref.cpp
    │   │   │   ├── make_circulant.cpp
    │   │   │   ├── make_circulant.cpp.entry
    │   │   │   ├── make_circulant.cpp.evaluator
    │   │   │   ├── make_circulant.cpp.expression
    │   │   │   ├── make_circulant.cpp.main
    │   │   │   ├── make_circulant.cpp.preamble
    │   │   │   ├── make_circulant.cpp.traits
    │   │   │   ├── make_circulant2.cpp
    │   │   │   ├── matrixfree_cg.cpp
    │   │   │   ├── nullary_indexing.cpp
    │   │   │   ├── tut_arithmetic_add_sub.cpp
    │   │   │   ├── tut_arithmetic_dot_cross.cpp
    │   │   │   ├── tut_arithmetic_matrix_mul.cpp
    │   │   │   ├── tut_arithmetic_redux_basic.cpp
    │   │   │   ├── tut_arithmetic_scalar_mul_div.cpp
    │   │   │   ├── tut_matrix_coefficient_accessors.cpp
    │   │   │   ├── tut_matrix_resize.cpp
    │   │   │   └── tut_matrix_resize_fixed_size.cpp
    │   │   ├── ftv2node.png
    │   │   ├── ftv2pnode.png
    │   │   ├── snippets
    │   │   │   ├── AngleAxis_mimic_euler.cpp
    │   │   │   ├── Array_initializer_list_23_cxx11.cpp
    │   │   │   ├── Array_initializer_list_vector_cxx11.cpp
    │   │   │   ├── Array_variadic_ctor_cxx11.cpp
    │   │   │   ├── BiCGSTAB_simple.cpp
    │   │   │   ├── BiCGSTAB_step_by_step.cpp
    │   │   │   ├── CMakeLists.txt
    │   │   │   ├── ColPivHouseholderQR_solve.cpp
    │   │   │   ├── ComplexEigenSolver_compute.cpp
    │   │   │   ├── ComplexEigenSolver_eigenvalues.cpp
    │   │   │   ├── ComplexEigenSolver_eigenvectors.cpp
    │   │   │   ├── ComplexSchur_compute.cpp
    │   │   │   ├── ComplexSchur_matrixT.cpp
    │   │   │   ├── ComplexSchur_matrixU.cpp
    │   │   │   ├── Cwise_abs.cpp
    │   │   │   ├── Cwise_abs2.cpp
    │   │   │   ├── Cwise_acos.cpp
    │   │   │   ├── Cwise_arg.cpp
    │   │   │   ├── Cwise_array_power_array.cpp
    │   │   │   ├── Cwise_asin.cpp
    │   │   │   ├── Cwise_atan.cpp
    │   │   │   ├── Cwise_boolean_and.cpp
    │   │   │   ├── Cwise_boolean_not.cpp
    │   │   │   ├── Cwise_boolean_or.cpp
    │   │   │   ├── Cwise_boolean_xor.cpp
    │   │   │   ├── Cwise_ceil.cpp
    │   │   │   ├── Cwise_cos.cpp
    │   │   │   ├── Cwise_cosh.cpp
    │   │   │   ├── Cwise_cube.cpp
    │   │   │   ├── Cwise_equal_equal.cpp
    │   │   │   ├── Cwise_exp.cpp
    │   │   │   ├── Cwise_floor.cpp
    │   │   │   ├── Cwise_greater.cpp
    │   │   │   ├── Cwise_greater_equal.cpp
    │   │   │   ├── Cwise_inverse.cpp
    │   │   │   ├── Cwise_isFinite.cpp
    │   │   │   ├── Cwise_isInf.cpp
    │   │   │   ├── Cwise_isNaN.cpp
    │   │   │   ├── Cwise_less.cpp
    │   │   │   ├── Cwise_less_equal.cpp
    │   │   │   ├── Cwise_log.cpp
    │   │   │   ├── Cwise_log10.cpp
    │   │   │   ├── Cwise_max.cpp
    │   │   │   ├── Cwise_min.cpp
    │   │   │   ├── Cwise_minus.cpp
    │   │   │   ├── Cwise_minus_equal.cpp
    │   │   │   ├── Cwise_not_equal.cpp
    │   │   │   ├── Cwise_plus.cpp
    │   │   │   ├── Cwise_plus_equal.cpp
    │   │   │   ├── Cwise_pow.cpp
    │   │   │   ├── Cwise_product.cpp
    │   │   │   ├── Cwise_quotient.cpp
    │   │   │   ├── Cwise_rint.cpp
    │   │   │   ├── Cwise_round.cpp
    │   │   │   ├── Cwise_scalar_power_array.cpp
    │   │   │   ├── Cwise_sign.cpp
    │   │   │   ├── Cwise_sin.cpp
    │   │   │   ├── Cwise_sinh.cpp
    │   │   │   ├── Cwise_slash_equal.cpp
    │   │   │   ├── Cwise_sqrt.cpp
    │   │   │   ├── Cwise_square.cpp
    │   │   │   ├── Cwise_tan.cpp
    │   │   │   ├── Cwise_tanh.cpp
    │   │   │   ├── Cwise_times_equal.cpp
    │   │   │   ├── DenseBase_LinSpaced.cpp
    │   │   │   ├── DenseBase_LinSpacedInt.cpp
    │   │   │   ├── DenseBase_LinSpaced_seq_deprecated.cpp
    │   │   │   ├── DenseBase_setLinSpaced.cpp
    │   │   │   ├── DirectionWise_hnormalized.cpp
    │   │   │   ├── DirectionWise_replicate.cpp
    │   │   │   ├── DirectionWise_replicate_int.cpp
    │   │   │   ├── EigenSolver_EigenSolver_MatrixType.cpp
    │   │   │   ├── EigenSolver_compute.cpp
    │   │   │   ├── EigenSolver_eigenvalues.cpp
    │   │   │   ├── EigenSolver_eigenvectors.cpp
    │   │   │   ├── EigenSolver_pseudoEigenvectors.cpp
    │   │   │   ├── FullPivHouseholderQR_solve.cpp
    │   │   │   ├── FullPivLU_image.cpp
    │   │   │   ├── FullPivLU_kernel.cpp
    │   │   │   ├── FullPivLU_solve.cpp
    │   │   │   ├── GeneralizedEigenSolver.cpp
    │   │   │   ├── HessenbergDecomposition_compute.cpp
    │   │   │   ├── HessenbergDecomposition_matrixH.cpp
    │   │   │   ├── HessenbergDecomposition_packedMatrix.cpp
    │   │   │   ├── HouseholderQR_householderQ.cpp
    │   │   │   ├── HouseholderQR_solve.cpp
    │   │   │   ├── HouseholderSequence_HouseholderSequence.cpp
    │   │   │   ├── IOFormat.cpp
    │   │   │   ├── JacobiSVD_basic.cpp
    │   │   │   ├── Jacobi_makeGivens.cpp
    │   │   │   ├── Jacobi_makeJacobi.cpp
    │   │   │   ├── LLT_example.cpp
    │   │   │   ├── LLT_solve.cpp
    │   │   │   ├── LeastSquaresNormalEquations.cpp
    │   │   │   ├── LeastSquaresQR.cpp
    │   │   │   ├── Map_general_stride.cpp
    │   │   │   ├── Map_inner_stride.cpp
    │   │   │   ├── Map_outer_stride.cpp
    │   │   │   ├── Map_placement_new.cpp
    │   │   │   ├── Map_simple.cpp
    │   │   │   ├── MatrixBase_adjoint.cpp
    │   │   │   ├── MatrixBase_all.cpp
    │   │   │   ├── MatrixBase_applyOnTheLeft.cpp
    │   │   │   ├── MatrixBase_applyOnTheRight.cpp
    │   │   │   ├── MatrixBase_array.cpp
    │   │   │   ├── MatrixBase_array_const.cpp
    │   │   │   ├── MatrixBase_asDiagonal.cpp
    │   │   │   ├── MatrixBase_block_int_int.cpp
    │   │   │   ├── MatrixBase_block_int_int_int_int.cpp
    │   │   │   ├── MatrixBase_bottomLeftCorner_int_int.cpp
    │   │   │   ├── MatrixBase_bottomRightCorner_int_int.cpp
    │   │   │   ├── MatrixBase_bottomRows_int.cpp
    │   │   │   ├── MatrixBase_cast.cpp
    │   │   │   ├── MatrixBase_col.cpp
    │   │   │   ├── MatrixBase_colwise.cpp
    │   │   │   ├── MatrixBase_colwise_iterator_cxx11.cpp
    │   │   │   ├── MatrixBase_computeInverseAndDetWithCheck.cpp
    │   │   │   ├── MatrixBase_computeInverseWithCheck.cpp
    │   │   │   ├── MatrixBase_cwiseAbs.cpp
    │   │   │   ├── MatrixBase_cwiseAbs2.cpp
    │   │   │   ├── MatrixBase_cwiseArg.cpp
    │   │   │   ├── MatrixBase_cwiseEqual.cpp
    │   │   │   ├── MatrixBase_cwiseInverse.cpp
    │   │   │   ├── MatrixBase_cwiseMax.cpp
    │   │   │   ├── MatrixBase_cwiseMin.cpp
    │   │   │   ├── MatrixBase_cwiseNotEqual.cpp
    │   │   │   ├── MatrixBase_cwiseProduct.cpp
    │   │   │   ├── MatrixBase_cwiseQuotient.cpp
    │   │   │   ├── MatrixBase_cwiseSign.cpp
    │   │   │   ├── MatrixBase_cwiseSqrt.cpp
    │   │   │   ├── MatrixBase_diagonal.cpp
    │   │   │   ├── MatrixBase_diagonal_int.cpp
    │   │   │   ├── MatrixBase_diagonal_template_int.cpp
    │   │   │   ├── MatrixBase_eigenvalues.cpp
    │   │   │   ├── MatrixBase_end_int.cpp
    │   │   │   ├── MatrixBase_eval.cpp
    │   │   │   ├── MatrixBase_fixedBlock_int_int.cpp
    │   │   │   ├── MatrixBase_hnormalized.cpp
    │   │   │   ├── MatrixBase_homogeneous.cpp
    │   │   │   ├── MatrixBase_identity.cpp
    │   │   │   ├── MatrixBase_identity_int_int.cpp
    │   │   │   ├── MatrixBase_inverse.cpp
    │   │   │   ├── MatrixBase_isDiagonal.cpp
    │   │   │   ├── MatrixBase_isIdentity.cpp
    │   │   │   ├── MatrixBase_isOnes.cpp
    │   │   │   ├── MatrixBase_isOrthogonal.cpp
    │   │   │   ├── MatrixBase_isUnitary.cpp
    │   │   │   ├── MatrixBase_isZero.cpp
    │   │   │   ├── MatrixBase_leftCols_int.cpp
    │   │   │   ├── MatrixBase_noalias.cpp
    │   │   │   ├── MatrixBase_ones.cpp
    │   │   │   ├── MatrixBase_ones_int.cpp
    │   │   │   ├── MatrixBase_ones_int_int.cpp
    │   │   │   ├── MatrixBase_operatorNorm.cpp
    │   │   │   ├── MatrixBase_prod.cpp
    │   │   │   ├── MatrixBase_random.cpp
    │   │   │   ├── MatrixBase_random_int.cpp
    │   │   │   ├── MatrixBase_random_int_int.cpp
    │   │   │   ├── MatrixBase_replicate.cpp
    │   │   │   ├── MatrixBase_replicate_int_int.cpp
    │   │   │   ├── MatrixBase_reshaped_auto.cpp
    │   │   │   ├── MatrixBase_reshaped_fixed.cpp
    │   │   │   ├── MatrixBase_reshaped_int_int.cpp
    │   │   │   ├── MatrixBase_reshaped_to_vector.cpp
    │   │   │   ├── MatrixBase_reverse.cpp
    │   │   │   ├── MatrixBase_rightCols_int.cpp
    │   │   │   ├── MatrixBase_row.cpp
    │   │   │   ├── MatrixBase_rowwise.cpp
    │   │   │   ├── MatrixBase_segment_int_int.cpp
    │   │   │   ├── MatrixBase_select.cpp
    │   │   │   ├── MatrixBase_selfadjointView.cpp
    │   │   │   ├── MatrixBase_set.cpp
    │   │   │   ├── MatrixBase_setIdentity.cpp
    │   │   │   ├── MatrixBase_setOnes.cpp
    │   │   │   ├── MatrixBase_setRandom.cpp
    │   │   │   ├── MatrixBase_setZero.cpp
    │   │   │   ├── MatrixBase_start_int.cpp
    │   │   │   ├── MatrixBase_template_int_bottomRows.cpp
    │   │   │   ├── MatrixBase_template_int_end.cpp
    │   │   │   ├── MatrixBase_template_int_int_block_int_int_int_int.cpp
    │   │   │   ├── MatrixBase_template_int_int_bottomLeftCorner.cpp
    │   │   │   ├── MatrixBase_template_int_int_bottomLeftCorner_int_int.cpp
    │   │   │   ├── MatrixBase_template_int_int_bottomRightCorner.cpp
    │   │   │   ├── MatrixBase_template_int_int_bottomRightCorner_int_int.cpp
    │   │   │   ├── MatrixBase_template_int_int_topLeftCorner.cpp
    │   │   │   ├── MatrixBase_template_int_int_topLeftCorner_int_int.cpp
    │   │   │   ├── MatrixBase_template_int_int_topRightCorner.cpp
    │   │   │   ├── MatrixBase_template_int_int_topRightCorner_int_int.cpp
    │   │   │   ├── MatrixBase_template_int_leftCols.cpp
    │   │   │   ├── MatrixBase_template_int_rightCols.cpp
    │   │   │   ├── MatrixBase_template_int_segment.cpp
    │   │   │   ├── MatrixBase_template_int_start.cpp
    │   │   │   ├── MatrixBase_template_int_topRows.cpp
    │   │   │   ├── MatrixBase_topLeftCorner_int_int.cpp
    │   │   │   ├── MatrixBase_topRightCorner_int_int.cpp
    │   │   │   ├── MatrixBase_topRows_int.cpp
    │   │   │   ├── MatrixBase_transpose.cpp
    │   │   │   ├── MatrixBase_triangularView.cpp
    │   │   │   ├── MatrixBase_zero.cpp
    │   │   │   ├── MatrixBase_zero_int.cpp
    │   │   │   ├── MatrixBase_zero_int_int.cpp
    │   │   │   ├── Matrix_Map_stride.cpp
    │   │   │   ├── Matrix_initializer_list_23_cxx11.cpp
    │   │   │   ├── Matrix_initializer_list_vector_cxx11.cpp
    │   │   │   ├── Matrix_resize_NoChange_int.cpp
    │   │   │   ├── Matrix_resize_int.cpp
    │   │   │   ├── Matrix_resize_int_NoChange.cpp
    │   │   │   ├── Matrix_resize_int_int.cpp
    │   │   │   ├── Matrix_setConstant_int.cpp
    │   │   │   ├── Matrix_setConstant_int_int.cpp
    │   │   │   ├── Matrix_setIdentity_int_int.cpp
    │   │   │   ├── Matrix_setOnes_int.cpp
    │   │   │   ├── Matrix_setOnes_int_int.cpp
    │   │   │   ├── Matrix_setRandom_int.cpp
    │   │   │   ├── Matrix_setRandom_int_int.cpp
    │   │   │   ├── Matrix_setZero_int.cpp
    │   │   │   ├── Matrix_setZero_int_int.cpp
    │   │   │   ├── Matrix_variadic_ctor_cxx11.cpp
    │   │   │   ├── PartialPivLU_solve.cpp
    │   │   │   ├── PartialRedux_count.cpp
    │   │   │   ├── PartialRedux_maxCoeff.cpp
    │   │   │   ├── PartialRedux_minCoeff.cpp
    │   │   │   ├── PartialRedux_norm.cpp
    │   │   │   ├── PartialRedux_prod.cpp
    │   │   │   ├── PartialRedux_squaredNorm.cpp
    │   │   │   ├── PartialRedux_sum.cpp
    │   │   │   ├── RealQZ_compute.cpp
    │   │   │   ├── RealSchur_RealSchur_MatrixType.cpp
    │   │   │   ├── RealSchur_compute.cpp
    │   │   │   ├── SelfAdjointEigenSolver_SelfAdjointEigenSolver.cpp
    │   │   │   ├── SelfAdjointEigenSolver_SelfAdjointEigenSolver_MatrixType.cpp
    │   │   │   ├── SelfAdjointEigenSolver_SelfAdjointEigenSolver_MatrixType2.cpp
    │   │   │   ├── SelfAdjointEigenSolver_compute_MatrixType.cpp
    │   │   │   ├── SelfAdjointEigenSolver_compute_MatrixType2.cpp
    │   │   │   ├── SelfAdjointEigenSolver_eigenvalues.cpp
    │   │   │   ├── SelfAdjointEigenSolver_eigenvectors.cpp
    │   │   │   ├── SelfAdjointEigenSolver_operatorInverseSqrt.cpp
    │   │   │   ├── SelfAdjointEigenSolver_operatorSqrt.cpp
    │   │   │   ├── SelfAdjointView_eigenvalues.cpp
    │   │   │   ├── SelfAdjointView_operatorNorm.cpp
    │   │   │   ├── Slicing_arrayexpr.cpp
    │   │   │   ├── Slicing_custom_padding_cxx11.cpp
    │   │   │   ├── Slicing_rawarray_cxx11.cpp
    │   │   │   ├── Slicing_stdvector_cxx11.cpp
    │   │   │   ├── SparseMatrix_coeffs.cpp
    │   │   │   ├── TopicAliasing_block.cpp
    │   │   │   ├── TopicAliasing_block_correct.cpp
    │   │   │   ├── TopicAliasing_cwise.cpp
    │   │   │   ├── TopicAliasing_mult1.cpp
    │   │   │   ├── TopicAliasing_mult2.cpp
    │   │   │   ├── TopicAliasing_mult3.cpp
    │   │   │   ├── TopicAliasing_mult4.cpp
    │   │   │   ├── TopicAliasing_mult5.cpp
    │   │   │   ├── TopicStorageOrders_example.cpp
    │   │   │   ├── Triangular_solve.cpp
    │   │   │   ├── Tridiagonalization_Tridiagonalization_MatrixType.cpp
    │   │   │   ├── Tridiagonalization_compute.cpp
    │   │   │   ├── Tridiagonalization_decomposeInPlace.cpp
    │   │   │   ├── Tridiagonalization_diagonal.cpp
    │   │   │   ├── Tridiagonalization_householderCoefficients.cpp
    │   │   │   ├── Tridiagonalization_packedMatrix.cpp
    │   │   │   ├── Tutorial_AdvancedInitialization_Block.cpp
    │   │   │   ├── Tutorial_AdvancedInitialization_CommaTemporary.cpp
    │   │   │   ├── Tutorial_AdvancedInitialization_Join.cpp
    │   │   │   ├── Tutorial_AdvancedInitialization_LinSpaced.cpp
    │   │   │   ├── Tutorial_AdvancedInitialization_ThreeWays.cpp
    │   │   │   ├── Tutorial_AdvancedInitialization_Zero.cpp
    │   │   │   ├── Tutorial_Map_rowmajor.cpp
    │   │   │   ├── Tutorial_Map_using.cpp
    │   │   │   ├── Tutorial_ReshapeMat2Mat.cpp
    │   │   │   ├── Tutorial_ReshapeMat2Vec.cpp
    │   │   │   ├── Tutorial_SlicingCol.cpp
    │   │   │   ├── Tutorial_SlicingVec.cpp
    │   │   │   ├── Tutorial_commainit_01.cpp
    │   │   │   ├── Tutorial_commainit_01b.cpp
    │   │   │   ├── Tutorial_commainit_02.cpp
    │   │   │   ├── Tutorial_range_for_loop_1d_cxx11.cpp
    │   │   │   ├── Tutorial_range_for_loop_2d_cxx11.cpp
    │   │   │   ├── Tutorial_reshaped_vs_resize_1.cpp
    │   │   │   ├── Tutorial_reshaped_vs_resize_2.cpp
    │   │   │   ├── Tutorial_solve_matrix_inverse.cpp
    │   │   │   ├── Tutorial_solve_multiple_rhs.cpp
    │   │   │   ├── Tutorial_solve_reuse_decomposition.cpp
    │   │   │   ├── Tutorial_solve_singular.cpp
    │   │   │   ├── Tutorial_solve_triangular.cpp
    │   │   │   ├── Tutorial_solve_triangular_inplace.cpp
    │   │   │   ├── Tutorial_std_sort.cpp
    │   │   │   ├── Tutorial_std_sort_rows_cxx11.cpp
    │   │   │   ├── VectorwiseOp_homogeneous.cpp
    │   │   │   ├── Vectorwise_reverse.cpp
    │   │   │   ├── class_FullPivLU.cpp
    │   │   │   ├── compile_snippet.cpp.in
    │   │   │   ├── tut_arithmetic_redux_minmax.cpp
    │   │   │   ├── tut_arithmetic_transpose_aliasing.cpp
    │   │   │   ├── tut_arithmetic_transpose_conjugate.cpp
    │   │   │   ├── tut_arithmetic_transpose_inplace.cpp
    │   │   │   └── tut_matrix_assignment_resizing.cpp
    │   │   ├── special_examples
    │   │   │   ├── CMakeLists.txt
    │   │   │   ├── Tutorial_sparse_example.cpp
    │   │   │   ├── Tutorial_sparse_example_details.cpp
    │   │   │   └── random_cpp11.cpp
    │   │   └── tutorial.cpp
    │   ├── eigen3.pc.in
    │   ├── failtest
    │   │   ├── CMakeLists.txt
    │   │   ├── bdcsvd_int.cpp
    │   │   ├── block_nonconst_ctor_on_const_xpr_0.cpp
    │   │   ├── block_nonconst_ctor_on_const_xpr_1.cpp
    │   │   ├── block_nonconst_ctor_on_const_xpr_2.cpp
    │   │   ├── block_on_const_type_actually_const_0.cpp
    │   │   ├── block_on_const_type_actually_const_1.cpp
    │   │   ├── colpivqr_int.cpp
    │   │   ├── const_qualified_block_method_retval_0.cpp
    │   │   ├── const_qualified_block_method_retval_1.cpp
    │   │   ├── const_qualified_diagonal_method_retval.cpp
    │   │   ├── const_qualified_transpose_method_retval.cpp
    │   │   ├── cwiseunaryview_nonconst_ctor_on_const_xpr.cpp
    │   │   ├── cwiseunaryview_on_const_type_actually_const.cpp
    │   │   ├── diagonal_nonconst_ctor_on_const_xpr.cpp
    │   │   ├── diagonal_on_const_type_actually_const.cpp
    │   │   ├── eigensolver_cplx.cpp
    │   │   ├── eigensolver_int.cpp
    │   │   ├── failtest_sanity_check.cpp
    │   │   ├── fullpivlu_int.cpp
    │   │   ├── fullpivqr_int.cpp
    │   │   ├── initializer_list_1.cpp
    │   │   ├── initializer_list_2.cpp
    │   │   ├── jacobisvd_int.cpp
    │   │   ├── ldlt_int.cpp
    │   │   ├── llt_int.cpp
    │   │   ├── map_nonconst_ctor_on_const_ptr_0.cpp
    │   │   ├── map_nonconst_ctor_on_const_ptr_1.cpp
    │   │   ├── map_nonconst_ctor_on_const_ptr_2.cpp
    │   │   ├── map_nonconst_ctor_on_const_ptr_3.cpp
    │   │   ├── map_nonconst_ctor_on_const_ptr_4.cpp
    │   │   ├── map_on_const_type_actually_const_0.cpp
    │   │   ├── map_on_const_type_actually_const_1.cpp
    │   │   ├── partialpivlu_int.cpp
    │   │   ├── qr_int.cpp
    │   │   ├── ref_1.cpp
    │   │   ├── ref_2.cpp
    │   │   ├── ref_3.cpp
    │   │   ├── ref_4.cpp
    │   │   ├── ref_5.cpp
    │   │   ├── selfadjointview_nonconst_ctor_on_const_xpr.cpp
    │   │   ├── selfadjointview_on_const_type_actually_const.cpp
    │   │   ├── sparse_ref_1.cpp
    │   │   ├── sparse_ref_2.cpp
    │   │   ├── sparse_ref_3.cpp
    │   │   ├── sparse_ref_4.cpp
    │   │   ├── sparse_ref_5.cpp
    │   │   ├── sparse_storage_mismatch.cpp
    │   │   ├── swap_1.cpp
    │   │   ├── swap_2.cpp
    │   │   ├── ternary_1.cpp
    │   │   ├── ternary_2.cpp
    │   │   ├── transpose_nonconst_ctor_on_const_xpr.cpp
    │   │   ├── transpose_on_const_type_actually_const.cpp
    │   │   ├── triangularview_nonconst_ctor_on_const_xpr.cpp
    │   │   └── triangularview_on_const_type_actually_const.cpp
    │   ├── lapack
    │   │   ├── CMakeLists.txt
    │   │   ├── cholesky.cpp
    │   │   ├── clacgv.f
    │   │   ├── cladiv.f
    │   │   ├── clarf.f
    │   │   ├── clarfb.f
    │   │   ├── clarfg.f
    │   │   ├── clarft.f
    │   │   ├── complex_double.cpp
    │   │   ├── complex_single.cpp
    │   │   ├── dladiv.f
    │   │   ├── dlamch.f
    │   │   ├── dlapy2.f
    │   │   ├── dlapy3.f
    │   │   ├── dlarf.f
    │   │   ├── dlarfb.f
    │   │   ├── dlarfg.f
    │   │   ├── dlarft.f
    │   │   ├── double.cpp
    │   │   ├── dsecnd_NONE.f
    │   │   ├── eigenvalues.cpp
    │   │   ├── ilaclc.f
    │   │   ├── ilaclr.f
    │   │   ├── iladlc.f
    │   │   ├── iladlr.f
    │   │   ├── ilaslc.f
    │   │   ├── ilaslr.f
    │   │   ├── ilazlc.f
    │   │   ├── ilazlr.f
    │   │   ├── lapack_common.h
    │   │   ├── lu.cpp
    │   │   ├── second_NONE.f
    │   │   ├── single.cpp
    │   │   ├── sladiv.f
    │   │   ├── slamch.f
    │   │   ├── slapy2.f
    │   │   ├── slapy3.f
    │   │   ├── slarf.f
    │   │   ├── slarfb.f
    │   │   ├── slarfg.f
    │   │   ├── slarft.f
    │   │   ├── svd.cpp
    │   │   ├── zlacgv.f
    │   │   ├── zladiv.f
    │   │   ├── zlarf.f
    │   │   ├── zlarfb.f
    │   │   ├── zlarfg.f
    │   │   └── zlarft.f
    │   ├── scripts
    │   │   ├── CMakeLists.txt
    │   │   ├── buildtests.in
    │   │   ├── cdashtesting.cmake.in
    │   │   ├── check.in
    │   │   ├── debug.in
    │   │   ├── eigen_gen_credits.cpp
    │   │   ├── eigen_gen_docs
    │   │   ├── eigen_gen_split_test_help.cmake
    │   │   ├── eigen_monitor_perf.sh
    │   │   ├── release.in
    │   │   └── relicense.py
    │   ├── signature_of_eigen3_matrix_library
    │   ├── test
    │   │   ├── AnnoyingScalar.h
    │   │   ├── CMakeLists.txt
    │   │   ├── MovableScalar.h
    │   │   ├── SafeScalar.h
    │   │   ├── adjoint.cpp
    │   │   ├── array_cwise.cpp
    │   │   ├── array_for_matrix.cpp
    │   │   ├── array_of_string.cpp
    │   │   ├── array_replicate.cpp
    │   │   ├── array_reverse.cpp
    │   │   ├── bandmatrix.cpp
    │   │   ├── basicstuff.cpp
    │   │   ├── bdcsvd.cpp
    │   │   ├── bfloat16_float.cpp
    │   │   ├── bicgstab.cpp
    │   │   ├── blasutil.cpp
    │   │   ├── block.cpp
    │   │   ├── boostmultiprec.cpp
    │   │   ├── bug1213.cpp
    │   │   ├── bug1213.h
    │   │   ├── bug1213_main.cpp
    │   │   ├── cholesky.cpp
    │   │   ├── cholmod_support.cpp
    │   │   ├── commainitializer.cpp
    │   │   ├── conjugate_gradient.cpp
    │   │   ├── conservative_resize.cpp
    │   │   ├── constructor.cpp
    │   │   ├── corners.cpp
    │   │   ├── ctorleak.cpp
    │   │   ├── denseLM.cpp
    │   │   ├── dense_storage.cpp
    │   │   ├── determinant.cpp
    │   │   ├── diagonal.cpp
    │   │   ├── diagonal_matrix_variadic_ctor.cpp
    │   │   ├── diagonalmatrices.cpp
    │   │   ├── dontalign.cpp
    │   │   ├── dynalloc.cpp
    │   │   ├── eigen2support.cpp
    │   │   ├── eigensolver_complex.cpp
    │   │   ├── eigensolver_generalized_real.cpp
    │   │   ├── eigensolver_generic.cpp
    │   │   ├── eigensolver_selfadjoint.cpp
    │   │   ├── evaluator_common.h
    │   │   ├── evaluators.cpp
    │   │   ├── exceptions.cpp
    │   │   ├── fastmath.cpp
    │   │   ├── first_aligned.cpp
    │   │   ├── geo_alignedbox.cpp
    │   │   ├── geo_eulerangles.cpp
    │   │   ├── geo_homogeneous.cpp
    │   │   ├── geo_hyperplane.cpp
    │   │   ├── geo_orthomethods.cpp
    │   │   ├── geo_parametrizedline.cpp
    │   │   ├── geo_quaternion.cpp
    │   │   ├── geo_transformations.cpp
    │   │   ├── gpu_basic.cu
    │   │   ├── gpu_common.h
    │   │   ├── half_float.cpp
    │   │   ├── hessenberg.cpp
    │   │   ├── householder.cpp
    │   │   ├── incomplete_cholesky.cpp
    │   │   ├── indexed_view.cpp
    │   │   ├── initializer_list_construction.cpp
    │   │   ├── inplace_decomposition.cpp
    │   │   ├── integer_types.cpp
    │   │   ├── inverse.cpp
    │   │   ├── io.cpp
    │   │   ├── is_same_dense.cpp
    │   │   ├── jacobi.cpp
    │   │   ├── jacobisvd.cpp
    │   │   ├── klu_support.cpp
    │   │   ├── linearstructure.cpp
    │   │   ├── lscg.cpp
    │   │   ├── lu.cpp
    │   │   ├── main.h
    │   │   ├── mapped_matrix.cpp
    │   │   ├── mapstaticmethods.cpp
    │   │   ├── mapstride.cpp
    │   │   ├── meta.cpp
    │   │   ├── metis_support.cpp
    │   │   ├── miscmatrices.cpp
    │   │   ├── mixingtypes.cpp
    │   │   ├── mpl2only.cpp
    │   │   ├── nestbyvalue.cpp
    │   │   ├── nesting_ops.cpp
    │   │   ├── nomalloc.cpp
    │   │   ├── nullary.cpp
    │   │   ├── num_dimensions.cpp
    │   │   ├── numext.cpp
    │   │   ├── packetmath.cpp
    │   │   ├── packetmath_test_shared.h
    │   │   ├── pardiso_support.cpp
    │   │   ├── pastix_support.cpp
    │   │   ├── permutationmatrices.cpp
    │   │   ├── prec_inverse_4x4.cpp
    │   │   ├── product.h
    │   │   ├── product_extra.cpp
    │   │   ├── product_large.cpp
    │   │   ├── product_mmtr.cpp
    │   │   ├── product_notemporary.cpp
    │   │   ├── product_selfadjoint.cpp
    │   │   ├── product_small.cpp
    │   │   ├── product_symm.cpp
    │   │   ├── product_syrk.cpp
    │   │   ├── product_trmm.cpp
    │   │   ├── product_trmv.cpp
    │   │   ├── product_trsolve.cpp
    │   │   ├── qr.cpp
    │   │   ├── qr_colpivoting.cpp
    │   │   ├── qr_fullpivoting.cpp
    │   │   ├── qtvector.cpp
    │   │   ├── rand.cpp
    │   │   ├── random_without_cast_overflow.h
    │   │   ├── real_qz.cpp
    │   │   ├── redux.cpp
    │   │   ├── ref.cpp
    │   │   ├── reshape.cpp
    │   │   ├── resize.cpp
    │   │   ├── rvalue_types.cpp
    │   │   ├── schur_complex.cpp
    │   │   ├── schur_real.cpp
    │   │   ├── selfadjoint.cpp
    │   │   ├── simplicial_cholesky.cpp
    │   │   ├── sizeof.cpp
    │   │   ├── sizeoverflow.cpp
    │   │   ├── smallvectors.cpp
    │   │   ├── solverbase.h
    │   │   ├── sparse.h
    │   │   ├── sparseLM.cpp
    │   │   ├── sparse_basic.cpp
    │   │   ├── sparse_block.cpp
    │   │   ├── sparse_permutations.cpp
    │   │   ├── sparse_product.cpp
    │   │   ├── sparse_ref.cpp
    │   │   ├── sparse_solver.h
    │   │   ├── sparse_solvers.cpp
    │   │   ├── sparse_vector.cpp
    │   │   ├── sparselu.cpp
    │   │   ├── sparseqr.cpp
    │   │   ├── special_numbers.cpp
    │   │   ├── split_test_helper.h
    │   │   ├── spqr_support.cpp
    │   │   ├── stable_norm.cpp
    │   │   ├── stddeque.cpp
    │   │   ├── stddeque_overload.cpp
    │   │   ├── stdlist.cpp
    │   │   ├── stdlist_overload.cpp
    │   │   ├── stdvector.cpp
    │   │   ├── stdvector_overload.cpp
    │   │   ├── stl_iterators.cpp
    │   │   ├── superlu_support.cpp
    │   │   ├── svd_common.h
    │   │   ├── svd_fill.h
    │   │   ├── swap.cpp
    │   │   ├── symbolic_index.cpp
    │   │   ├── triangular.cpp
    │   │   ├── type_alias.cpp
    │   │   ├── umeyama.cpp
    │   │   ├── umfpack_support.cpp
    │   │   ├── unalignedcount.cpp
    │   │   ├── upperbidiagonalization.cpp
    │   │   ├── vectorization_logic.cpp
    │   │   ├── vectorwiseop.cpp
    │   │   ├── visitor.cpp
    │   │   └── zerosized.cpp
    │   └── unsupported
    │       ├── CMakeLists.txt
    │       ├── Eigen
    │       │   ├── AdolcForward
    │       │   ├── AlignedVector3
    │       │   ├── ArpackSupport
    │       │   ├── AutoDiff
    │       │   ├── BVH
    │       │   ├── CMakeLists.txt
    │       │   ├── CXX11
    │       │   │   ├── CMakeLists.txt
    │       │   │   ├── Tensor
    │       │   │   ├── TensorSymmetry
    │       │   │   ├── ThreadPool
    │       │   │   └── src
    │       │   │       ├── Tensor
    │       │   │       │   ├── README.md
    │       │   │       │   ├── Tensor.h
    │       │   │       │   ├── TensorArgMax.h
    │       │   │       │   ├── TensorAssign.h
    │       │   │       │   ├── TensorBase.h
    │       │   │       │   ├── TensorBlock.h
    │       │   │       │   ├── TensorBroadcasting.h
    │       │   │       │   ├── TensorChipping.h
    │       │   │       │   ├── TensorConcatenation.h
    │       │   │       │   ├── TensorContraction.h
    │       │   │       │   ├── TensorContractionBlocking.h
    │       │   │       │   ├── TensorContractionCuda.h
    │       │   │       │   ├── TensorContractionGpu.h
    │       │   │       │   ├── TensorContractionMapper.h
    │       │   │       │   ├── TensorContractionSycl.h
    │       │   │       │   ├── TensorContractionThreadPool.h
    │       │   │       │   ├── TensorConversion.h
    │       │   │       │   ├── TensorConvolution.h
    │       │   │       │   ├── TensorConvolutionSycl.h
    │       │   │       │   ├── TensorCostModel.h
    │       │   │       │   ├── TensorCustomOp.h
    │       │   │       │   ├── TensorDevice.h
    │       │   │       │   ├── TensorDeviceCuda.h
    │       │   │       │   ├── TensorDeviceDefault.h
    │       │   │       │   ├── TensorDeviceGpu.h
    │       │   │       │   ├── TensorDeviceSycl.h
    │       │   │       │   ├── TensorDeviceThreadPool.h
    │       │   │       │   ├── TensorDimensionList.h
    │       │   │       │   ├── TensorDimensions.h
    │       │   │       │   ├── TensorEvalTo.h
    │       │   │       │   ├── TensorEvaluator.h
    │       │   │       │   ├── TensorExecutor.h
    │       │   │       │   ├── TensorExpr.h
    │       │   │       │   ├── TensorFFT.h
    │       │   │       │   ├── TensorFixedSize.h
    │       │   │       │   ├── TensorForcedEval.h
    │       │   │       │   ├── TensorForwardDeclarations.h
    │       │   │       │   ├── TensorFunctors.h
    │       │   │       │   ├── TensorGenerator.h
    │       │   │       │   ├── TensorGlobalFunctions.h
    │       │   │       │   ├── TensorGpuHipCudaDefines.h
    │       │   │       │   ├── TensorGpuHipCudaUndefines.h
    │       │   │       │   ├── TensorIO.h
    │       │   │       │   ├── TensorImagePatch.h
    │       │   │       │   ├── TensorIndexList.h
    │       │   │       │   ├── TensorInflation.h
    │       │   │       │   ├── TensorInitializer.h
    │       │   │       │   ├── TensorIntDiv.h
    │       │   │       │   ├── TensorLayoutSwap.h
    │       │   │       │   ├── TensorMacros.h
    │       │   │       │   ├── TensorMap.h
    │       │   │       │   ├── TensorMeta.h
    │       │   │       │   ├── TensorMorphing.h
    │       │   │       │   ├── TensorPadding.h
    │       │   │       │   ├── TensorPatch.h
    │       │   │       │   ├── TensorRandom.h
    │       │   │       │   ├── TensorReduction.h
    │       │   │       │   ├── TensorReductionCuda.h
    │       │   │       │   ├── TensorReductionGpu.h
    │       │   │       │   ├── TensorReductionSycl.h
    │       │   │       │   ├── TensorRef.h
    │       │   │       │   ├── TensorReverse.h
    │       │   │       │   ├── TensorScan.h
    │       │   │       │   ├── TensorScanSycl.h
    │       │   │       │   ├── TensorShuffling.h
    │       │   │       │   ├── TensorStorage.h
    │       │   │       │   ├── TensorStriding.h
    │       │   │       │   ├── TensorTrace.h
    │       │   │       │   ├── TensorTraits.h
    │       │   │       │   ├── TensorUInt128.h
    │       │   │       │   └── TensorVolumePatch.h
    │       │   │       ├── TensorSymmetry
    │       │   │       │   ├── DynamicSymmetry.h
    │       │   │       │   ├── StaticSymmetry.h
    │       │   │       │   ├── Symmetry.h
    │       │   │       │   └── util
    │       │   │       │       └── TemplateGroupTheory.h
    │       │   │       ├── ThreadPool
    │       │   │       │   ├── Barrier.h
    │       │   │       │   ├── EventCount.h
    │       │   │       │   ├── NonBlockingThreadPool.h
    │       │   │       │   ├── RunQueue.h
    │       │   │       │   ├── ThreadCancel.h
    │       │   │       │   ├── ThreadEnvironment.h
    │       │   │       │   ├── ThreadLocal.h
    │       │   │       │   ├── ThreadPoolInterface.h
    │       │   │       │   └── ThreadYield.h
    │       │   │       └── util
    │       │   │           ├── CXX11Meta.h
    │       │   │           ├── CXX11Workarounds.h
    │       │   │           ├── EmulateArray.h
    │       │   │           └── MaxSizeVector.h
    │       │   ├── EulerAngles
    │       │   ├── FFT
    │       │   ├── IterativeSolvers
    │       │   ├── KroneckerProduct
    │       │   ├── LevenbergMarquardt
    │       │   ├── MPRealSupport
    │       │   ├── MatrixFunctions
    │       │   ├── MoreVectorization
    │       │   ├── NonLinearOptimization
    │       │   ├── NumericalDiff
    │       │   ├── OpenGLSupport
    │       │   ├── Polynomials
    │       │   ├── Skyline
    │       │   ├── SparseExtra
    │       │   ├── SpecialFunctions
    │       │   ├── Splines
    │       │   └── src
    │       │       ├── AutoDiff
    │       │       │   ├── AutoDiffJacobian.h
    │       │       │   ├── AutoDiffScalar.h
    │       │       │   └── AutoDiffVector.h
    │       │       ├── BVH
    │       │       │   ├── BVAlgorithms.h
    │       │       │   └── KdBVH.h
    │       │       ├── Eigenvalues
    │       │       │   └── ArpackSelfAdjointEigenSolver.h
    │       │       ├── EulerAngles
    │       │       │   ├── CMakeLists.txt
    │       │       │   ├── EulerAngles.h
    │       │       │   └── EulerSystem.h
    │       │       ├── FFT
    │       │       │   ├── ei_fftw_impl.h
    │       │       │   └── ei_kissfft_impl.h
    │       │       ├── IterativeSolvers
    │       │       │   ├── ConstrainedConjGrad.h
    │       │       │   ├── DGMRES.h
    │       │       │   ├── GMRES.h
    │       │       │   ├── IDRS.h
    │       │       │   ├── IncompleteLU.h
    │       │       │   ├── IterationController.h
    │       │       │   ├── MINRES.h
    │       │       │   └── Scaling.h
    │       │       ├── KroneckerProduct
    │       │       │   └── KroneckerTensorProduct.h
    │       │       ├── LevenbergMarquardt
    │       │       │   ├── CopyrightMINPACK.txt
    │       │       │   ├── LMcovar.h
    │       │       │   ├── LMonestep.h
    │       │       │   ├── LMpar.h
    │       │       │   ├── LMqrsolv.h
    │       │       │   └── LevenbergMarquardt.h
    │       │       ├── MatrixFunctions
    │       │       │   ├── MatrixExponential.h
    │       │       │   ├── MatrixFunction.h
    │       │       │   ├── MatrixLogarithm.h
    │       │       │   ├── MatrixPower.h
    │       │       │   ├── MatrixSquareRoot.h
    │       │       │   └── StemFunction.h
    │       │       ├── MoreVectorization
    │       │       │   └── MathFunctions.h
    │       │       ├── NonLinearOptimization
    │       │       │   ├── HybridNonLinearSolver.h
    │       │       │   ├── LevenbergMarquardt.h
    │       │       │   ├── chkder.h
    │       │       │   ├── covar.h
    │       │       │   ├── dogleg.h
    │       │       │   ├── fdjac1.h
    │       │       │   ├── lmpar.h
    │       │       │   ├── qrsolv.h
    │       │       │   ├── r1mpyq.h
    │       │       │   ├── r1updt.h
    │       │       │   └── rwupdt.h
    │       │       ├── NumericalDiff
    │       │       │   └── NumericalDiff.h
    │       │       ├── Polynomials
    │       │       │   ├── Companion.h
    │       │       │   ├── PolynomialSolver.h
    │       │       │   └── PolynomialUtils.h
    │       │       ├── Skyline
    │       │       │   ├── SkylineInplaceLU.h
    │       │       │   ├── SkylineMatrix.h
    │       │       │   ├── SkylineMatrixBase.h
    │       │       │   ├── SkylineProduct.h
    │       │       │   ├── SkylineStorage.h
    │       │       │   └── SkylineUtil.h
    │       │       ├── SparseExtra
    │       │       │   ├── BlockOfDynamicSparseMatrix.h
    │       │       │   ├── BlockSparseMatrix.h
    │       │       │   ├── DynamicSparseMatrix.h
    │       │       │   ├── MarketIO.h
    │       │       │   ├── MatrixMarketIterator.h
    │       │       │   └── RandomSetter.h
    │       │       ├── SpecialFunctions
    │       │       │   ├── BesselFunctionsArrayAPI.h
    │       │       │   ├── BesselFunctionsBFloat16.h
    │       │       │   ├── BesselFunctionsFunctors.h
    │       │       │   ├── BesselFunctionsHalf.h
    │       │       │   ├── BesselFunctionsImpl.h
    │       │       │   ├── BesselFunctionsPacketMath.h
    │       │       │   ├── HipVectorCompatibility.h
    │       │       │   ├── SpecialFunctionsArrayAPI.h
    │       │       │   ├── SpecialFunctionsBFloat16.h
    │       │       │   ├── SpecialFunctionsFunctors.h
    │       │       │   ├── SpecialFunctionsHalf.h
    │       │       │   ├── SpecialFunctionsImpl.h
    │       │       │   ├── SpecialFunctionsPacketMath.h
    │       │       │   └── arch
    │       │       │       ├── AVX
    │       │       │       │   ├── BesselFunctions.h
    │       │       │       │   └── SpecialFunctions.h
    │       │       │       ├── AVX512
    │       │       │       │   ├── BesselFunctions.h
    │       │       │       │   └── SpecialFunctions.h
    │       │       │       ├── GPU
    │       │       │       │   └── SpecialFunctions.h
    │       │       │       └── NEON
    │       │       │           ├── BesselFunctions.h
    │       │       │           └── SpecialFunctions.h
    │       │       └── Splines
    │       │           ├── Spline.h
    │       │           ├── SplineFitting.h
    │       │           └── SplineFwd.h
    │       ├── README.txt
    │       ├── bench
    │       │   └── bench_svd.cpp
    │       ├── doc
    │       │   ├── CMakeLists.txt
    │       │   ├── Overview.dox
    │       │   ├── SYCL.dox
    │       │   ├── eigendoxy_layout.xml.in
    │       │   ├── examples
    │       │   │   ├── BVH_Example.cpp
    │       │   │   ├── CMakeLists.txt
    │       │   │   ├── EulerAngles.cpp
    │       │   │   ├── FFT.cpp
    │       │   │   ├── MatrixExponential.cpp
    │       │   │   ├── MatrixFunction.cpp
    │       │   │   ├── MatrixLogarithm.cpp
    │       │   │   ├── MatrixPower.cpp
    │       │   │   ├── MatrixPower_optimal.cpp
    │       │   │   ├── MatrixSine.cpp
    │       │   │   ├── MatrixSinh.cpp
    │       │   │   ├── MatrixSquareRoot.cpp
    │       │   │   ├── PolynomialSolver1.cpp
    │       │   │   ├── PolynomialUtils1.cpp
    │       │   │   └── SYCL
    │       │   │       ├── CMakeLists.txt
    │       │   │       └── CwiseMul.cpp
    │       │   └── snippets
    │       │       └── CMakeLists.txt
    │       └── test
    │           ├── BVH.cpp
    │           ├── CMakeLists.txt
    │           ├── EulerAngles.cpp
    │           ├── FFT.cpp
    │           ├── FFTW.cpp
    │           ├── NonLinearOptimization.cpp
    │           ├── NumericalDiff.cpp
    │           ├── alignedvector3.cpp
    │           ├── autodiff.cpp
    │           ├── autodiff_scalar.cpp
    │           ├── bessel_functions.cpp
    │           ├── cxx11_eventcount.cpp
    │           ├── cxx11_maxsizevector.cpp
    │           ├── cxx11_meta.cpp
    │           ├── cxx11_non_blocking_thread_pool.cpp
    │           ├── cxx11_runqueue.cpp
    │           ├── cxx11_tensor_argmax.cpp
    │           ├── cxx11_tensor_argmax_gpu.cu
    │           ├── cxx11_tensor_argmax_sycl.cpp
    │           ├── cxx11_tensor_assign.cpp
    │           ├── cxx11_tensor_block_access.cpp
    │           ├── cxx11_tensor_block_eval.cpp
    │           ├── cxx11_tensor_block_io.cpp
    │           ├── cxx11_tensor_broadcast_sycl.cpp
    │           ├── cxx11_tensor_broadcasting.cpp
    │           ├── cxx11_tensor_builtins_sycl.cpp
    │           ├── cxx11_tensor_cast_float16_gpu.cu
    │           ├── cxx11_tensor_casts.cpp
    │           ├── cxx11_tensor_chipping.cpp
    │           ├── cxx11_tensor_chipping_sycl.cpp
    │           ├── cxx11_tensor_comparisons.cpp
    │           ├── cxx11_tensor_complex_cwise_ops_gpu.cu
    │           ├── cxx11_tensor_complex_gpu.cu
    │           ├── cxx11_tensor_concatenation.cpp
    │           ├── cxx11_tensor_concatenation_sycl.cpp
    │           ├── cxx11_tensor_const.cpp
    │           ├── cxx11_tensor_contract_gpu.cu
    │           ├── cxx11_tensor_contract_sycl.cpp
    │           ├── cxx11_tensor_contraction.cpp
    │           ├── cxx11_tensor_convolution.cpp
    │           ├── cxx11_tensor_convolution_sycl.cpp
    │           ├── cxx11_tensor_custom_index.cpp
    │           ├── cxx11_tensor_custom_op.cpp
    │           ├── cxx11_tensor_custom_op_sycl.cpp
    │           ├── cxx11_tensor_device.cu
    │           ├── cxx11_tensor_device_sycl.cpp
    │           ├── cxx11_tensor_dimension.cpp
    │           ├── cxx11_tensor_empty.cpp
    │           ├── cxx11_tensor_executor.cpp
    │           ├── cxx11_tensor_expr.cpp
    │           ├── cxx11_tensor_fft.cpp
    │           ├── cxx11_tensor_fixed_size.cpp
    │           ├── cxx11_tensor_forced_eval.cpp
    │           ├── cxx11_tensor_forced_eval_sycl.cpp
    │           ├── cxx11_tensor_generator.cpp
    │           ├── cxx11_tensor_generator_sycl.cpp
    │           ├── cxx11_tensor_gpu.cu
    │           ├── cxx11_tensor_ifft.cpp
    │           ├── cxx11_tensor_image_op_sycl.cpp
    │           ├── cxx11_tensor_image_patch.cpp
    │           ├── cxx11_tensor_image_patch_sycl.cpp
    │           ├── cxx11_tensor_index_list.cpp
    │           ├── cxx11_tensor_inflation.cpp
    │           ├── cxx11_tensor_inflation_sycl.cpp
    │           ├── cxx11_tensor_intdiv.cpp
    │           ├── cxx11_tensor_io.cpp
    │           ├── cxx11_tensor_layout_swap.cpp
    │           ├── cxx11_tensor_layout_swap_sycl.cpp
    │           ├── cxx11_tensor_lvalue.cpp
    │           ├── cxx11_tensor_map.cpp
    │           ├── cxx11_tensor_math.cpp
    │           ├── cxx11_tensor_math_sycl.cpp
    │           ├── cxx11_tensor_mixed_indices.cpp
    │           ├── cxx11_tensor_morphing.cpp
    │           ├── cxx11_tensor_morphing_sycl.cpp
    │           ├── cxx11_tensor_move.cpp
    │           ├── cxx11_tensor_notification.cpp
    │           ├── cxx11_tensor_of_complex.cpp
    │           ├── cxx11_tensor_of_const_values.cpp
    │           ├── cxx11_tensor_of_float16_gpu.cu
    │           ├── cxx11_tensor_of_strings.cpp
    │           ├── cxx11_tensor_padding.cpp
    │           ├── cxx11_tensor_padding_sycl.cpp
    │           ├── cxx11_tensor_patch.cpp
    │           ├── cxx11_tensor_patch_sycl.cpp
    │           ├── cxx11_tensor_random.cpp
    │           ├── cxx11_tensor_random_gpu.cu
    │           ├── cxx11_tensor_random_sycl.cpp
    │           ├── cxx11_tensor_reduction.cpp
    │           ├── cxx11_tensor_reduction_gpu.cu
    │           ├── cxx11_tensor_reduction_sycl.cpp
    │           ├── cxx11_tensor_ref.cpp
    │           ├── cxx11_tensor_reverse.cpp
    │           ├── cxx11_tensor_reverse_sycl.cpp
    │           ├── cxx11_tensor_roundings.cpp
    │           ├── cxx11_tensor_scan.cpp
    │           ├── cxx11_tensor_scan_gpu.cu
    │           ├── cxx11_tensor_scan_sycl.cpp
    │           ├── cxx11_tensor_shuffling.cpp
    │           ├── cxx11_tensor_shuffling_sycl.cpp
    │           ├── cxx11_tensor_simple.cpp
    │           ├── cxx11_tensor_striding.cpp
    │           ├── cxx11_tensor_striding_sycl.cpp
    │           ├── cxx11_tensor_sugar.cpp
    │           ├── cxx11_tensor_sycl.cpp
    │           ├── cxx11_tensor_symmetry.cpp
    │           ├── cxx11_tensor_thread_local.cpp
    │           ├── cxx11_tensor_thread_pool.cpp
    │           ├── cxx11_tensor_trace.cpp
    │           ├── cxx11_tensor_uint128.cpp
    │           ├── cxx11_tensor_volume_patch.cpp
    │           ├── cxx11_tensor_volume_patch_sycl.cpp
    │           ├── dgmres.cpp
    │           ├── forward_adolc.cpp
    │           ├── gmres.cpp
    │           ├── idrs.cpp
    │           ├── kronecker_product.cpp
    │           ├── levenberg_marquardt.cpp
    │           ├── matrix_exponential.cpp
    │           ├── matrix_function.cpp
    │           ├── matrix_functions.h
    │           ├── matrix_power.cpp
    │           ├── matrix_square_root.cpp
    │           ├── minres.cpp
    │           ├── mpreal_support.cpp
    │           ├── openglsupport.cpp
    │           ├── polynomialsolver.cpp
    │           ├── polynomialutils.cpp
    │           ├── sparse_extra.cpp
    │           ├── special_functions.cpp
    │           ├── special_packetmath.cpp
    │           └── splines.cpp
    ├── eigen-3.4.0.tar.gz
    ├── fast_livo
    │   ├── build
    │   │   ├── CATKIN_IGNORE
    │   │   ├── CMakeCache.txt
    │   │   ├── CMakeFiles
    │   │   │   ├── 3.24.0
    │   │   │   │   ├── CMakeCCompiler.cmake
    │   │   │   │   ├── CMakeCXXCompiler.cmake
    │   │   │   │   ├── CMakeDetermineCompilerABI_C.bin
    │   │   │   │   ├── CMakeDetermineCompilerABI_CXX.bin
    │   │   │   │   ├── CMakeSystem.cmake
    │   │   │   │   ├── CompilerIdC
    │   │   │   │   │   ├── CMakeCCompilerId.c
    │   │   │   │   │   ├── a.out
    │   │   │   │   │   └── tmp
    │   │   │   │   └── CompilerIdCXX
    │   │   │   │       ├── CMakeCXXCompilerId.cpp
    │   │   │   │       ├── a.out
    │   │   │   │       └── tmp
    │   │   │   ├── CMakeDirectoryInformation.cmake
    │   │   │   ├── CMakeError.log
    │   │   │   ├── CMakeOutput.log
    │   │   │   ├── CMakeRuleHashes.txt
    │   │   │   ├── CMakeTmp
    │   │   │   ├── FindOpenMP
    │   │   │   │   ├── OpenMPCheckVersion.c
    │   │   │   │   ├── OpenMPCheckVersion.cpp
    │   │   │   │   ├── OpenMPTryFlag.c
    │   │   │   │   ├── OpenMPTryFlag.cpp
    │   │   │   │   ├── ompver_C.bin
    │   │   │   │   └── ompver_CXX.bin
    │   │   │   ├── Makefile.cmake
    │   │   │   ├── Makefile2
    │   │   │   ├── TargetDirectories.txt
    │   │   │   ├── clean_test_results.dir
    │   │   │   │   ├── DependInfo.cmake
    │   │   │   │   ├── build.make
    │   │   │   │   ├── cmake_clean.cmake
    │   │   │   │   ├── compiler_depend.make
    │   │   │   │   ├── compiler_depend.ts
    │   │   │   │   └── progress.make
    │   │   │   ├── cmake.check_cache
    │   │   │   ├── download_extra_data.dir
    │   │   │   │   ├── DependInfo.cmake
    │   │   │   │   ├── build.make
    │   │   │   │   ├── cmake_clean.cmake
    │   │   │   │   ├── compiler_depend.make
    │   │   │   │   ├── compiler_depend.ts
    │   │   │   │   └── progress.make
    │   │   │   ├── doxygen.dir
    │   │   │   │   ├── DependInfo.cmake
    │   │   │   │   ├── build.make
    │   │   │   │   ├── cmake_clean.cmake
    │   │   │   │   ├── compiler_depend.make
    │   │   │   │   ├── compiler_depend.ts
    │   │   │   │   └── progress.make
    │   │   │   ├── pkgRedirects
    │   │   │   ├── progress.marks
    │   │   │   ├── run_tests.dir
    │   │   │   │   ├── DependInfo.cmake
    │   │   │   │   ├── build.make
    │   │   │   │   ├── cmake_clean.cmake
    │   │   │   │   ├── compiler_depend.make
    │   │   │   │   ├── compiler_depend.ts
    │   │   │   │   └── progress.make
    │   │   │   └── tests.dir
    │   │   │       ├── DependInfo.cmake
    │   │   │       ├── build.make
    │   │   │       ├── cmake_clean.cmake
    │   │   │       ├── compiler_depend.make
    │   │   │       ├── compiler_depend.ts
    │   │   │       └── progress.make
    │   │   ├── CTestConfiguration.ini
    │   │   ├── CTestCustom.cmake
    │   │   ├── CTestTestfile.cmake
    │   │   ├── FAST-LIVO
    │   │   │   ├── CMakeFiles
    │   │   │   │   ├── CMakeDirectoryInformation.cmake
    │   │   │   │   ├── _fast_livo_generate_messages_check_deps_Pose6D.dir
    │   │   │   │   │   ├── DependInfo.cmake
    │   │   │   │   │   ├── build.make
    │   │   │   │   │   ├── cmake_clean.cmake
    │   │   │   │   │   ├── compiler_depend.make
    │   │   │   │   │   ├── compiler_depend.ts
    │   │   │   │   │   └── progress.make
    │   │   │   │   ├── _fast_livo_generate_messages_check_deps_States.dir
    │   │   │   │   │   ├── DependInfo.cmake
    │   │   │   │   │   ├── build.make
    │   │   │   │   │   ├── cmake_clean.cmake
    │   │   │   │   │   ├── compiler_depend.make
    │   │   │   │   │   ├── compiler_depend.ts
    │   │   │   │   │   └── progress.make
    │   │   │   │   ├── fast_livo_gencpp.dir
    │   │   │   │   │   ├── DependInfo.cmake
    │   │   │   │   │   ├── build.make
    │   │   │   │   │   ├── cmake_clean.cmake
    │   │   │   │   │   ├── compiler_depend.make
    │   │   │   │   │   ├── compiler_depend.ts
    │   │   │   │   │   └── progress.make
    │   │   │   │   ├── fast_livo_generate_messages.dir
    │   │   │   │   │   ├── DependInfo.cmake
    │   │   │   │   │   ├── build.make
    │   │   │   │   │   ├── cmake_clean.cmake
    │   │   │   │   │   ├── compiler_depend.make
    │   │   │   │   │   ├── compiler_depend.ts
    │   │   │   │   │   └── progress.make
    │   │   │   │   ├── fast_livo_generate_messages_cpp.dir
    │   │   │   │   │   ├── DependInfo.cmake
    │   │   │   │   │   ├── build.make
    │   │   │   │   │   ├── cmake_clean.cmake
    │   │   │   │   │   ├── compiler_depend.make
    │   │   │   │   │   ├── compiler_depend.ts
    │   │   │   │   │   └── progress.make
    │   │   │   │   ├── fast_livo_generate_messages_eus.dir
    │   │   │   │   │   ├── DependInfo.cmake
    │   │   │   │   │   ├── build.make
    │   │   │   │   │   ├── cmake_clean.cmake
    │   │   │   │   │   ├── compiler_depend.make
    │   │   │   │   │   ├── compiler_depend.ts
    │   │   │   │   │   └── progress.make
    │   │   │   │   ├── fast_livo_generate_messages_lisp.dir
    │   │   │   │   │   ├── DependInfo.cmake
    │   │   │   │   │   ├── build.make
    │   │   │   │   │   ├── cmake_clean.cmake
    │   │   │   │   │   ├── compiler_depend.make
    │   │   │   │   │   ├── compiler_depend.ts
    │   │   │   │   │   └── progress.make
    │   │   │   │   ├── fast_livo_generate_messages_nodejs.dir
    │   │   │   │   │   ├── DependInfo.cmake
    │   │   │   │   │   ├── build.make
    │   │   │   │   │   ├── cmake_clean.cmake
    │   │   │   │   │   ├── compiler_depend.make
    │   │   │   │   │   ├── compiler_depend.ts
    │   │   │   │   │   └── progress.make
    │   │   │   │   ├── fast_livo_generate_messages_py.dir
    │   │   │   │   │   ├── DependInfo.cmake
    │   │   │   │   │   ├── build.make
    │   │   │   │   │   ├── cmake_clean.cmake
    │   │   │   │   │   ├── compiler_depend.make
    │   │   │   │   │   ├── compiler_depend.ts
    │   │   │   │   │   └── progress.make
    │   │   │   │   ├── fast_livo_geneus.dir
    │   │   │   │   │   ├── DependInfo.cmake
    │   │   │   │   │   ├── build.make
    │   │   │   │   │   ├── cmake_clean.cmake
    │   │   │   │   │   ├── compiler_depend.make
    │   │   │   │   │   ├── compiler_depend.ts
    │   │   │   │   │   └── progress.make
    │   │   │   │   ├── fast_livo_genlisp.dir
    │   │   │   │   │   ├── DependInfo.cmake
    │   │   │   │   │   ├── build.make
    │   │   │   │   │   ├── cmake_clean.cmake
    │   │   │   │   │   ├── compiler_depend.make
    │   │   │   │   │   ├── compiler_depend.ts
    │   │   │   │   │   └── progress.make
    │   │   │   │   ├── fast_livo_gennodejs.dir
    │   │   │   │   │   ├── DependInfo.cmake
    │   │   │   │   │   ├── build.make
    │   │   │   │   │   ├── cmake_clean.cmake
    │   │   │   │   │   ├── compiler_depend.make
    │   │   │   │   │   ├── compiler_depend.ts
    │   │   │   │   │   └── progress.make
    │   │   │   │   ├── fast_livo_genpy.dir
    │   │   │   │   │   ├── DependInfo.cmake
    │   │   │   │   │   ├── build.make
    │   │   │   │   │   ├── cmake_clean.cmake
    │   │   │   │   │   ├── compiler_depend.make
    │   │   │   │   │   ├── compiler_depend.ts
    │   │   │   │   │   └── progress.make
    │   │   │   │   ├── fastlivo_mapping.dir
    │   │   │   │   │   ├── DependInfo.cmake
    │   │   │   │   │   ├── build.make
    │   │   │   │   │   ├── cmake_clean.cmake
    │   │   │   │   │   ├── compiler_depend.make
    │   │   │   │   │   ├── compiler_depend.ts
    │   │   │   │   │   ├── depend.make
    │   │   │   │   │   ├── flags.make
    │   │   │   │   │   ├── link.txt
    │   │   │   │   │   ├── progress.make
    │   │   │   │   │   └── src
    │   │   │   │   │       ├── IMU_Processing.cpp.o
    │   │   │   │   │       ├── IMU_Processing.cpp.o.d
    │   │   │   │   │       ├── laserMapping.cpp.o
    │   │   │   │   │       ├── laserMapping.cpp.o.d
    │   │   │   │   │       ├── preprocess.cpp.o
    │   │   │   │   │       └── preprocess.cpp.o.d
    │   │   │   │   ├── ikdtree.dir
    │   │   │   │   │   ├── DependInfo.cmake
    │   │   │   │   │   ├── build.make
    │   │   │   │   │   ├── cmake_clean.cmake
    │   │   │   │   │   ├── compiler_depend.internal
    │   │   │   │   │   ├── compiler_depend.make
    │   │   │   │   │   ├── compiler_depend.ts
    │   │   │   │   │   ├── depend.make
    │   │   │   │   │   ├── flags.make
    │   │   │   │   │   ├── include
    │   │   │   │   │   │   ├── FOV_Checker
    │   │   │   │   │   │   │   ├── FOV_Checker.cpp.o
    │   │   │   │   │   │   │   └── FOV_Checker.cpp.o.d
    │   │   │   │   │   │   └── ikd-Tree
    │   │   │   │   │   │       ├── ikd_Tree.cpp.o
    │   │   │   │   │   │       └── ikd_Tree.cpp.o.d
    │   │   │   │   │   ├── link.txt
    │   │   │   │   │   └── progress.make
    │   │   │   │   ├── nav_msgs_generate_messages_cpp.dir
    │   │   │   │   │   ├── DependInfo.cmake
    │   │   │   │   │   ├── build.make
    │   │   │   │   │   ├── cmake_clean.cmake
    │   │   │   │   │   ├── compiler_depend.make
    │   │   │   │   │   ├── compiler_depend.ts
    │   │   │   │   │   └── progress.make
    │   │   │   │   ├── nav_msgs_generate_messages_eus.dir
    │   │   │   │   │   ├── DependInfo.cmake
    │   │   │   │   │   ├── build.make
    │   │   │   │   │   ├── cmake_clean.cmake
    │   │   │   │   │   ├── compiler_depend.make
    │   │   │   │   │   ├── compiler_depend.ts
    │   │   │   │   │   └── progress.make
    │   │   │   │   ├── nav_msgs_generate_messages_lisp.dir
    │   │   │   │   │   ├── DependInfo.cmake
    │   │   │   │   │   ├── build.make
    │   │   │   │   │   ├── cmake_clean.cmake
    │   │   │   │   │   ├── compiler_depend.make
    │   │   │   │   │   ├── compiler_depend.ts
    │   │   │   │   │   └── progress.make
    │   │   │   │   ├── nav_msgs_generate_messages_nodejs.dir
    │   │   │   │   │   ├── DependInfo.cmake
    │   │   │   │   │   ├── build.make
    │   │   │   │   │   ├── cmake_clean.cmake
    │   │   │   │   │   ├── compiler_depend.make
    │   │   │   │   │   ├── compiler_depend.ts
    │   │   │   │   │   └── progress.make
    │   │   │   │   ├── nav_msgs_generate_messages_py.dir
    │   │   │   │   │   ├── DependInfo.cmake
    │   │   │   │   │   ├── build.make
    │   │   │   │   │   ├── cmake_clean.cmake
    │   │   │   │   │   ├── compiler_depend.make
    │   │   │   │   │   ├── compiler_depend.ts
    │   │   │   │   │   └── progress.make
    │   │   │   │   ├── progress.marks
    │   │   │   │   └── vio.dir
    │   │   │   │       ├── DependInfo.cmake
    │   │   │   │       ├── build.make
    │   │   │   │       ├── cmake_clean.cmake
    │   │   │   │       ├── compiler_depend.internal
    │   │   │   │       ├── compiler_depend.make
    │   │   │   │       ├── compiler_depend.ts
    │   │   │   │       ├── depend.make
    │   │   │   │       ├── flags.make
    │   │   │   │       ├── link.txt
    │   │   │   │       ├── progress.make
    │   │   │   │       └── src
    │   │   │   │           ├── frame.cpp.o
    │   │   │   │           ├── frame.cpp.o.d
    │   │   │   │           ├── lidar_selection.cpp.o
    │   │   │   │           ├── lidar_selection.cpp.o.d
    │   │   │   │           ├── map.cpp.o
    │   │   │   │           ├── map.cpp.o.d
    │   │   │   │           ├── point.cpp.o
    │   │   │   │           └── point.cpp.o.d
    │   │   │   ├── CTestTestfile.cmake
    │   │   │   ├── Makefile
    │   │   │   ├── catkin_generated
    │   │   │   │   ├── fast_livo-msg-extras.cmake.develspace.in
    │   │   │   │   ├── fast_livo-msg-extras.cmake.installspace.in
    │   │   │   │   ├── installspace
    │   │   │   │   │   ├── fast_livo-msg-extras.cmake
    │   │   │   │   │   ├── fast_livo-msg-paths.cmake
    │   │   │   │   │   ├── fast_livo.pc
    │   │   │   │   │   ├── fast_livoConfig-version.cmake
    │   │   │   │   │   └── fast_livoConfig.cmake
    │   │   │   │   ├── ordered_paths.cmake
    │   │   │   │   ├── package.cmake
    │   │   │   │   ├── pkg.develspace.context.pc.py
    │   │   │   │   ├── pkg.installspace.context.pc.py
    │   │   │   │   └── stamps
    │   │   │   │       └── fast_livo
    │   │   │   │           ├── package.xml.stamp
    │   │   │   │           ├── pkg-genmsg.cmake.em.stamp
    │   │   │   │           └── pkg.pc.em.stamp
    │   │   │   ├── cmake
    │   │   │   │   ├── fast_livo-genmsg-context.py
    │   │   │   │   └── fast_livo-genmsg.cmake
    │   │   │   └── cmake_install.cmake
    │   │   ├── Makefile
    │   │   ├── atomic_configure
    │   │   │   ├── _setup_util.py
    │   │   │   ├── env.sh
    │   │   │   ├── local_setup.bash
    │   │   │   ├── local_setup.sh
    │   │   │   ├── local_setup.zsh
    │   │   │   ├── setup.bash
    │   │   │   ├── setup.sh
    │   │   │   └── setup.zsh
    │   │   ├── bin
    │   │   ├── catkin
    │   │   │   └── catkin_generated
    │   │   │       └── version
    │   │   │           └── package.cmake
    │   │   ├── catkin_generated
    │   │   │   ├── env_cached.sh
    │   │   │   ├── generate_cached_setup.py
    │   │   │   ├── installspace
    │   │   │   │   ├── _setup_util.py
    │   │   │   │   ├── env.sh
    │   │   │   │   ├── local_setup.bash
    │   │   │   │   ├── local_setup.sh
    │   │   │   │   ├── local_setup.zsh
    │   │   │   │   ├── setup.bash
    │   │   │   │   ├── setup.sh
    │   │   │   │   └── setup.zsh
    │   │   │   ├── order_packages.cmake
    │   │   │   ├── order_packages.py
    │   │   │   ├── setup_cached.sh
    │   │   │   └── stamps
    │   │   │       └── Project
    │   │   │           ├── _setup_util.py.stamp
    │   │   │           ├── interrogate_setup_dot_py.py.stamp
    │   │   │           ├── order_packages.cmake.em.stamp
    │   │   │           └── package.xml.stamp
    │   │   ├── catkin_make.cache
    │   │   ├── cmake_install.cmake
    │   │   ├── gtest
    │   │   │   ├── CMakeFiles
    │   │   │   │   ├── CMakeDirectoryInformation.cmake
    │   │   │   │   └── progress.marks
    │   │   │   ├── CTestTestfile.cmake
    │   │   │   ├── Makefile
    │   │   │   ├── cmake_install.cmake
    │   │   │   ├── googlemock
    │   │   │   │   ├── CMakeFiles
    │   │   │   │   │   ├── CMakeDirectoryInformation.cmake
    │   │   │   │   │   ├── gmock.dir
    │   │   │   │   │   │   ├── DependInfo.cmake
    │   │   │   │   │   │   ├── build.make
    │   │   │   │   │   │   ├── cmake_clean.cmake
    │   │   │   │   │   │   ├── compiler_depend.make
    │   │   │   │   │   │   ├── compiler_depend.ts
    │   │   │   │   │   │   ├── depend.make
    │   │   │   │   │   │   ├── flags.make
    │   │   │   │   │   │   ├── link.txt
    │   │   │   │   │   │   ├── progress.make
    │   │   │   │   │   │   └── src
    │   │   │   │   │   ├── gmock_main.dir
    │   │   │   │   │   │   ├── DependInfo.cmake
    │   │   │   │   │   │   ├── build.make
    │   │   │   │   │   │   ├── cmake_clean.cmake
    │   │   │   │   │   │   ├── compiler_depend.make
    │   │   │   │   │   │   ├── compiler_depend.ts
    │   │   │   │   │   │   ├── depend.make
    │   │   │   │   │   │   ├── flags.make
    │   │   │   │   │   │   ├── link.txt
    │   │   │   │   │   │   ├── progress.make
    │   │   │   │   │   │   └── src
    │   │   │   │   │   └── progress.marks
    │   │   │   │   ├── CTestTestfile.cmake
    │   │   │   │   ├── Makefile
    │   │   │   │   └── cmake_install.cmake
    │   │   │   ├── googletest
    │   │   │   │   ├── CMakeFiles
    │   │   │   │   │   ├── CMakeDirectoryInformation.cmake
    │   │   │   │   │   ├── gtest.dir
    │   │   │   │   │   │   ├── DependInfo.cmake
    │   │   │   │   │   │   ├── build.make
    │   │   │   │   │   │   ├── cmake_clean.cmake
    │   │   │   │   │   │   ├── compiler_depend.make
    │   │   │   │   │   │   ├── compiler_depend.ts
    │   │   │   │   │   │   ├── depend.make
    │   │   │   │   │   │   ├── flags.make
    │   │   │   │   │   │   ├── link.txt
    │   │   │   │   │   │   ├── progress.make
    │   │   │   │   │   │   └── src
    │   │   │   │   │   ├── gtest_main.dir
    │   │   │   │   │   │   ├── DependInfo.cmake
    │   │   │   │   │   │   ├── build.make
    │   │   │   │   │   │   ├── cmake_clean.cmake
    │   │   │   │   │   │   ├── compiler_depend.make
    │   │   │   │   │   │   ├── compiler_depend.ts
    │   │   │   │   │   │   ├── depend.make
    │   │   │   │   │   │   ├── flags.make
    │   │   │   │   │   │   ├── link.txt
    │   │   │   │   │   │   ├── progress.make
    │   │   │   │   │   │   └── src
    │   │   │   │   │   └── progress.marks
    │   │   │   │   ├── CTestTestfile.cmake
    │   │   │   │   ├── Makefile
    │   │   │   │   └── cmake_install.cmake
    │   │   │   └── lib
    │   │   ├── livox_ros_driver
    │   │   │   └── livox_ros_driver
    │   │   │       ├── CMakeFiles
    │   │   │       │   ├── CMakeDirectoryInformation.cmake
    │   │   │       │   ├── _livox_ros_driver_generate_messages_check_deps_CustomMsg.dir
    │   │   │       │   │   ├── DependInfo.cmake
    │   │   │       │   │   ├── build.make
    │   │   │       │   │   ├── cmake_clean.cmake
    │   │   │       │   │   ├── compiler_depend.make
    │   │   │       │   │   ├── compiler_depend.ts
    │   │   │       │   │   └── progress.make
    │   │   │       │   ├── _livox_ros_driver_generate_messages_check_deps_CustomPoint.dir
    │   │   │       │   │   ├── DependInfo.cmake
    │   │   │       │   │   ├── build.make
    │   │   │       │   │   ├── cmake_clean.cmake
    │   │   │       │   │   ├── compiler_depend.make
    │   │   │       │   │   ├── compiler_depend.ts
    │   │   │       │   │   └── progress.make
    │   │   │       │   ├── actionlib_generate_messages_cpp.dir
    │   │   │       │   │   ├── DependInfo.cmake
    │   │   │       │   │   ├── build.make
    │   │   │       │   │   ├── cmake_clean.cmake
    │   │   │       │   │   ├── compiler_depend.make
    │   │   │       │   │   ├── compiler_depend.ts
    │   │   │       │   │   └── progress.make
    │   │   │       │   ├── actionlib_generate_messages_eus.dir
    │   │   │       │   │   ├── DependInfo.cmake
    │   │   │       │   │   ├── build.make
    │   │   │       │   │   ├── cmake_clean.cmake
    │   │   │       │   │   ├── compiler_depend.make
    │   │   │       │   │   ├── compiler_depend.ts
    │   │   │       │   │   └── progress.make
    │   │   │       │   ├── actionlib_generate_messages_lisp.dir
    │   │   │       │   │   ├── DependInfo.cmake
    │   │   │       │   │   ├── build.make
    │   │   │       │   │   ├── cmake_clean.cmake
    │   │   │       │   │   ├── compiler_depend.make
    │   │   │       │   │   ├── compiler_depend.ts
    │   │   │       │   │   └── progress.make
    │   │   │       │   ├── actionlib_generate_messages_nodejs.dir
    │   │   │       │   │   ├── DependInfo.cmake
    │   │   │       │   │   ├── build.make
    │   │   │       │   │   ├── cmake_clean.cmake
    │   │   │       │   │   ├── compiler_depend.make
    │   │   │       │   │   ├── compiler_depend.ts
    │   │   │       │   │   └── progress.make
    │   │   │       │   ├── actionlib_generate_messages_py.dir
    │   │   │       │   │   ├── DependInfo.cmake
    │   │   │       │   │   ├── build.make
    │   │   │       │   │   ├── cmake_clean.cmake
    │   │   │       │   │   ├── compiler_depend.make
    │   │   │       │   │   ├── compiler_depend.ts
    │   │   │       │   │   └── progress.make
    │   │   │       │   ├── actionlib_msgs_generate_messages_cpp.dir
    │   │   │       │   │   ├── DependInfo.cmake
    │   │   │       │   │   ├── build.make
    │   │   │       │   │   ├── cmake_clean.cmake
    │   │   │       │   │   ├── compiler_depend.make
    │   │   │       │   │   ├── compiler_depend.ts
    │   │   │       │   │   └── progress.make
    │   │   │       │   ├── actionlib_msgs_generate_messages_eus.dir
    │   │   │       │   │   ├── DependInfo.cmake
    │   │   │       │   │   ├── build.make
    │   │   │       │   │   ├── cmake_clean.cmake
    │   │   │       │   │   ├── compiler_depend.make
    │   │   │       │   │   ├── compiler_depend.ts
    │   │   │       │   │   └── progress.make
    │   │   │       │   ├── actionlib_msgs_generate_messages_lisp.dir
    │   │   │       │   │   ├── DependInfo.cmake
    │   │   │       │   │   ├── build.make
    │   │   │       │   │   ├── cmake_clean.cmake
    │   │   │       │   │   ├── compiler_depend.make
    │   │   │       │   │   ├── compiler_depend.ts
    │   │   │       │   │   └── progress.make
    │   │   │       │   ├── actionlib_msgs_generate_messages_nodejs.dir
    │   │   │       │   │   ├── DependInfo.cmake
    │   │   │       │   │   ├── build.make
    │   │   │       │   │   ├── cmake_clean.cmake
    │   │   │       │   │   ├── compiler_depend.make
    │   │   │       │   │   ├── compiler_depend.ts
    │   │   │       │   │   └── progress.make
    │   │   │       │   ├── actionlib_msgs_generate_messages_py.dir
    │   │   │       │   │   ├── DependInfo.cmake
    │   │   │       │   │   ├── build.make
    │   │   │       │   │   ├── cmake_clean.cmake
    │   │   │       │   │   ├── compiler_depend.make
    │   │   │       │   │   ├── compiler_depend.ts
    │   │   │       │   │   └── progress.make
    │   │   │       │   ├── bond_generate_messages_cpp.dir
    │   │   │       │   │   ├── DependInfo.cmake
    │   │   │       │   │   ├── build.make
    │   │   │       │   │   ├── cmake_clean.cmake
    │   │   │       │   │   ├── compiler_depend.make
    │   │   │       │   │   ├── compiler_depend.ts
    │   │   │       │   │   └── progress.make
    │   │   │       │   ├── bond_generate_messages_eus.dir
    │   │   │       │   │   ├── DependInfo.cmake
    │   │   │       │   │   ├── build.make
    │   │   │       │   │   ├── cmake_clean.cmake
    │   │   │       │   │   ├── compiler_depend.make
    │   │   │       │   │   ├── compiler_depend.ts
    │   │   │       │   │   └── progress.make
    │   │   │       │   ├── bond_generate_messages_lisp.dir
    │   │   │       │   │   ├── DependInfo.cmake
    │   │   │       │   │   ├── build.make
    │   │   │       │   │   ├── cmake_clean.cmake
    │   │   │       │   │   ├── compiler_depend.make
    │   │   │       │   │   ├── compiler_depend.ts
    │   │   │       │   │   └── progress.make
    │   │   │       │   ├── bond_generate_messages_nodejs.dir
    │   │   │       │   │   ├── DependInfo.cmake
    │   │   │       │   │   ├── build.make
    │   │   │       │   │   ├── cmake_clean.cmake
    │   │   │       │   │   ├── compiler_depend.make
    │   │   │       │   │   ├── compiler_depend.ts
    │   │   │       │   │   └── progress.make
    │   │   │       │   ├── bond_generate_messages_py.dir
    │   │   │       │   │   ├── DependInfo.cmake
    │   │   │       │   │   ├── build.make
    │   │   │       │   │   ├── cmake_clean.cmake
    │   │   │       │   │   ├── compiler_depend.make
    │   │   │       │   │   ├── compiler_depend.ts
    │   │   │       │   │   └── progress.make
    │   │   │       │   ├── dynamic_reconfigure_gencfg.dir
    │   │   │       │   │   ├── DependInfo.cmake
    │   │   │       │   │   ├── build.make
    │   │   │       │   │   ├── cmake_clean.cmake
    │   │   │       │   │   ├── compiler_depend.make
    │   │   │       │   │   ├── compiler_depend.ts
    │   │   │       │   │   └── progress.make
    │   │   │       │   ├── dynamic_reconfigure_generate_messages_cpp.dir
    │   │   │       │   │   ├── DependInfo.cmake
    │   │   │       │   │   ├── build.make
    │   │   │       │   │   ├── cmake_clean.cmake
    │   │   │       │   │   ├── compiler_depend.make
    │   │   │       │   │   ├── compiler_depend.ts
    │   │   │       │   │   └── progress.make
    │   │   │       │   ├── dynamic_reconfigure_generate_messages_eus.dir
    │   │   │       │   │   ├── DependInfo.cmake
    │   │   │       │   │   ├── build.make
    │   │   │       │   │   ├── cmake_clean.cmake
    │   │   │       │   │   ├── compiler_depend.make
    │   │   │       │   │   ├── compiler_depend.ts
    │   │   │       │   │   └── progress.make
    │   │   │       │   ├── dynamic_reconfigure_generate_messages_lisp.dir
    │   │   │       │   │   ├── DependInfo.cmake
    │   │   │       │   │   ├── build.make
    │   │   │       │   │   ├── cmake_clean.cmake
    │   │   │       │   │   ├── compiler_depend.make
    │   │   │       │   │   ├── compiler_depend.ts
    │   │   │       │   │   └── progress.make
    │   │   │       │   ├── dynamic_reconfigure_generate_messages_nodejs.dir
    │   │   │       │   │   ├── DependInfo.cmake
    │   │   │       │   │   ├── build.make
    │   │   │       │   │   ├── cmake_clean.cmake
    │   │   │       │   │   ├── compiler_depend.make
    │   │   │       │   │   ├── compiler_depend.ts
    │   │   │       │   │   └── progress.make
    │   │   │       │   ├── dynamic_reconfigure_generate_messages_py.dir
    │   │   │       │   │   ├── DependInfo.cmake
    │   │   │       │   │   ├── build.make
    │   │   │       │   │   ├── cmake_clean.cmake
    │   │   │       │   │   ├── compiler_depend.make
    │   │   │       │   │   ├── compiler_depend.ts
    │   │   │       │   │   └── progress.make
    │   │   │       │   ├── geometry_msgs_generate_messages_cpp.dir
    │   │   │       │   │   ├── DependInfo.cmake
    │   │   │       │   │   ├── build.make
    │   │   │       │   │   ├── cmake_clean.cmake
    │   │   │       │   │   ├── compiler_depend.make
    │   │   │       │   │   ├── compiler_depend.ts
    │   │   │       │   │   └── progress.make
    │   │   │       │   ├── geometry_msgs_generate_messages_eus.dir
    │   │   │       │   │   ├── DependInfo.cmake
    │   │   │       │   │   ├── build.make
    │   │   │       │   │   ├── cmake_clean.cmake
    │   │   │       │   │   ├── compiler_depend.make
    │   │   │       │   │   ├── compiler_depend.ts
    │   │   │       │   │   └── progress.make
    │   │   │       │   ├── geometry_msgs_generate_messages_lisp.dir
    │   │   │       │   │   ├── DependInfo.cmake
    │   │   │       │   │   ├── build.make
    │   │   │       │   │   ├── cmake_clean.cmake
    │   │   │       │   │   ├── compiler_depend.make
    │   │   │       │   │   ├── compiler_depend.ts
    │   │   │       │   │   └── progress.make
    │   │   │       │   ├── geometry_msgs_generate_messages_nodejs.dir
    │   │   │       │   │   ├── DependInfo.cmake
    │   │   │       │   │   ├── build.make
    │   │   │       │   │   ├── cmake_clean.cmake
    │   │   │       │   │   ├── compiler_depend.make
    │   │   │       │   │   ├── compiler_depend.ts
    │   │   │       │   │   └── progress.make
    │   │   │       │   ├── geometry_msgs_generate_messages_py.dir
    │   │   │       │   │   ├── DependInfo.cmake
    │   │   │       │   │   ├── build.make
    │   │   │       │   │   ├── cmake_clean.cmake
    │   │   │       │   │   ├── compiler_depend.make
    │   │   │       │   │   ├── compiler_depend.ts
    │   │   │       │   │   └── progress.make
    │   │   │       │   ├── livox_ros_driver_gencpp.dir
    │   │   │       │   │   ├── DependInfo.cmake
    │   │   │       │   │   ├── build.make
    │   │   │       │   │   ├── cmake_clean.cmake
    │   │   │       │   │   ├── compiler_depend.make
    │   │   │       │   │   ├── compiler_depend.ts
    │   │   │       │   │   └── progress.make
    │   │   │       │   ├── livox_ros_driver_generate_messages.dir
    │   │   │       │   │   ├── DependInfo.cmake
    │   │   │       │   │   ├── build.make
    │   │   │       │   │   ├── cmake_clean.cmake
    │   │   │       │   │   ├── compiler_depend.make
    │   │   │       │   │   ├── compiler_depend.ts
    │   │   │       │   │   └── progress.make
    │   │   │       │   ├── livox_ros_driver_generate_messages_cpp.dir
    │   │   │       │   │   ├── DependInfo.cmake
    │   │   │       │   │   ├── build.make
    │   │   │       │   │   ├── cmake_clean.cmake
    │   │   │       │   │   ├── compiler_depend.make
    │   │   │       │   │   ├── compiler_depend.ts
    │   │   │       │   │   └── progress.make
    │   │   │       │   ├── livox_ros_driver_generate_messages_eus.dir
    │   │   │       │   │   ├── DependInfo.cmake
    │   │   │       │   │   ├── build.make
    │   │   │       │   │   ├── cmake_clean.cmake
    │   │   │       │   │   ├── compiler_depend.make
    │   │   │       │   │   ├── compiler_depend.ts
    │   │   │       │   │   └── progress.make
    │   │   │       │   ├── livox_ros_driver_generate_messages_lisp.dir
    │   │   │       │   │   ├── DependInfo.cmake
    │   │   │       │   │   ├── build.make
    │   │   │       │   │   ├── cmake_clean.cmake
    │   │   │       │   │   ├── compiler_depend.make
    │   │   │       │   │   ├── compiler_depend.ts
    │   │   │       │   │   └── progress.make
    │   │   │       │   ├── livox_ros_driver_generate_messages_nodejs.dir
    │   │   │       │   │   ├── DependInfo.cmake
    │   │   │       │   │   ├── build.make
    │   │   │       │   │   ├── cmake_clean.cmake
    │   │   │       │   │   ├── compiler_depend.make
    │   │   │       │   │   ├── compiler_depend.ts
    │   │   │       │   │   └── progress.make
    │   │   │       │   ├── livox_ros_driver_generate_messages_py.dir
    │   │   │       │   │   ├── DependInfo.cmake
    │   │   │       │   │   ├── build.make
    │   │   │       │   │   ├── cmake_clean.cmake
    │   │   │       │   │   ├── compiler_depend.make
    │   │   │       │   │   ├── compiler_depend.ts
    │   │   │       │   │   └── progress.make
    │   │   │       │   ├── livox_ros_driver_geneus.dir
    │   │   │       │   │   ├── DependInfo.cmake
    │   │   │       │   │   ├── build.make
    │   │   │       │   │   ├── cmake_clean.cmake
    │   │   │       │   │   ├── compiler_depend.make
    │   │   │       │   │   ├── compiler_depend.ts
    │   │   │       │   │   └── progress.make
    │   │   │       │   ├── livox_ros_driver_genlisp.dir
    │   │   │       │   │   ├── DependInfo.cmake
    │   │   │       │   │   ├── build.make
    │   │   │       │   │   ├── cmake_clean.cmake
    │   │   │       │   │   ├── compiler_depend.make
    │   │   │       │   │   ├── compiler_depend.ts
    │   │   │       │   │   └── progress.make
    │   │   │       │   ├── livox_ros_driver_gennodejs.dir
    │   │   │       │   │   ├── DependInfo.cmake
    │   │   │       │   │   ├── build.make
    │   │   │       │   │   ├── cmake_clean.cmake
    │   │   │       │   │   ├── compiler_depend.make
    │   │   │       │   │   ├── compiler_depend.ts
    │   │   │       │   │   └── progress.make
    │   │   │       │   ├── livox_ros_driver_genpy.dir
    │   │   │       │   │   ├── DependInfo.cmake
    │   │   │       │   │   ├── build.make
    │   │   │       │   │   ├── cmake_clean.cmake
    │   │   │       │   │   ├── compiler_depend.make
    │   │   │       │   │   ├── compiler_depend.ts
    │   │   │       │   │   └── progress.make
    │   │   │       │   ├── livox_ros_driver_node.dir
    │   │   │       │   │   ├── DependInfo.cmake
    │   │   │       │   │   ├── build.make
    │   │   │       │   │   ├── cmake_clean.cmake
    │   │   │       │   │   ├── common
    │   │   │       │   │   │   └── comm
    │   │   │       │   │   │       ├── comm_protocol.cpp.o
    │   │   │       │   │   │       ├── comm_protocol.cpp.o.d
    │   │   │       │   │   │       ├── gps_protocol.cpp.o
    │   │   │       │   │   │       ├── gps_protocol.cpp.o.d
    │   │   │       │   │   │       ├── sdk_protocol.cpp.o
    │   │   │       │   │   │       └── sdk_protocol.cpp.o.d
    │   │   │       │   │   ├── compiler_depend.internal
    │   │   │       │   │   ├── compiler_depend.make
    │   │   │       │   │   ├── compiler_depend.ts
    │   │   │       │   │   ├── depend.make
    │   │   │       │   │   ├── flags.make
    │   │   │       │   │   ├── link.txt
    │   │   │       │   │   ├── livox_ros_driver
    │   │   │       │   │   │   ├── lddc.cpp.o
    │   │   │       │   │   │   ├── lddc.cpp.o.d
    │   │   │       │   │   │   ├── ldq.cpp.o
    │   │   │       │   │   │   ├── ldq.cpp.o.d
    │   │   │       │   │   │   ├── lds.cpp.o
    │   │   │       │   │   │   ├── lds.cpp.o.d
    │   │   │       │   │   │   ├── lds_hub.cpp.o
    │   │   │       │   │   │   ├── lds_hub.cpp.o.d
    │   │   │       │   │   │   ├── lds_lidar.cpp.o
    │   │   │       │   │   │   ├── lds_lidar.cpp.o.d
    │   │   │       │   │   │   ├── lds_lvx.cpp.o
    │   │   │       │   │   │   ├── lds_lvx.cpp.o.d
    │   │   │       │   │   │   ├── livox_ros_driver.cpp.o
    │   │   │       │   │   │   ├── livox_ros_driver.cpp.o.d
    │   │   │       │   │   │   ├── lvx_file.cpp.o
    │   │   │       │   │   │   └── lvx_file.cpp.o.d
    │   │   │       │   │   ├── progress.make
    │   │   │       │   │   └── timesync
    │   │   │       │   │       ├── timesync.cpp.o
    │   │   │       │   │       ├── timesync.cpp.o.d
    │   │   │       │   │       └── user_uart
    │   │   │       │   │           ├── user_uart.cpp.o
    │   │   │       │   │           └── user_uart.cpp.o.d
    │   │   │       │   ├── nodelet_generate_messages_cpp.dir
    │   │   │       │   │   ├── DependInfo.cmake
    │   │   │       │   │   ├── build.make
    │   │   │       │   │   ├── cmake_clean.cmake
    │   │   │       │   │   ├── compiler_depend.make
    │   │   │       │   │   ├── compiler_depend.ts
    │   │   │       │   │   └── progress.make
    │   │   │       │   ├── nodelet_generate_messages_eus.dir
    │   │   │       │   │   ├── DependInfo.cmake
    │   │   │       │   │   ├── build.make
    │   │   │       │   │   ├── cmake_clean.cmake
    │   │   │       │   │   ├── compiler_depend.make
    │   │   │       │   │   ├── compiler_depend.ts
    │   │   │       │   │   └── progress.make
    │   │   │       │   ├── nodelet_generate_messages_lisp.dir
    │   │   │       │   │   ├── DependInfo.cmake
    │   │   │       │   │   ├── build.make
    │   │   │       │   │   ├── cmake_clean.cmake
    │   │   │       │   │   ├── compiler_depend.make
    │   │   │       │   │   ├── compiler_depend.ts
    │   │   │       │   │   └── progress.make
    │   │   │       │   ├── nodelet_generate_messages_nodejs.dir
    │   │   │       │   │   ├── DependInfo.cmake
    │   │   │       │   │   ├── build.make
    │   │   │       │   │   ├── cmake_clean.cmake
    │   │   │       │   │   ├── compiler_depend.make
    │   │   │       │   │   ├── compiler_depend.ts
    │   │   │       │   │   └── progress.make
    │   │   │       │   ├── nodelet_generate_messages_py.dir
    │   │   │       │   │   ├── DependInfo.cmake
    │   │   │       │   │   ├── build.make
    │   │   │       │   │   ├── cmake_clean.cmake
    │   │   │       │   │   ├── compiler_depend.make
    │   │   │       │   │   ├── compiler_depend.ts
    │   │   │       │   │   └── progress.make
    │   │   │       │   ├── nodelet_topic_tools_gencfg.dir
    │   │   │       │   │   ├── DependInfo.cmake
    │   │   │       │   │   ├── build.make
    │   │   │       │   │   ├── cmake_clean.cmake
    │   │   │       │   │   ├── compiler_depend.make
    │   │   │       │   │   ├── compiler_depend.ts
    │   │   │       │   │   └── progress.make
    │   │   │       │   ├── pcl_msgs_generate_messages_cpp.dir
    │   │   │       │   │   ├── DependInfo.cmake
    │   │   │       │   │   ├── build.make
    │   │   │       │   │   ├── cmake_clean.cmake
    │   │   │       │   │   ├── compiler_depend.make
    │   │   │       │   │   ├── compiler_depend.ts
    │   │   │       │   │   └── progress.make
    │   │   │       │   ├── pcl_msgs_generate_messages_eus.dir
    │   │   │       │   │   ├── DependInfo.cmake
    │   │   │       │   │   ├── build.make
    │   │   │       │   │   ├── cmake_clean.cmake
    │   │   │       │   │   ├── compiler_depend.make
    │   │   │       │   │   ├── compiler_depend.ts
    │   │   │       │   │   └── progress.make
    │   │   │       │   ├── pcl_msgs_generate_messages_lisp.dir
    │   │   │       │   │   ├── DependInfo.cmake
    │   │   │       │   │   ├── build.make
    │   │   │       │   │   ├── cmake_clean.cmake
    │   │   │       │   │   ├── compiler_depend.make
    │   │   │       │   │   ├── compiler_depend.ts
    │   │   │       │   │   └── progress.make
    │   │   │       │   ├── pcl_msgs_generate_messages_nodejs.dir
    │   │   │       │   │   ├── DependInfo.cmake
    │   │   │       │   │   ├── build.make
    │   │   │       │   │   ├── cmake_clean.cmake
    │   │   │       │   │   ├── compiler_depend.make
    │   │   │       │   │   ├── compiler_depend.ts
    │   │   │       │   │   └── progress.make
    │   │   │       │   ├── pcl_msgs_generate_messages_py.dir
    │   │   │       │   │   ├── DependInfo.cmake
    │   │   │       │   │   ├── build.make
    │   │   │       │   │   ├── cmake_clean.cmake
    │   │   │       │   │   ├── compiler_depend.make
    │   │   │       │   │   ├── compiler_depend.ts
    │   │   │       │   │   └── progress.make
    │   │   │       │   ├── pcl_ros_gencfg.dir
    │   │   │       │   │   ├── DependInfo.cmake
    │   │   │       │   │   ├── build.make
    │   │   │       │   │   ├── cmake_clean.cmake
    │   │   │       │   │   ├── compiler_depend.make
    │   │   │       │   │   ├── compiler_depend.ts
    │   │   │       │   │   └── progress.make
    │   │   │       │   ├── progress.marks
    │   │   │       │   ├── roscpp_generate_messages_cpp.dir
    │   │   │       │   │   ├── DependInfo.cmake
    │   │   │       │   │   ├── build.make
    │   │   │       │   │   ├── cmake_clean.cmake
    │   │   │       │   │   ├── compiler_depend.make
    │   │   │       │   │   ├── compiler_depend.ts
    │   │   │       │   │   └── progress.make
    │   │   │       │   ├── roscpp_generate_messages_eus.dir
    │   │   │       │   │   ├── DependInfo.cmake
    │   │   │       │   │   ├── build.make
    │   │   │       │   │   ├── cmake_clean.cmake
    │   │   │       │   │   ├── compiler_depend.make
    │   │   │       │   │   ├── compiler_depend.ts
    │   │   │       │   │   └── progress.make
    │   │   │       │   ├── roscpp_generate_messages_lisp.dir
    │   │   │       │   │   ├── DependInfo.cmake
    │   │   │       │   │   ├── build.make
    │   │   │       │   │   ├── cmake_clean.cmake
    │   │   │       │   │   ├── compiler_depend.make
    │   │   │       │   │   ├── compiler_depend.ts
    │   │   │       │   │   └── progress.make
    │   │   │       │   ├── roscpp_generate_messages_nodejs.dir
    │   │   │       │   │   ├── DependInfo.cmake
    │   │   │       │   │   ├── build.make
    │   │   │       │   │   ├── cmake_clean.cmake
    │   │   │       │   │   ├── compiler_depend.make
    │   │   │       │   │   ├── compiler_depend.ts
    │   │   │       │   │   └── progress.make
    │   │   │       │   ├── roscpp_generate_messages_py.dir
    │   │   │       │   │   ├── DependInfo.cmake
    │   │   │       │   │   ├── build.make
    │   │   │       │   │   ├── cmake_clean.cmake
    │   │   │       │   │   ├── compiler_depend.make
    │   │   │       │   │   ├── compiler_depend.ts
    │   │   │       │   │   └── progress.make
    │   │   │       │   ├── rosgraph_msgs_generate_messages_cpp.dir
    │   │   │       │   │   ├── DependInfo.cmake
    │   │   │       │   │   ├── build.make
    │   │   │       │   │   ├── cmake_clean.cmake
    │   │   │       │   │   ├── compiler_depend.make
    │   │   │       │   │   ├── compiler_depend.ts
    │   │   │       │   │   └── progress.make
    │   │   │       │   ├── rosgraph_msgs_generate_messages_eus.dir
    │   │   │       │   │   ├── DependInfo.cmake
    │   │   │       │   │   ├── build.make
    │   │   │       │   │   ├── cmake_clean.cmake
    │   │   │       │   │   ├── compiler_depend.make
    │   │   │       │   │   ├── compiler_depend.ts
    │   │   │       │   │   └── progress.make
    │   │   │       │   ├── rosgraph_msgs_generate_messages_lisp.dir
    │   │   │       │   │   ├── DependInfo.cmake
    │   │   │       │   │   ├── build.make
    │   │   │       │   │   ├── cmake_clean.cmake
    │   │   │       │   │   ├── compiler_depend.make
    │   │   │       │   │   ├── compiler_depend.ts
    │   │   │       │   │   └── progress.make
    │   │   │       │   ├── rosgraph_msgs_generate_messages_nodejs.dir
    │   │   │       │   │   ├── DependInfo.cmake
    │   │   │       │   │   ├── build.make
    │   │   │       │   │   ├── cmake_clean.cmake
    │   │   │       │   │   ├── compiler_depend.make
    │   │   │       │   │   ├── compiler_depend.ts
    │   │   │       │   │   └── progress.make
    │   │   │       │   ├── rosgraph_msgs_generate_messages_py.dir
    │   │   │       │   │   ├── DependInfo.cmake
    │   │   │       │   │   ├── build.make
    │   │   │       │   │   ├── cmake_clean.cmake
    │   │   │       │   │   ├── compiler_depend.make
    │   │   │       │   │   ├── compiler_depend.ts
    │   │   │       │   │   └── progress.make
    │   │   │       │   ├── sensor_msgs_generate_messages_cpp.dir
    │   │   │       │   │   ├── DependInfo.cmake
    │   │   │       │   │   ├── build.make
    │   │   │       │   │   ├── cmake_clean.cmake
    │   │   │       │   │   ├── compiler_depend.make
    │   │   │       │   │   ├── compiler_depend.ts
    │   │   │       │   │   └── progress.make
    │   │   │       │   ├── sensor_msgs_generate_messages_eus.dir
    │   │   │       │   │   ├── DependInfo.cmake
    │   │   │       │   │   ├── build.make
    │   │   │       │   │   ├── cmake_clean.cmake
    │   │   │       │   │   ├── compiler_depend.make
    │   │   │       │   │   ├── compiler_depend.ts
    │   │   │       │   │   └── progress.make
    │   │   │       │   ├── sensor_msgs_generate_messages_lisp.dir
    │   │   │       │   │   ├── DependInfo.cmake
    │   │   │       │   │   ├── build.make
    │   │   │       │   │   ├── cmake_clean.cmake
    │   │   │       │   │   ├── compiler_depend.make
    │   │   │       │   │   ├── compiler_depend.ts
    │   │   │       │   │   └── progress.make
    │   │   │       │   ├── sensor_msgs_generate_messages_nodejs.dir
    │   │   │       │   │   ├── DependInfo.cmake
    │   │   │       │   │   ├── build.make
    │   │   │       │   │   ├── cmake_clean.cmake
    │   │   │       │   │   ├── compiler_depend.make
    │   │   │       │   │   ├── compiler_depend.ts
    │   │   │       │   │   └── progress.make
    │   │   │       │   ├── sensor_msgs_generate_messages_py.dir
    │   │   │       │   │   ├── DependInfo.cmake
    │   │   │       │   │   ├── build.make
    │   │   │       │   │   ├── cmake_clean.cmake
    │   │   │       │   │   ├── compiler_depend.make
    │   │   │       │   │   ├── compiler_depend.ts
    │   │   │       │   │   └── progress.make
    │   │   │       │   ├── std_msgs_generate_messages_cpp.dir
    │   │   │       │   │   ├── DependInfo.cmake
    │   │   │       │   │   ├── build.make
    │   │   │       │   │   ├── cmake_clean.cmake
    │   │   │       │   │   ├── compiler_depend.make
    │   │   │       │   │   ├── compiler_depend.ts
    │   │   │       │   │   └── progress.make
    │   │   │       │   ├── std_msgs_generate_messages_eus.dir
    │   │   │       │   │   ├── DependInfo.cmake
    │   │   │       │   │   ├── build.make
    │   │   │       │   │   ├── cmake_clean.cmake
    │   │   │       │   │   ├── compiler_depend.make
    │   │   │       │   │   ├── compiler_depend.ts
    │   │   │       │   │   └── progress.make
    │   │   │       │   ├── std_msgs_generate_messages_lisp.dir
    │   │   │       │   │   ├── DependInfo.cmake
    │   │   │       │   │   ├── build.make
    │   │   │       │   │   ├── cmake_clean.cmake
    │   │   │       │   │   ├── compiler_depend.make
    │   │   │       │   │   ├── compiler_depend.ts
    │   │   │       │   │   └── progress.make
    │   │   │       │   ├── std_msgs_generate_messages_nodejs.dir
    │   │   │       │   │   ├── DependInfo.cmake
    │   │   │       │   │   ├── build.make
    │   │   │       │   │   ├── cmake_clean.cmake
    │   │   │       │   │   ├── compiler_depend.make
    │   │   │       │   │   ├── compiler_depend.ts
    │   │   │       │   │   └── progress.make
    │   │   │       │   ├── std_msgs_generate_messages_py.dir
    │   │   │       │   │   ├── DependInfo.cmake
    │   │   │       │   │   ├── build.make
    │   │   │       │   │   ├── cmake_clean.cmake
    │   │   │       │   │   ├── compiler_depend.make
    │   │   │       │   │   ├── compiler_depend.ts
    │   │   │       │   │   └── progress.make
    │   │   │       │   ├── std_srvs_generate_messages_cpp.dir
    │   │   │       │   │   ├── DependInfo.cmake
    │   │   │       │   │   ├── build.make
    │   │   │       │   │   ├── cmake_clean.cmake
    │   │   │       │   │   ├── compiler_depend.make
    │   │   │       │   │   ├── compiler_depend.ts
    │   │   │       │   │   └── progress.make
    │   │   │       │   ├── std_srvs_generate_messages_eus.dir
    │   │   │       │   │   ├── DependInfo.cmake
    │   │   │       │   │   ├── build.make
    │   │   │       │   │   ├── cmake_clean.cmake
    │   │   │       │   │   ├── compiler_depend.make
    │   │   │       │   │   ├── compiler_depend.ts
    │   │   │       │   │   └── progress.make
    │   │   │       │   ├── std_srvs_generate_messages_lisp.dir
    │   │   │       │   │   ├── DependInfo.cmake
    │   │   │       │   │   ├── build.make
    │   │   │       │   │   ├── cmake_clean.cmake
    │   │   │       │   │   ├── compiler_depend.make
    │   │   │       │   │   ├── compiler_depend.ts
    │   │   │       │   │   └── progress.make
    │   │   │       │   ├── std_srvs_generate_messages_nodejs.dir
    │   │   │       │   │   ├── DependInfo.cmake
    │   │   │       │   │   ├── build.make
    │   │   │       │   │   ├── cmake_clean.cmake
    │   │   │       │   │   ├── compiler_depend.make
    │   │   │       │   │   ├── compiler_depend.ts
    │   │   │       │   │   └── progress.make
    │   │   │       │   ├── std_srvs_generate_messages_py.dir
    │   │   │       │   │   ├── DependInfo.cmake
    │   │   │       │   │   ├── build.make
    │   │   │       │   │   ├── cmake_clean.cmake
    │   │   │       │   │   ├── compiler_depend.make
    │   │   │       │   │   ├── compiler_depend.ts
    │   │   │       │   │   └── progress.make
    │   │   │       │   ├── tf2_msgs_generate_messages_cpp.dir
    │   │   │       │   │   ├── DependInfo.cmake
    │   │   │       │   │   ├── build.make
    │   │   │       │   │   ├── cmake_clean.cmake
    │   │   │       │   │   ├── compiler_depend.make
    │   │   │       │   │   ├── compiler_depend.ts
    │   │   │       │   │   └── progress.make
    │   │   │       │   ├── tf2_msgs_generate_messages_eus.dir
    │   │   │       │   │   ├── DependInfo.cmake
    │   │   │       │   │   ├── build.make
    │   │   │       │   │   ├── cmake_clean.cmake
    │   │   │       │   │   ├── compiler_depend.make
    │   │   │       │   │   ├── compiler_depend.ts
    │   │   │       │   │   └── progress.make
    │   │   │       │   ├── tf2_msgs_generate_messages_lisp.dir
    │   │   │       │   │   ├── DependInfo.cmake
    │   │   │       │   │   ├── build.make
    │   │   │       │   │   ├── cmake_clean.cmake
    │   │   │       │   │   ├── compiler_depend.make
    │   │   │       │   │   ├── compiler_depend.ts
    │   │   │       │   │   └── progress.make
    │   │   │       │   ├── tf2_msgs_generate_messages_nodejs.dir
    │   │   │       │   │   ├── DependInfo.cmake
    │   │   │       │   │   ├── build.make
    │   │   │       │   │   ├── cmake_clean.cmake
    │   │   │       │   │   ├── compiler_depend.make
    │   │   │       │   │   ├── compiler_depend.ts
    │   │   │       │   │   └── progress.make
    │   │   │       │   ├── tf2_msgs_generate_messages_py.dir
    │   │   │       │   │   ├── DependInfo.cmake
    │   │   │       │   │   ├── build.make
    │   │   │       │   │   ├── cmake_clean.cmake
    │   │   │       │   │   ├── compiler_depend.make
    │   │   │       │   │   ├── compiler_depend.ts
    │   │   │       │   │   └── progress.make
    │   │   │       │   ├── tf_generate_messages_cpp.dir
    │   │   │       │   │   ├── DependInfo.cmake
    │   │   │       │   │   ├── build.make
    │   │   │       │   │   ├── cmake_clean.cmake
    │   │   │       │   │   ├── compiler_depend.make
    │   │   │       │   │   ├── compiler_depend.ts
    │   │   │       │   │   └── progress.make
    │   │   │       │   ├── tf_generate_messages_eus.dir
    │   │   │       │   │   ├── DependInfo.cmake
    │   │   │       │   │   ├── build.make
    │   │   │       │   │   ├── cmake_clean.cmake
    │   │   │       │   │   ├── compiler_depend.make
    │   │   │       │   │   ├── compiler_depend.ts
    │   │   │       │   │   └── progress.make
    │   │   │       │   ├── tf_generate_messages_lisp.dir
    │   │   │       │   │   ├── DependInfo.cmake
    │   │   │       │   │   ├── build.make
    │   │   │       │   │   ├── cmake_clean.cmake
    │   │   │       │   │   ├── compiler_depend.make
    │   │   │       │   │   ├── compiler_depend.ts
    │   │   │       │   │   └── progress.make
    │   │   │       │   ├── tf_generate_messages_nodejs.dir
    │   │   │       │   │   ├── DependInfo.cmake
    │   │   │       │   │   ├── build.make
    │   │   │       │   │   ├── cmake_clean.cmake
    │   │   │       │   │   ├── compiler_depend.make
    │   │   │       │   │   ├── compiler_depend.ts
    │   │   │       │   │   └── progress.make
    │   │   │       │   ├── tf_generate_messages_py.dir
    │   │   │       │   │   ├── DependInfo.cmake
    │   │   │       │   │   ├── build.make
    │   │   │       │   │   ├── cmake_clean.cmake
    │   │   │       │   │   ├── compiler_depend.make
    │   │   │       │   │   ├── compiler_depend.ts
    │   │   │       │   │   └── progress.make
    │   │   │       │   ├── topic_tools_generate_messages_cpp.dir
    │   │   │       │   │   ├── DependInfo.cmake
    │   │   │       │   │   ├── build.make
    │   │   │       │   │   ├── cmake_clean.cmake
    │   │   │       │   │   ├── compiler_depend.make
    │   │   │       │   │   ├── compiler_depend.ts
    │   │   │       │   │   └── progress.make
    │   │   │       │   ├── topic_tools_generate_messages_eus.dir
    │   │   │       │   │   ├── DependInfo.cmake
    │   │   │       │   │   ├── build.make
    │   │   │       │   │   ├── cmake_clean.cmake
    │   │   │       │   │   ├── compiler_depend.make
    │   │   │       │   │   ├── compiler_depend.ts
    │   │   │       │   │   └── progress.make
    │   │   │       │   ├── topic_tools_generate_messages_lisp.dir
    │   │   │       │   │   ├── DependInfo.cmake
    │   │   │       │   │   ├── build.make
    │   │   │       │   │   ├── cmake_clean.cmake
    │   │   │       │   │   ├── compiler_depend.make
    │   │   │       │   │   ├── compiler_depend.ts
    │   │   │       │   │   └── progress.make
    │   │   │       │   ├── topic_tools_generate_messages_nodejs.dir
    │   │   │       │   │   ├── DependInfo.cmake
    │   │   │       │   │   ├── build.make
    │   │   │       │   │   ├── cmake_clean.cmake
    │   │   │       │   │   ├── compiler_depend.make
    │   │   │       │   │   ├── compiler_depend.ts
    │   │   │       │   │   └── progress.make
    │   │   │       │   └── topic_tools_generate_messages_py.dir
    │   │   │       │       ├── DependInfo.cmake
    │   │   │       │       ├── build.make
    │   │   │       │       ├── cmake_clean.cmake
    │   │   │       │       ├── compiler_depend.make
    │   │   │       │       ├── compiler_depend.ts
    │   │   │       │       └── progress.make
    │   │   │       ├── CTestTestfile.cmake
    │   │   │       ├── Makefile
    │   │   │       ├── catkin_generated
    │   │   │       │   ├── installspace
    │   │   │       │   │   ├── livox_ros_driver-msg-extras.cmake
    │   │   │       │   │   ├── livox_ros_driver-msg-paths.cmake
    │   │   │       │   │   ├── livox_ros_driver.pc
    │   │   │       │   │   ├── livox_ros_driverConfig-version.cmake
    │   │   │       │   │   └── livox_ros_driverConfig.cmake
    │   │   │       │   ├── livox_ros_driver-msg-extras.cmake.develspace.in
    │   │   │       │   ├── livox_ros_driver-msg-extras.cmake.installspace.in
    │   │   │       │   ├── ordered_paths.cmake
    │   │   │       │   ├── package.cmake
    │   │   │       │   ├── pkg.develspace.context.pc.py
    │   │   │       │   ├── pkg.installspace.context.pc.py
    │   │   │       │   └── stamps
    │   │   │       │       └── livox_ros_driver
    │   │   │       │           ├── package.xml.stamp
    │   │   │       │           ├── pkg-genmsg.cmake.em.stamp
    │   │   │       │           └── pkg.pc.em.stamp
    │   │   │       ├── cmake
    │   │   │       │   ├── livox_ros_driver-genmsg-context.py
    │   │   │       │   └── livox_ros_driver-genmsg.cmake
    │   │   │       └── cmake_install.cmake
    │   │   ├── rpg_vikit
    │   │   │   ├── vikit_common
    │   │   │   │   ├── CMakeFiles
    │   │   │   │   │   ├── CMakeDirectoryInformation.cmake
    │   │   │   │   │   ├── progress.marks
    │   │   │   │   │   ├── test_vk_common_camera.dir
    │   │   │   │   │   │   ├── DependInfo.cmake
    │   │   │   │   │   │   ├── build.make
    │   │   │   │   │   │   ├── cmake_clean.cmake
    │   │   │   │   │   │   ├── compiler_depend.internal
    │   │   │   │   │   │   ├── compiler_depend.make
    │   │   │   │   │   │   ├── compiler_depend.ts
    │   │   │   │   │   │   ├── depend.make
    │   │   │   │   │   │   ├── flags.make
    │   │   │   │   │   │   ├── link.txt
    │   │   │   │   │   │   ├── progress.make
    │   │   │   │   │   │   └── test
    │   │   │   │   │   │       ├── test_camera.cpp.o
    │   │   │   │   │   │       └── test_camera.cpp.o.d
    │   │   │   │   │   ├── test_vk_common_patch_score.dir
    │   │   │   │   │   │   ├── DependInfo.cmake
    │   │   │   │   │   │   ├── build.make
    │   │   │   │   │   │   ├── cmake_clean.cmake
    │   │   │   │   │   │   ├── compiler_depend.internal
    │   │   │   │   │   │   ├── compiler_depend.make
    │   │   │   │   │   │   ├── compiler_depend.ts
    │   │   │   │   │   │   ├── depend.make
    │   │   │   │   │   │   ├── flags.make
    │   │   │   │   │   │   ├── link.txt
    │   │   │   │   │   │   ├── progress.make
    │   │   │   │   │   │   └── test
    │   │   │   │   │   │       ├── test_patch_score.cpp.o
    │   │   │   │   │   │       └── test_patch_score.cpp.o.d
    │   │   │   │   │   ├── test_vk_common_triangulation.dir
    │   │   │   │   │   │   ├── DependInfo.cmake
    │   │   │   │   │   │   ├── build.make
    │   │   │   │   │   │   ├── cmake_clean.cmake
    │   │   │   │   │   │   ├── compiler_depend.internal
    │   │   │   │   │   │   ├── compiler_depend.make
    │   │   │   │   │   │   ├── compiler_depend.ts
    │   │   │   │   │   │   ├── depend.make
    │   │   │   │   │   │   ├── flags.make
    │   │   │   │   │   │   ├── link.txt
    │   │   │   │   │   │   ├── progress.make
    │   │   │   │   │   │   └── test
    │   │   │   │   │   │       ├── test_triangulation.cpp.o
    │   │   │   │   │   │       └── test_triangulation.cpp.o.d
    │   │   │   │   │   └── vikit_common.dir
    │   │   │   │   │       ├── DependInfo.cmake
    │   │   │   │   │       ├── build.make
    │   │   │   │   │       ├── cmake_clean.cmake
    │   │   │   │   │       ├── compiler_depend.internal
    │   │   │   │   │       ├── compiler_depend.make
    │   │   │   │   │       ├── compiler_depend.ts
    │   │   │   │   │       ├── depend.make
    │   │   │   │   │       ├── flags.make
    │   │   │   │   │       ├── link.txt
    │   │   │   │   │       ├── progress.make
    │   │   │   │   │       └── src
    │   │   │   │   │           ├── atan_camera.cpp.o
    │   │   │   │   │           ├── atan_camera.cpp.o.d
    │   │   │   │   │           ├── equidistant_camera.cpp.o
    │   │   │   │   │           ├── equidistant_camera.cpp.o.d
    │   │   │   │   │           ├── homography.cpp.o
    │   │   │   │   │           ├── homography.cpp.o.d
    │   │   │   │   │           ├── img_align.cpp.o
    │   │   │   │   │           ├── img_align.cpp.o.d
    │   │   │   │   │           ├── math_utils.cpp.o
    │   │   │   │   │           ├── math_utils.cpp.o.d
    │   │   │   │   │           ├── omni_camera.cpp.o
    │   │   │   │   │           ├── omni_camera.cpp.o.d
    │   │   │   │   │           ├── performance_monitor.cpp.o
    │   │   │   │   │           ├── performance_monitor.cpp.o.d
    │   │   │   │   │           ├── pinhole_camera.cpp.o
    │   │   │   │   │           ├── pinhole_camera.cpp.o.d
    │   │   │   │   │           ├── polynomial_camera.cpp.o
    │   │   │   │   │           ├── polynomial_camera.cpp.o.d
    │   │   │   │   │           ├── robust_cost.cpp.o
    │   │   │   │   │           ├── robust_cost.cpp.o.d
    │   │   │   │   │           ├── user_input_thread.cpp.o
    │   │   │   │   │           ├── user_input_thread.cpp.o.d
    │   │   │   │   │           ├── vision.cpp.o
    │   │   │   │   │           └── vision.cpp.o.d
    │   │   │   │   ├── CTestTestfile.cmake
    │   │   │   │   ├── Makefile
    │   │   │   │   ├── catkin_generated
    │   │   │   │   │   ├── installspace
    │   │   │   │   │   │   ├── vikit_common.pc
    │   │   │   │   │   │   ├── vikit_commonConfig-version.cmake
    │   │   │   │   │   │   └── vikit_commonConfig.cmake
    │   │   │   │   │   ├── ordered_paths.cmake
    │   │   │   │   │   ├── package.cmake
    │   │   │   │   │   ├── pkg.develspace.context.pc.py
    │   │   │   │   │   ├── pkg.installspace.context.pc.py
    │   │   │   │   │   └── stamps
    │   │   │   │   │       └── vikit_common
    │   │   │   │   │           ├── package.xml.stamp
    │   │   │   │   │           └── pkg.pc.em.stamp
    │   │   │   │   └── cmake_install.cmake
    │   │   │   ├── vikit_py
    │   │   │   │   ├── CMakeFiles
    │   │   │   │   │   ├── CMakeDirectoryInformation.cmake
    │   │   │   │   │   ├── _catkin_empty_exported_target.dir
    │   │   │   │   │   │   ├── DependInfo.cmake
    │   │   │   │   │   │   ├── build.make
    │   │   │   │   │   │   ├── cmake_clean.cmake
    │   │   │   │   │   │   ├── compiler_depend.make
    │   │   │   │   │   │   ├── compiler_depend.ts
    │   │   │   │   │   │   └── progress.make
    │   │   │   │   │   └── progress.marks
    │   │   │   │   ├── CTestTestfile.cmake
    │   │   │   │   ├── Makefile
    │   │   │   │   ├── catkin_generated
    │   │   │   │   │   ├── installspace
    │   │   │   │   │   │   ├── vikit_py.pc
    │   │   │   │   │   │   ├── vikit_pyConfig-version.cmake
    │   │   │   │   │   │   └── vikit_pyConfig.cmake
    │   │   │   │   │   ├── package.cmake
    │   │   │   │   │   ├── pkg.develspace.context.pc.py
    │   │   │   │   │   ├── pkg.installspace.context.pc.py
    │   │   │   │   │   ├── python_distutils_install.sh
    │   │   │   │   │   ├── safe_execute_install.cmake
    │   │   │   │   │   ├── setup_py_interrogation.cmake
    │   │   │   │   │   └── stamps
    │   │   │   │   │       └── vikit_py
    │   │   │   │   │           ├── package.xml.stamp
    │   │   │   │   │           ├── pkg.pc.em.stamp
    │   │   │   │   │           └── setup.py.stamp
    │   │   │   │   └── cmake_install.cmake
    │   │   │   └── vikit_ros
    │   │   │       ├── CMakeFiles
    │   │   │       │   ├── CMakeDirectoryInformation.cmake
    │   │   │       │   ├── progress.marks
    │   │   │       │   ├── vikit_ros.dir
    │   │   │       │   │   ├── DependInfo.cmake
    │   │   │       │   │   ├── build.make
    │   │   │       │   │   ├── cmake_clean.cmake
    │   │   │       │   │   ├── compiler_depend.internal
    │   │   │       │   │   ├── compiler_depend.make
    │   │   │       │   │   ├── compiler_depend.ts
    │   │   │       │   │   ├── depend.make
    │   │   │       │   │   ├── flags.make
    │   │   │       │   │   ├── link.txt
    │   │   │       │   │   ├── progress.make
    │   │   │       │   │   └── src
    │   │   │       │   │       ├── output_helper.cpp.o
    │   │   │       │   │       └── output_helper.cpp.o.d
    │   │   │       │   ├── visualization_msgs_generate_messages_cpp.dir
    │   │   │       │   │   ├── DependInfo.cmake
    │   │   │       │   │   ├── build.make
    │   │   │       │   │   ├── cmake_clean.cmake
    │   │   │       │   │   ├── compiler_depend.make
    │   │   │       │   │   ├── compiler_depend.ts
    │   │   │       │   │   └── progress.make
    │   │   │       │   ├── visualization_msgs_generate_messages_eus.dir
    │   │   │       │   │   ├── DependInfo.cmake
    │   │   │       │   │   ├── build.make
    │   │   │       │   │   ├── cmake_clean.cmake
    │   │   │       │   │   ├── compiler_depend.make
    │   │   │       │   │   ├── compiler_depend.ts
    │   │   │       │   │   └── progress.make
    │   │   │       │   ├── visualization_msgs_generate_messages_lisp.dir
    │   │   │       │   │   ├── DependInfo.cmake
    │   │   │       │   │   ├── build.make
    │   │   │       │   │   ├── cmake_clean.cmake
    │   │   │       │   │   ├── compiler_depend.make
    │   │   │       │   │   ├── compiler_depend.ts
    │   │   │       │   │   └── progress.make
    │   │   │       │   ├── visualization_msgs_generate_messages_nodejs.dir
    │   │   │       │   │   ├── DependInfo.cmake
    │   │   │       │   │   ├── build.make
    │   │   │       │   │   ├── cmake_clean.cmake
    │   │   │       │   │   ├── compiler_depend.make
    │   │   │       │   │   ├── compiler_depend.ts
    │   │   │       │   │   └── progress.make
    │   │   │       │   └── visualization_msgs_generate_messages_py.dir
    │   │   │       │       ├── DependInfo.cmake
    │   │   │       │       ├── build.make
    │   │   │       │       ├── cmake_clean.cmake
    │   │   │       │       ├── compiler_depend.make
    │   │   │       │       ├── compiler_depend.ts
    │   │   │       │       └── progress.make
    │   │   │       ├── CTestTestfile.cmake
    │   │   │       ├── Makefile
    │   │   │       ├── catkin_generated
    │   │   │       │   ├── installspace
    │   │   │       │   │   ├── vikit_ros.pc
    │   │   │       │   │   ├── vikit_rosConfig-version.cmake
    │   │   │       │   │   └── vikit_rosConfig.cmake
    │   │   │       │   ├── ordered_paths.cmake
    │   │   │       │   ├── package.cmake
    │   │   │       │   ├── pkg.develspace.context.pc.py
    │   │   │       │   ├── pkg.installspace.context.pc.py
    │   │   │       │   └── stamps
    │   │   │       │       └── vikit_ros
    │   │   │       │           ├── package.xml.stamp
    │   │   │       │           └── pkg.pc.em.stamp
    │   │   │       └── cmake_install.cmake
    │   │   └── test_results
    │   ├── devel
    │   │   ├── _setup_util.py
    │   │   ├── cmake.lock
    │   │   ├── env.sh
    │   │   ├── include
    │   │   │   ├── fast_livo
    │   │   │   │   ├── Pose6D.h
    │   │   │   │   └── States.h
    │   │   │   └── livox_ros_driver
    │   │   │       ├── CustomMsg.h
    │   │   │       └── CustomPoint.h
    │   │   ├── lib
    │   │   │   ├── fast_livo
    │   │   │   │   └── fastlivo_mapping
    │   │   │   ├── libikdtree.so
    │   │   │   ├── libvikit_common.so
    │   │   │   ├── libvikit_ros.so
    │   │   │   ├── libvio.so
    │   │   │   ├── livox_ros_driver
    │   │   │   │   └── livox_ros_driver_node
    │   │   │   ├── pkgconfig
    │   │   │   │   ├── fast_livo.pc
    │   │   │   │   ├── livox_ros_driver.pc
    │   │   │   │   ├── vikit_common.pc
    │   │   │   │   ├── vikit_py.pc
    │   │   │   │   └── vikit_ros.pc
    │   │   │   ├── python3
    │   │   │   │   └── dist-packages
    │   │   │   │       ├── fast_livo
    │   │   │   │       │   ├── __init__.py
    │   │   │   │       │   └── msg
    │   │   │   │       │       ├── _Pose6D.py
    │   │   │   │       │       ├── _States.py
    │   │   │   │       │       └── __init__.py
    │   │   │   │       ├── livox_ros_driver
    │   │   │   │       │   ├── __init__.py
    │   │   │   │       │   └── msg
    │   │   │   │       │       ├── _CustomMsg.py
    │   │   │   │       │       ├── _CustomPoint.py
    │   │   │   │       │       └── __init__.py
    │   │   │   │       └── vikit_py
    │   │   │   │           └── __init__.py
    │   │   │   └── vikit_common
    │   │   │       ├── test_vk_common_camera
    │   │   │       ├── test_vk_common_patch_score
    │   │   │       └── test_vk_common_triangulation
    │   │   ├── local_setup.bash
    │   │   ├── local_setup.sh
    │   │   ├── local_setup.zsh
    │   │   ├── setup.bash
    │   │   ├── setup.sh
    │   │   ├── setup.zsh
    │   │   └── share
    │   │       ├── common-lisp
    │   │       │   └── ros
    │   │       │       ├── fast_livo
    │   │       │       │   └── msg
    │   │       │       │       ├── Pose6D.lisp
    │   │       │       │       ├── States.lisp
    │   │       │       │       ├── _package.lisp
    │   │       │       │       ├── _package_Pose6D.lisp
    │   │       │       │       ├── _package_States.lisp
    │   │       │       │       └── fast_livo-msg.asd
    │   │       │       └── livox_ros_driver
    │   │       │           └── msg
    │   │       │               ├── CustomMsg.lisp
    │   │       │               ├── CustomPoint.lisp
    │   │       │               ├── _package.lisp
    │   │       │               ├── _package_CustomMsg.lisp
    │   │       │               ├── _package_CustomPoint.lisp
    │   │       │               └── livox_ros_driver-msg.asd
    │   │       ├── fast_livo
    │   │       │   └── cmake
    │   │       │       ├── fast_livo-msg-extras.cmake
    │   │       │       ├── fast_livo-msg-paths.cmake
    │   │       │       ├── fast_livoConfig-version.cmake
    │   │       │       └── fast_livoConfig.cmake
    │   │       ├── gennodejs
    │   │       │   └── ros
    │   │       │       ├── fast_livo
    │   │       │       │   ├── _index.js
    │   │       │       │   └── msg
    │   │       │       │       ├── Pose6D.js
    │   │       │       │       ├── States.js
    │   │       │       │       └── _index.js
    │   │       │       └── livox_ros_driver
    │   │       │           ├── _index.js
    │   │       │           └── msg
    │   │       │               ├── CustomMsg.js
    │   │       │               ├── CustomPoint.js
    │   │       │               └── _index.js
    │   │       ├── livox_ros_driver
    │   │       │   └── cmake
    │   │       │       ├── livox_ros_driver-msg-extras.cmake
    │   │       │       ├── livox_ros_driver-msg-paths.cmake
    │   │       │       ├── livox_ros_driverConfig-version.cmake
    │   │       │       └── livox_ros_driverConfig.cmake
    │   │       ├── roseus
    │   │       │   └── ros
    │   │       │       ├── fast_livo
    │   │       │       │   ├── manifest.l
    │   │       │       │   └── msg
    │   │       │       │       ├── Pose6D.l
    │   │       │       │       └── States.l
    │   │       │       └── livox_ros_driver
    │   │       │           ├── manifest.l
    │   │       │           └── msg
    │   │       │               ├── CustomMsg.l
    │   │       │               └── CustomPoint.l
    │   │       ├── vikit_common
    │   │       │   └── cmake
    │   │       │       ├── vikit_commonConfig-version.cmake
    │   │       │       └── vikit_commonConfig.cmake
    │   │       ├── vikit_py
    │   │       │   └── cmake
    │   │       │       ├── vikit_pyConfig-version.cmake
    │   │       │       └── vikit_pyConfig.cmake
    │   │       └── vikit_ros
    │   │           └── cmake
    │   │               ├── vikit_rosConfig-version.cmake
    │   │               └── vikit_rosConfig.cmake
    │   └── src
    │       ├── CMakeLists.txt -> /opt/ros/noetic/share/catkin/cmake/toplevel.cmake
    │       ├── FAST-LIVO
    │       │   ├── CMakeLists.txt
    │       │   ├── LICENSE
    │       │   ├── Log
    │       │   │   ├── camera_pose.txt
    │       │   │   ├── guide.md
    │       │   │   ├── imu.txt
    │       │   │   ├── mat_out.txt
    │       │   │   ├── mat_pre.txt
    │       │   │   ├── plot.py
    │       │   │   └── pos_log.txt
    │       │   ├── PCD
    │       │   ├── README.md
    │       │   ├── config
    │       │   │   ├── MARS_LVIG.yaml
    │       │   │   ├── NTU_VIRAL.yaml
    │       │   │   ├── avia.yaml
    │       │   │   ├── camera_MARS_LVIG.yaml
    │       │   │   ├── camera_NTU_VIRAL.yaml
    │       │   │   ├── camera_pinhole.yaml
    │       │   │   └── mid360.yaml
    │       │   ├── img
    │       │   │   ├── Framework.svg
    │       │   │   ├── cover.bmp
    │       │   │   └── cover.jpg
    │       │   ├── include
    │       │   │   ├── FOV_Checker
    │       │   │   │   ├── FOV_Checker.cpp
    │       │   │   │   └── FOV_Checker.h
    │       │   │   ├── IKFoM_toolkit
    │       │   │   │   ├── esekfom
    │       │   │   │   │   ├── esekfom.hpp
    │       │   │   │   │   └── util.hpp
    │       │   │   │   └── mtk
    │       │   │   │       ├── build_manifold.hpp
    │       │   │   │       ├── src
    │       │   │   │       │   ├── SubManifold.hpp
    │       │   │   │       │   ├── mtkmath.hpp
    │       │   │   │       │   └── vectview.hpp
    │       │   │   │       ├── startIdx.hpp
    │       │   │   │       └── types
    │       │   │   │           ├── S2.hpp
    │       │   │   │           ├── SOn.hpp
    │       │   │   │           ├── vect.hpp
    │       │   │   │           └── wrapped_cv_mat.hpp
    │       │   │   ├── IMU_Processing.h
    │       │   │   ├── common_lib.h
    │       │   │   ├── feature.h
    │       │   │   ├── frame.h
    │       │   │   ├── ikd-Tree
    │       │   │   │   ├── README.md
    │       │   │   │   ├── ikd_Tree.cpp
    │       │   │   │   └── ikd_Tree.h
    │       │   │   ├── lidar_selection.h
    │       │   │   ├── map.h
    │       │   │   ├── point.h
    │       │   │   ├── preprocess.h
    │       │   │   ├── so3_math.h
    │       │   │   └── use-ikfom.hpp
    │       │   ├── launch
    │       │   │   ├── mapping_avia.launch
    │       │   │   ├── mapping_avia_marslvig.launch
    │       │   │   ├── mapping_avia_ntu.launch
    │       │   │   └── mapping_mid360.launch
    │       │   ├── msg
    │       │   │   ├── Pose6D.msg
    │       │   │   └── States.msg
    │       │   ├── package.xml
    │       │   ├── rviz_cfg
    │       │   │   ├── loam_livox.rviz
    │       │   │   ├── loam_livox_m300.rviz
    │       │   │   └── loam_livox_ouster.rviz
    │       │   └── src
    │       │       ├── IMU_Processing.cpp
    │       │       ├── frame.cpp
    │       │       ├── laserMapping.cpp
    │       │       ├── lidar_selection.cpp
    │       │       ├── map.cpp
    │       │       ├── point.cpp
    │       │       └── preprocess.cpp
    │       ├── livox_ros_driver
    │       │   ├── LICENSE.txt
    │       │   ├── README.md
    │       │   ├── README_CN.md
    │       │   ├── images
    │       │   │   └── broadcast_code.png
    │       │   └── livox_ros_driver
    │       │       ├── CMakeLists.txt
    │       │       ├── cmake
    │       │       │   └── version.cmake
    │       │       ├── common
    │       │       │   ├── FastCRC
    │       │       │   │   ├── FastCRC.h
    │       │       │   │   ├── FastCRC_tables.hpp
    │       │       │   │   ├── FastCRCsw.cpp
    │       │       │   │   ├── LICENSE.md
    │       │       │   │   └── README.md
    │       │       │   ├── comm
    │       │       │   │   ├── comm_device.h
    │       │       │   │   ├── comm_protocol.cpp
    │       │       │   │   ├── comm_protocol.h
    │       │       │   │   ├── gps_protocol.cpp
    │       │       │   │   ├── gps_protocol.h
    │       │       │   │   ├── protocol.h
    │       │       │   │   ├── sdk_protocol.cpp
    │       │       │   │   └── sdk_protocol.h
    │       │       │   ├── rapidjson
    │       │       │   │   ├── allocators.h
    │       │       │   │   ├── cursorstreamwrapper.h
    │       │       │   │   ├── document.h
    │       │       │   │   ├── encodedstream.h
    │       │       │   │   ├── encodings.h
    │       │       │   │   ├── error
    │       │       │   │   │   ├── en.h
    │       │       │   │   │   └── error.h
    │       │       │   │   ├── filereadstream.h
    │       │       │   │   ├── filewritestream.h
    │       │       │   │   ├── fwd.h
    │       │       │   │   ├── internal
    │       │       │   │   │   ├── biginteger.h
    │       │       │   │   │   ├── clzll.h
    │       │       │   │   │   ├── diyfp.h
    │       │       │   │   │   ├── dtoa.h
    │       │       │   │   │   ├── ieee754.h
    │       │       │   │   │   ├── itoa.h
    │       │       │   │   │   ├── meta.h
    │       │       │   │   │   ├── pow10.h
    │       │       │   │   │   ├── regex.h
    │       │       │   │   │   ├── stack.h
    │       │       │   │   │   ├── strfunc.h
    │       │       │   │   │   ├── strtod.h
    │       │       │   │   │   └── swap.h
    │       │       │   │   ├── istreamwrapper.h
    │       │       │   │   ├── memorybuffer.h
    │       │       │   │   ├── memorystream.h
    │       │       │   │   ├── msinttypes
    │       │       │   │   │   ├── inttypes.h
    │       │       │   │   │   └── stdint.h
    │       │       │   │   ├── ostreamwrapper.h
    │       │       │   │   ├── pointer.h
    │       │       │   │   ├── prettywriter.h
    │       │       │   │   ├── rapidjson.h
    │       │       │   │   ├── reader.h
    │       │       │   │   ├── schema.h
    │       │       │   │   ├── stream.h
    │       │       │   │   ├── stringbuffer.h
    │       │       │   │   └── writer.h
    │       │       │   └── rapidxml
    │       │       │       ├── rapidxml.hpp
    │       │       │       ├── rapidxml_iterators.hpp
    │       │       │       ├── rapidxml_print.hpp
    │       │       │       └── rapidxml_utils.hpp
    │       │       ├── config
    │       │       │   ├── display_hub_points.rviz
    │       │       │   ├── display_lidar_points.rviz
    │       │       │   ├── livox_hub_config.json
    │       │       │   └── livox_lidar_config.json
    │       │       ├── launch
    │       │       │   ├── livox_hub.launch
    │       │       │   ├── livox_hub_msg.launch
    │       │       │   ├── livox_hub_rviz.launch
    │       │       │   ├── livox_lidar.launch
    │       │       │   ├── livox_lidar_msg.launch
    │       │       │   ├── livox_lidar_rviz.launch
    │       │       │   ├── livox_template.launch
    │       │       │   ├── lvx_to_rosbag.launch
    │       │       │   └── lvx_to_rosbag_rviz.launch
    │       │       ├── livox_ros_driver
    │       │       │   ├── include
    │       │       │   │   └── livox_ros_driver.h
    │       │       │   ├── lddc.cpp
    │       │       │   ├── lddc.h
    │       │       │   ├── ldq.cpp
    │       │       │   ├── ldq.h
    │       │       │   ├── lds.cpp
    │       │       │   ├── lds.h
    │       │       │   ├── lds_hub.cpp
    │       │       │   ├── lds_hub.h
    │       │       │   ├── lds_lidar.cpp
    │       │       │   ├── lds_lidar.h
    │       │       │   ├── lds_lvx.cpp
    │       │       │   ├── lds_lvx.h
    │       │       │   ├── livox_ros_driver.cpp
    │       │       │   ├── lvx_file.cpp
    │       │       │   └── lvx_file.h
    │       │       ├── msg
    │       │       │   ├── CustomMsg.msg
    │       │       │   └── CustomPoint.msg
    │       │       ├── package.xml
    │       │       └── timesync
    │       │           ├── timesync.cpp
    │       │           ├── timesync.h
    │       │           └── user_uart
    │       │               ├── user_uart.cpp
    │       │               └── user_uart.h
    │       └── rpg_vikit
    │           ├── README.md
    │           ├── vikit_common
    │           │   ├── CMakeLists.txt
    │           │   ├── CMakeModules
    │           │   │   └── FindEigen.cmake
    │           │   ├── include
    │           │   │   └── vikit
    │           │   │       ├── abstract_camera.h
    │           │   │       ├── aligned_mem.h
    │           │   │       ├── atan_camera.h
    │           │   │       ├── blender_utils.h
    │           │   │       ├── equidistant_camera.h
    │           │   │       ├── file_reader.h
    │           │   │       ├── file_reader_types.h
    │           │   │       ├── homography.h
    │           │   │       ├── img_align.h
    │           │   │       ├── math_utils.h
    │           │   │       ├── nlls_solver.h
    │           │   │       ├── nlls_solver_impl.hpp
    │           │   │       ├── omni_camera.h
    │           │   │       ├── patch_score.h
    │           │   │       ├── performance_monitor.h
    │           │   │       ├── pinhole_camera.h
    │           │   │       ├── polynomial_camera.h
    │           │   │       ├── ringbuffer.h
    │           │   │       ├── robust_cost.h
    │           │   │       ├── sample.h
    │           │   │       ├── timer.h
    │           │   │       ├── user_input_thread.h
    │           │   │       └── vision.h
    │           │   ├── package.xml
    │           │   ├── src
    │           │   │   ├── atan_camera.cpp
    │           │   │   ├── equidistant_camera.cpp
    │           │   │   ├── homography.cpp
    │           │   │   ├── img_align.cpp
    │           │   │   ├── math_utils.cpp
    │           │   │   ├── omni_camera.cpp
    │           │   │   ├── performance_monitor.cpp
    │           │   │   ├── pinhole_camera.cpp
    │           │   │   ├── polynomial_camera.cpp
    │           │   │   ├── robust_cost.cpp
    │           │   │   ├── user_input_thread.cpp
    │           │   │   └── vision.cpp
    │           │   ├── test
    │           │   │   ├── data
    │           │   │   │   └── scene_000.png
    │           │   │   ├── test_camera.cpp
    │           │   │   ├── test_patch_score.cpp
    │           │   │   └── test_triangulation.cpp
    │           │   └── vikit_commonConfig.cmake.in
    │           ├── vikit_py
    │           │   ├── CMakeLists.txt
    │           │   ├── package.xml
    │           │   ├── setup.py
    │           │   └── src
    │           │       └── vikit_py
    │           │           ├── __init__.py
    │           │           ├── align_trajectory.py
    │           │           ├── cpu_info.py
    │           │           ├── depthmap_utils.py
    │           │           ├── math_utils.py
    │           │           ├── ros_node.py
    │           │           └── transformations.py
    │           └── vikit_ros
    │               ├── CMakeLists.txt
    │               ├── include
    │               │   └── vikit
    │               │       ├── camera_loader.h
    │               │       ├── output_helper.h
    │               │       └── params_helper.h
    │               ├── package.xml
    │               └── src
    │                   └── output_helper.cpp
    └── fast_livo2
        ├── build
        │   ├── CATKIN_IGNORE
        │   ├── CMakeCache.txt
        │   ├── CMakeFiles
        │   │   ├── 3.24.0
        │   │   │   ├── CMakeCCompiler.cmake
        │   │   │   ├── CMakeCXXCompiler.cmake
        │   │   │   ├── CMakeDetermineCompilerABI_C.bin
        │   │   │   ├── CMakeDetermineCompilerABI_CXX.bin
        │   │   │   ├── CMakeSystem.cmake
        │   │   │   ├── CompilerIdC
        │   │   │   │   ├── CMakeCCompilerId.c
        │   │   │   │   ├── a.out
        │   │   │   │   └── tmp
        │   │   │   └── CompilerIdCXX
        │   │   │       ├── CMakeCXXCompilerId.cpp
        │   │   │       ├── a.out
        │   │   │       └── tmp
        │   │   ├── CMakeDirectoryInformation.cmake
        │   │   ├── CMakeError.log
        │   │   ├── CMakeOutput.log
        │   │   ├── CMakeRuleHashes.txt
        │   │   ├── CMakeTmp
        │   │   ├── FindOpenMP
        │   │   │   ├── OpenMPCheckVersion.c
        │   │   │   ├── OpenMPCheckVersion.cpp
        │   │   │   ├── OpenMPTryFlag.c
        │   │   │   ├── OpenMPTryFlag.cpp
        │   │   │   ├── ompver_C.bin
        │   │   │   └── ompver_CXX.bin
        │   │   ├── Makefile.cmake
        │   │   ├── Makefile2
        │   │   ├── TargetDirectories.txt
        │   │   ├── clean_test_results.dir
        │   │   │   ├── DependInfo.cmake
        │   │   │   ├── build.make
        │   │   │   ├── cmake_clean.cmake
        │   │   │   ├── compiler_depend.make
        │   │   │   ├── compiler_depend.ts
        │   │   │   └── progress.make
        │   │   ├── cmake.check_cache
        │   │   ├── download_extra_data.dir
        │   │   │   ├── DependInfo.cmake
        │   │   │   ├── build.make
        │   │   │   ├── cmake_clean.cmake
        │   │   │   ├── compiler_depend.make
        │   │   │   ├── compiler_depend.ts
        │   │   │   └── progress.make
        │   │   ├── doxygen.dir
        │   │   │   ├── DependInfo.cmake
        │   │   │   ├── build.make
        │   │   │   ├── cmake_clean.cmake
        │   │   │   ├── compiler_depend.make
        │   │   │   ├── compiler_depend.ts
        │   │   │   └── progress.make
        │   │   ├── pkgRedirects
        │   │   ├── progress.marks
        │   │   ├── run_tests.dir
        │   │   │   ├── DependInfo.cmake
        │   │   │   ├── build.make
        │   │   │   ├── cmake_clean.cmake
        │   │   │   ├── compiler_depend.make
        │   │   │   ├── compiler_depend.ts
        │   │   │   └── progress.make
        │   │   └── tests.dir
        │   │       ├── DependInfo.cmake
        │   │       ├── build.make
        │   │       ├── cmake_clean.cmake
        │   │       ├── compiler_depend.make
        │   │       ├── compiler_depend.ts
        │   │       └── progress.make
        │   ├── CTestConfiguration.ini
        │   ├── CTestCustom.cmake
        │   ├── CTestTestfile.cmake
        │   ├── FAST-LIVO2
        │   │   ├── CMakeFiles
        │   │   │   ├── CMakeDirectoryInformation.cmake
        │   │   │   ├── fastlivo_mapping.dir
        │   │   │   │   ├── DependInfo.cmake
        │   │   │   │   ├── build.make
        │   │   │   │   ├── cmake_clean.cmake
        │   │   │   │   ├── compiler_depend.internal
        │   │   │   │   ├── compiler_depend.make
        │   │   │   │   ├── compiler_depend.ts
        │   │   │   │   ├── depend.make
        │   │   │   │   ├── flags.make
        │   │   │   │   ├── link.txt
        │   │   │   │   ├── progress.make
        │   │   │   │   └── src
        │   │   │   │       ├── main.cpp.o
        │   │   │   │       └── main.cpp.o.d
        │   │   │   ├── imu_proc.dir
        │   │   │   │   ├── DependInfo.cmake
        │   │   │   │   ├── build.make
        │   │   │   │   ├── cmake_clean.cmake
        │   │   │   │   ├── compiler_depend.internal
        │   │   │   │   ├── compiler_depend.make
        │   │   │   │   ├── compiler_depend.ts
        │   │   │   │   ├── depend.make
        │   │   │   │   ├── flags.make
        │   │   │   │   ├── link.txt
        │   │   │   │   ├── progress.make
        │   │   │   │   └── src
        │   │   │   │       ├── IMU_Processing.cpp.o
        │   │   │   │       └── IMU_Processing.cpp.o.d
        │   │   │   ├── laser_mapping.dir
        │   │   │   │   ├── DependInfo.cmake
        │   │   │   │   ├── build.make
        │   │   │   │   ├── cmake_clean.cmake
        │   │   │   │   ├── compiler_depend.internal
        │   │   │   │   ├── compiler_depend.make
        │   │   │   │   ├── compiler_depend.ts
        │   │   │   │   ├── depend.make
        │   │   │   │   ├── flags.make
        │   │   │   │   ├── link.txt
        │   │   │   │   ├── progress.make
        │   │   │   │   └── src
        │   │   │   │       ├── LIVMapper.cpp.o
        │   │   │   │       └── LIVMapper.cpp.o.d
        │   │   │   ├── lio.dir
        │   │   │   │   ├── DependInfo.cmake
        │   │   │   │   ├── build.make
        │   │   │   │   ├── cmake_clean.cmake
        │   │   │   │   ├── compiler_depend.internal
        │   │   │   │   ├── compiler_depend.make
        │   │   │   │   ├── compiler_depend.ts
        │   │   │   │   ├── depend.make
        │   │   │   │   ├── flags.make
        │   │   │   │   ├── link.txt
        │   │   │   │   ├── progress.make
        │   │   │   │   └── src
        │   │   │   │       ├── voxel_map.cpp.o
        │   │   │   │       └── voxel_map.cpp.o.d
        │   │   │   ├── nav_msgs_generate_messages_cpp.dir
        │   │   │   │   ├── DependInfo.cmake
        │   │   │   │   ├── build.make
        │   │   │   │   ├── cmake_clean.cmake
        │   │   │   │   ├── compiler_depend.make
        │   │   │   │   ├── compiler_depend.ts
        │   │   │   │   └── progress.make
        │   │   │   ├── nav_msgs_generate_messages_eus.dir
        │   │   │   │   ├── DependInfo.cmake
        │   │   │   │   ├── build.make
        │   │   │   │   ├── cmake_clean.cmake
        │   │   │   │   ├── compiler_depend.make
        │   │   │   │   ├── compiler_depend.ts
        │   │   │   │   └── progress.make
        │   │   │   ├── nav_msgs_generate_messages_lisp.dir
        │   │   │   │   ├── DependInfo.cmake
        │   │   │   │   ├── build.make
        │   │   │   │   ├── cmake_clean.cmake
        │   │   │   │   ├── compiler_depend.make
        │   │   │   │   ├── compiler_depend.ts
        │   │   │   │   └── progress.make
        │   │   │   ├── nav_msgs_generate_messages_nodejs.dir
        │   │   │   │   ├── DependInfo.cmake
        │   │   │   │   ├── build.make
        │   │   │   │   ├── cmake_clean.cmake
        │   │   │   │   ├── compiler_depend.make
        │   │   │   │   ├── compiler_depend.ts
        │   │   │   │   └── progress.make
        │   │   │   ├── nav_msgs_generate_messages_py.dir
        │   │   │   │   ├── DependInfo.cmake
        │   │   │   │   ├── build.make
        │   │   │   │   ├── cmake_clean.cmake
        │   │   │   │   ├── compiler_depend.make
        │   │   │   │   ├── compiler_depend.ts
        │   │   │   │   └── progress.make
        │   │   │   ├── pre.dir
        │   │   │   │   ├── DependInfo.cmake
        │   │   │   │   ├── build.make
        │   │   │   │   ├── cmake_clean.cmake
        │   │   │   │   ├── compiler_depend.internal
        │   │   │   │   ├── compiler_depend.make
        │   │   │   │   ├── compiler_depend.ts
        │   │   │   │   ├── depend.make
        │   │   │   │   ├── flags.make
        │   │   │   │   ├── link.txt
        │   │   │   │   ├── progress.make
        │   │   │   │   └── src
        │   │   │   │       ├── preprocess.cpp.o
        │   │   │   │       └── preprocess.cpp.o.d
        │   │   │   ├── progress.marks
        │   │   │   └── vio.dir
        │   │   │       ├── DependInfo.cmake
        │   │   │       ├── build.make
        │   │   │       ├── cmake_clean.cmake
        │   │   │       ├── compiler_depend.internal
        │   │   │       ├── compiler_depend.make
        │   │   │       ├── compiler_depend.ts
        │   │   │       ├── depend.make
        │   │   │       ├── flags.make
        │   │   │       ├── link.txt
        │   │   │       ├── progress.make
        │   │   │       └── src
        │   │   │           ├── frame.cpp.o
        │   │   │           ├── frame.cpp.o.d
        │   │   │           ├── vio.cpp.o
        │   │   │           ├── vio.cpp.o.d
        │   │   │           ├── visual_point.cpp.o
        │   │   │           └── visual_point.cpp.o.d
        │   │   ├── CTestTestfile.cmake
        │   │   ├── Makefile
        │   │   ├── catkin_generated
        │   │   │   ├── installspace
        │   │   │   │   ├── fast_livo.pc
        │   │   │   │   ├── fast_livoConfig-version.cmake
        │   │   │   │   └── fast_livoConfig.cmake
        │   │   │   ├── ordered_paths.cmake
        │   │   │   ├── package.cmake
        │   │   │   ├── pkg.develspace.context.pc.py
        │   │   │   ├── pkg.installspace.context.pc.py
        │   │   │   └── stamps
        │   │   │       └── fast_livo
        │   │   │           ├── package.xml.stamp
        │   │   │           └── pkg.pc.em.stamp
        │   │   └── cmake_install.cmake
        │   ├── Makefile
        │   ├── atomic_configure
        │   │   ├── _setup_util.py
        │   │   ├── env.sh
        │   │   ├── local_setup.bash
        │   │   ├── local_setup.sh
        │   │   ├── local_setup.zsh
        │   │   ├── setup.bash
        │   │   ├── setup.sh
        │   │   └── setup.zsh
        │   ├── bin
        │   ├── catkin
        │   │   └── catkin_generated
        │   │       └── version
        │   │           └── package.cmake
        │   ├── catkin_generated
        │   │   ├── env_cached.sh
        │   │   ├── generate_cached_setup.py
        │   │   ├── installspace
        │   │   │   ├── _setup_util.py
        │   │   │   ├── env.sh
        │   │   │   ├── local_setup.bash
        │   │   │   ├── local_setup.sh
        │   │   │   ├── local_setup.zsh
        │   │   │   ├── setup.bash
        │   │   │   ├── setup.sh
        │   │   │   └── setup.zsh
        │   │   ├── order_packages.cmake
        │   │   ├── order_packages.py
        │   │   ├── setup_cached.sh
        │   │   └── stamps
        │   │       └── Project
        │   │           ├── _setup_util.py.stamp
        │   │           ├── interrogate_setup_dot_py.py.stamp
        │   │           ├── order_packages.cmake.em.stamp
        │   │           └── package.xml.stamp
        │   ├── catkin_make.cache
        │   ├── cmake_install.cmake
        │   ├── gtest
        │   │   ├── CMakeFiles
        │   │   │   ├── CMakeDirectoryInformation.cmake
        │   │   │   └── progress.marks
        │   │   ├── CTestTestfile.cmake
        │   │   ├── Makefile
        │   │   ├── cmake_install.cmake
        │   │   ├── googlemock
        │   │   │   ├── CMakeFiles
        │   │   │   │   ├── CMakeDirectoryInformation.cmake
        │   │   │   │   ├── gmock.dir
        │   │   │   │   │   ├── DependInfo.cmake
        │   │   │   │   │   ├── build.make
        │   │   │   │   │   ├── cmake_clean.cmake
        │   │   │   │   │   ├── compiler_depend.make
        │   │   │   │   │   ├── compiler_depend.ts
        │   │   │   │   │   ├── depend.make
        │   │   │   │   │   ├── flags.make
        │   │   │   │   │   ├── link.txt
        │   │   │   │   │   ├── progress.make
        │   │   │   │   │   └── src
        │   │   │   │   ├── gmock_main.dir
        │   │   │   │   │   ├── DependInfo.cmake
        │   │   │   │   │   ├── build.make
        │   │   │   │   │   ├── cmake_clean.cmake
        │   │   │   │   │   ├── compiler_depend.make
        │   │   │   │   │   ├── compiler_depend.ts
        │   │   │   │   │   ├── depend.make
        │   │   │   │   │   ├── flags.make
        │   │   │   │   │   ├── link.txt
        │   │   │   │   │   ├── progress.make
        │   │   │   │   │   └── src
        │   │   │   │   └── progress.marks
        │   │   │   ├── CTestTestfile.cmake
        │   │   │   ├── Makefile
        │   │   │   └── cmake_install.cmake
        │   │   ├── googletest
        │   │   │   ├── CMakeFiles
        │   │   │   │   ├── CMakeDirectoryInformation.cmake
        │   │   │   │   ├── gtest.dir
        │   │   │   │   │   ├── DependInfo.cmake
        │   │   │   │   │   ├── build.make
        │   │   │   │   │   ├── cmake_clean.cmake
        │   │   │   │   │   ├── compiler_depend.make
        │   │   │   │   │   ├── compiler_depend.ts
        │   │   │   │   │   ├── depend.make
        │   │   │   │   │   ├── flags.make
        │   │   │   │   │   ├── link.txt
        │   │   │   │   │   ├── progress.make
        │   │   │   │   │   └── src
        │   │   │   │   ├── gtest_main.dir
        │   │   │   │   │   ├── DependInfo.cmake
        │   │   │   │   │   ├── build.make
        │   │   │   │   │   ├── cmake_clean.cmake
        │   │   │   │   │   ├── compiler_depend.make
        │   │   │   │   │   ├── compiler_depend.ts
        │   │   │   │   │   ├── depend.make
        │   │   │   │   │   ├── flags.make
        │   │   │   │   │   ├── link.txt
        │   │   │   │   │   ├── progress.make
        │   │   │   │   │   └── src
        │   │   │   │   └── progress.marks
        │   │   │   ├── CTestTestfile.cmake
        │   │   │   ├── Makefile
        │   │   │   └── cmake_install.cmake
        │   │   └── lib
        │   ├── livox_ros_driver
        │   │   └── livox_ros_driver
        │   │       ├── CMakeFiles
        │   │       │   ├── CMakeDirectoryInformation.cmake
        │   │       │   ├── _livox_ros_driver_generate_messages_check_deps_CustomMsg.dir
        │   │       │   │   ├── DependInfo.cmake
        │   │       │   │   ├── build.make
        │   │       │   │   ├── cmake_clean.cmake
        │   │       │   │   ├── compiler_depend.make
        │   │       │   │   ├── compiler_depend.ts
        │   │       │   │   └── progress.make
        │   │       │   ├── _livox_ros_driver_generate_messages_check_deps_CustomPoint.dir
        │   │       │   │   ├── DependInfo.cmake
        │   │       │   │   ├── build.make
        │   │       │   │   ├── cmake_clean.cmake
        │   │       │   │   ├── compiler_depend.make
        │   │       │   │   ├── compiler_depend.ts
        │   │       │   │   └── progress.make
        │   │       │   ├── actionlib_generate_messages_cpp.dir
        │   │       │   │   ├── DependInfo.cmake
        │   │       │   │   ├── build.make
        │   │       │   │   ├── cmake_clean.cmake
        │   │       │   │   ├── compiler_depend.make
        │   │       │   │   ├── compiler_depend.ts
        │   │       │   │   └── progress.make
        │   │       │   ├── actionlib_generate_messages_eus.dir
        │   │       │   │   ├── DependInfo.cmake
        │   │       │   │   ├── build.make
        │   │       │   │   ├── cmake_clean.cmake
        │   │       │   │   ├── compiler_depend.make
        │   │       │   │   ├── compiler_depend.ts
        │   │       │   │   └── progress.make
        │   │       │   ├── actionlib_generate_messages_lisp.dir
        │   │       │   │   ├── DependInfo.cmake
        │   │       │   │   ├── build.make
        │   │       │   │   ├── cmake_clean.cmake
        │   │       │   │   ├── compiler_depend.make
        │   │       │   │   ├── compiler_depend.ts
        │   │       │   │   └── progress.make
        │   │       │   ├── actionlib_generate_messages_nodejs.dir
        │   │       │   │   ├── DependInfo.cmake
        │   │       │   │   ├── build.make
        │   │       │   │   ├── cmake_clean.cmake
        │   │       │   │   ├── compiler_depend.make
        │   │       │   │   ├── compiler_depend.ts
        │   │       │   │   └── progress.make
        │   │       │   ├── actionlib_generate_messages_py.dir
        │   │       │   │   ├── DependInfo.cmake
        │   │       │   │   ├── build.make
        │   │       │   │   ├── cmake_clean.cmake
        │   │       │   │   ├── compiler_depend.make
        │   │       │   │   ├── compiler_depend.ts
        │   │       │   │   └── progress.make
        │   │       │   ├── actionlib_msgs_generate_messages_cpp.dir
        │   │       │   │   ├── DependInfo.cmake
        │   │       │   │   ├── build.make
        │   │       │   │   ├── cmake_clean.cmake
        │   │       │   │   ├── compiler_depend.make
        │   │       │   │   ├── compiler_depend.ts
        │   │       │   │   └── progress.make
        │   │       │   ├── actionlib_msgs_generate_messages_eus.dir
        │   │       │   │   ├── DependInfo.cmake
        │   │       │   │   ├── build.make
        │   │       │   │   ├── cmake_clean.cmake
        │   │       │   │   ├── compiler_depend.make
        │   │       │   │   ├── compiler_depend.ts
        │   │       │   │   └── progress.make
        │   │       │   ├── actionlib_msgs_generate_messages_lisp.dir
        │   │       │   │   ├── DependInfo.cmake
        │   │       │   │   ├── build.make
        │   │       │   │   ├── cmake_clean.cmake
        │   │       │   │   ├── compiler_depend.make
        │   │       │   │   ├── compiler_depend.ts
        │   │       │   │   └── progress.make
        │   │       │   ├── actionlib_msgs_generate_messages_nodejs.dir
        │   │       │   │   ├── DependInfo.cmake
        │   │       │   │   ├── build.make
        │   │       │   │   ├── cmake_clean.cmake
        │   │       │   │   ├── compiler_depend.make
        │   │       │   │   ├── compiler_depend.ts
        │   │       │   │   └── progress.make
        │   │       │   ├── actionlib_msgs_generate_messages_py.dir
        │   │       │   │   ├── DependInfo.cmake
        │   │       │   │   ├── build.make
        │   │       │   │   ├── cmake_clean.cmake
        │   │       │   │   ├── compiler_depend.make
        │   │       │   │   ├── compiler_depend.ts
        │   │       │   │   └── progress.make
        │   │       │   ├── bond_generate_messages_cpp.dir
        │   │       │   │   ├── DependInfo.cmake
        │   │       │   │   ├── build.make
        │   │       │   │   ├── cmake_clean.cmake
        │   │       │   │   ├── compiler_depend.make
        │   │       │   │   ├── compiler_depend.ts
        │   │       │   │   └── progress.make
        │   │       │   ├── bond_generate_messages_eus.dir
        │   │       │   │   ├── DependInfo.cmake
        │   │       │   │   ├── build.make
        │   │       │   │   ├── cmake_clean.cmake
        │   │       │   │   ├── compiler_depend.make
        │   │       │   │   ├── compiler_depend.ts
        │   │       │   │   └── progress.make
        │   │       │   ├── bond_generate_messages_lisp.dir
        │   │       │   │   ├── DependInfo.cmake
        │   │       │   │   ├── build.make
        │   │       │   │   ├── cmake_clean.cmake
        │   │       │   │   ├── compiler_depend.make
        │   │       │   │   ├── compiler_depend.ts
        │   │       │   │   └── progress.make
        │   │       │   ├── bond_generate_messages_nodejs.dir
        │   │       │   │   ├── DependInfo.cmake
        │   │       │   │   ├── build.make
        │   │       │   │   ├── cmake_clean.cmake
        │   │       │   │   ├── compiler_depend.make
        │   │       │   │   ├── compiler_depend.ts
        │   │       │   │   └── progress.make
        │   │       │   ├── bond_generate_messages_py.dir
        │   │       │   │   ├── DependInfo.cmake
        │   │       │   │   ├── build.make
        │   │       │   │   ├── cmake_clean.cmake
        │   │       │   │   ├── compiler_depend.make
        │   │       │   │   ├── compiler_depend.ts
        │   │       │   │   └── progress.make
        │   │       │   ├── dynamic_reconfigure_gencfg.dir
        │   │       │   │   ├── DependInfo.cmake
        │   │       │   │   ├── build.make
        │   │       │   │   ├── cmake_clean.cmake
        │   │       │   │   ├── compiler_depend.make
        │   │       │   │   ├── compiler_depend.ts
        │   │       │   │   └── progress.make
        │   │       │   ├── dynamic_reconfigure_generate_messages_cpp.dir
        │   │       │   │   ├── DependInfo.cmake
        │   │       │   │   ├── build.make
        │   │       │   │   ├── cmake_clean.cmake
        │   │       │   │   ├── compiler_depend.make
        │   │       │   │   ├── compiler_depend.ts
        │   │       │   │   └── progress.make
        │   │       │   ├── dynamic_reconfigure_generate_messages_eus.dir
        │   │       │   │   ├── DependInfo.cmake
        │   │       │   │   ├── build.make
        │   │       │   │   ├── cmake_clean.cmake
        │   │       │   │   ├── compiler_depend.make
        │   │       │   │   ├── compiler_depend.ts
        │   │       │   │   └── progress.make
        │   │       │   ├── dynamic_reconfigure_generate_messages_lisp.dir
        │   │       │   │   ├── DependInfo.cmake
        │   │       │   │   ├── build.make
        │   │       │   │   ├── cmake_clean.cmake
        │   │       │   │   ├── compiler_depend.make
        │   │       │   │   ├── compiler_depend.ts
        │   │       │   │   └── progress.make
        │   │       │   ├── dynamic_reconfigure_generate_messages_nodejs.dir
        │   │       │   │   ├── DependInfo.cmake
        │   │       │   │   ├── build.make
        │   │       │   │   ├── cmake_clean.cmake
        │   │       │   │   ├── compiler_depend.make
        │   │       │   │   ├── compiler_depend.ts
        │   │       │   │   └── progress.make
        │   │       │   ├── dynamic_reconfigure_generate_messages_py.dir
        │   │       │   │   ├── DependInfo.cmake
        │   │       │   │   ├── build.make
        │   │       │   │   ├── cmake_clean.cmake
        │   │       │   │   ├── compiler_depend.make
        │   │       │   │   ├── compiler_depend.ts
        │   │       │   │   └── progress.make
        │   │       │   ├── geometry_msgs_generate_messages_cpp.dir
        │   │       │   │   ├── DependInfo.cmake
        │   │       │   │   ├── build.make
        │   │       │   │   ├── cmake_clean.cmake
        │   │       │   │   ├── compiler_depend.make
        │   │       │   │   ├── compiler_depend.ts
        │   │       │   │   └── progress.make
        │   │       │   ├── geometry_msgs_generate_messages_eus.dir
        │   │       │   │   ├── DependInfo.cmake
        │   │       │   │   ├── build.make
        │   │       │   │   ├── cmake_clean.cmake
        │   │       │   │   ├── compiler_depend.make
        │   │       │   │   ├── compiler_depend.ts
        │   │       │   │   └── progress.make
        │   │       │   ├── geometry_msgs_generate_messages_lisp.dir
        │   │       │   │   ├── DependInfo.cmake
        │   │       │   │   ├── build.make
        │   │       │   │   ├── cmake_clean.cmake
        │   │       │   │   ├── compiler_depend.make
        │   │       │   │   ├── compiler_depend.ts
        │   │       │   │   └── progress.make
        │   │       │   ├── geometry_msgs_generate_messages_nodejs.dir
        │   │       │   │   ├── DependInfo.cmake
        │   │       │   │   ├── build.make
        │   │       │   │   ├── cmake_clean.cmake
        │   │       │   │   ├── compiler_depend.make
        │   │       │   │   ├── compiler_depend.ts
        │   │       │   │   └── progress.make
        │   │       │   ├── geometry_msgs_generate_messages_py.dir
        │   │       │   │   ├── DependInfo.cmake
        │   │       │   │   ├── build.make
        │   │       │   │   ├── cmake_clean.cmake
        │   │       │   │   ├── compiler_depend.make
        │   │       │   │   ├── compiler_depend.ts
        │   │       │   │   └── progress.make
        │   │       │   ├── livox_ros_driver_gencpp.dir
        │   │       │   │   ├── DependInfo.cmake
        │   │       │   │   ├── build.make
        │   │       │   │   ├── cmake_clean.cmake
        │   │       │   │   ├── compiler_depend.make
        │   │       │   │   ├── compiler_depend.ts
        │   │       │   │   └── progress.make
        │   │       │   ├── livox_ros_driver_generate_messages.dir
        │   │       │   │   ├── DependInfo.cmake
        │   │       │   │   ├── build.make
        │   │       │   │   ├── cmake_clean.cmake
        │   │       │   │   ├── compiler_depend.make
        │   │       │   │   ├── compiler_depend.ts
        │   │       │   │   └── progress.make
        │   │       │   ├── livox_ros_driver_generate_messages_cpp.dir
        │   │       │   │   ├── DependInfo.cmake
        │   │       │   │   ├── build.make
        │   │       │   │   ├── cmake_clean.cmake
        │   │       │   │   ├── compiler_depend.make
        │   │       │   │   ├── compiler_depend.ts
        │   │       │   │   └── progress.make
        │   │       │   ├── livox_ros_driver_generate_messages_eus.dir
        │   │       │   │   ├── DependInfo.cmake
        │   │       │   │   ├── build.make
        │   │       │   │   ├── cmake_clean.cmake
        │   │       │   │   ├── compiler_depend.make
        │   │       │   │   ├── compiler_depend.ts
        │   │       │   │   └── progress.make
        │   │       │   ├── livox_ros_driver_generate_messages_lisp.dir
        │   │       │   │   ├── DependInfo.cmake
        │   │       │   │   ├── build.make
        │   │       │   │   ├── cmake_clean.cmake
        │   │       │   │   ├── compiler_depend.make
        │   │       │   │   ├── compiler_depend.ts
        │   │       │   │   └── progress.make
        │   │       │   ├── livox_ros_driver_generate_messages_nodejs.dir
        │   │       │   │   ├── DependInfo.cmake
        │   │       │   │   ├── build.make
        │   │       │   │   ├── cmake_clean.cmake
        │   │       │   │   ├── compiler_depend.make
        │   │       │   │   ├── compiler_depend.ts
        │   │       │   │   └── progress.make
        │   │       │   ├── livox_ros_driver_generate_messages_py.dir
        │   │       │   │   ├── DependInfo.cmake
        │   │       │   │   ├── build.make
        │   │       │   │   ├── cmake_clean.cmake
        │   │       │   │   ├── compiler_depend.make
        │   │       │   │   ├── compiler_depend.ts
        │   │       │   │   └── progress.make
        │   │       │   ├── livox_ros_driver_geneus.dir
        │   │       │   │   ├── DependInfo.cmake
        │   │       │   │   ├── build.make
        │   │       │   │   ├── cmake_clean.cmake
        │   │       │   │   ├── compiler_depend.make
        │   │       │   │   ├── compiler_depend.ts
        │   │       │   │   └── progress.make
        │   │       │   ├── livox_ros_driver_genlisp.dir
        │   │       │   │   ├── DependInfo.cmake
        │   │       │   │   ├── build.make
        │   │       │   │   ├── cmake_clean.cmake
        │   │       │   │   ├── compiler_depend.make
        │   │       │   │   ├── compiler_depend.ts
        │   │       │   │   └── progress.make
        │   │       │   ├── livox_ros_driver_gennodejs.dir
        │   │       │   │   ├── DependInfo.cmake
        │   │       │   │   ├── build.make
        │   │       │   │   ├── cmake_clean.cmake
        │   │       │   │   ├── compiler_depend.make
        │   │       │   │   ├── compiler_depend.ts
        │   │       │   │   └── progress.make
        │   │       │   ├── livox_ros_driver_genpy.dir
        │   │       │   │   ├── DependInfo.cmake
        │   │       │   │   ├── build.make
        │   │       │   │   ├── cmake_clean.cmake
        │   │       │   │   ├── compiler_depend.make
        │   │       │   │   ├── compiler_depend.ts
        │   │       │   │   └── progress.make
        │   │       │   ├── livox_ros_driver_node.dir
        │   │       │   │   ├── DependInfo.cmake
        │   │       │   │   ├── build.make
        │   │       │   │   ├── cmake_clean.cmake
        │   │       │   │   ├── common
        │   │       │   │   │   └── comm
        │   │       │   │   │       ├── comm_protocol.cpp.o
        │   │       │   │   │       ├── comm_protocol.cpp.o.d
        │   │       │   │   │       ├── gps_protocol.cpp.o
        │   │       │   │   │       ├── gps_protocol.cpp.o.d
        │   │       │   │   │       ├── sdk_protocol.cpp.o
        │   │       │   │   │       └── sdk_protocol.cpp.o.d
        │   │       │   │   ├── compiler_depend.internal
        │   │       │   │   ├── compiler_depend.make
        │   │       │   │   ├── compiler_depend.ts
        │   │       │   │   ├── depend.make
        │   │       │   │   ├── flags.make
        │   │       │   │   ├── link.txt
        │   │       │   │   ├── livox_ros_driver
        │   │       │   │   │   ├── lddc.cpp.o
        │   │       │   │   │   ├── lddc.cpp.o.d
        │   │       │   │   │   ├── ldq.cpp.o
        │   │       │   │   │   ├── ldq.cpp.o.d
        │   │       │   │   │   ├── lds.cpp.o
        │   │       │   │   │   ├── lds.cpp.o.d
        │   │       │   │   │   ├── lds_hub.cpp.o
        │   │       │   │   │   ├── lds_hub.cpp.o.d
        │   │       │   │   │   ├── lds_lidar.cpp.o
        │   │       │   │   │   ├── lds_lidar.cpp.o.d
        │   │       │   │   │   ├── lds_lvx.cpp.o
        │   │       │   │   │   ├── lds_lvx.cpp.o.d
        │   │       │   │   │   ├── livox_ros_driver.cpp.o
        │   │       │   │   │   ├── livox_ros_driver.cpp.o.d
        │   │       │   │   │   ├── lvx_file.cpp.o
        │   │       │   │   │   └── lvx_file.cpp.o.d
        │   │       │   │   ├── progress.make
        │   │       │   │   └── timesync
        │   │       │   │       ├── timesync.cpp.o
        │   │       │   │       ├── timesync.cpp.o.d
        │   │       │   │       └── user_uart
        │   │       │   │           ├── user_uart.cpp.o
        │   │       │   │           └── user_uart.cpp.o.d
        │   │       │   ├── nodelet_generate_messages_cpp.dir
        │   │       │   │   ├── DependInfo.cmake
        │   │       │   │   ├── build.make
        │   │       │   │   ├── cmake_clean.cmake
        │   │       │   │   ├── compiler_depend.make
        │   │       │   │   ├── compiler_depend.ts
        │   │       │   │   └── progress.make
        │   │       │   ├── nodelet_generate_messages_eus.dir
        │   │       │   │   ├── DependInfo.cmake
        │   │       │   │   ├── build.make
        │   │       │   │   ├── cmake_clean.cmake
        │   │       │   │   ├── compiler_depend.make
        │   │       │   │   ├── compiler_depend.ts
        │   │       │   │   └── progress.make
        │   │       │   ├── nodelet_generate_messages_lisp.dir
        │   │       │   │   ├── DependInfo.cmake
        │   │       │   │   ├── build.make
        │   │       │   │   ├── cmake_clean.cmake
        │   │       │   │   ├── compiler_depend.make
        │   │       │   │   ├── compiler_depend.ts
        │   │       │   │   └── progress.make
        │   │       │   ├── nodelet_generate_messages_nodejs.dir
        │   │       │   │   ├── DependInfo.cmake
        │   │       │   │   ├── build.make
        │   │       │   │   ├── cmake_clean.cmake
        │   │       │   │   ├── compiler_depend.make
        │   │       │   │   ├── compiler_depend.ts
        │   │       │   │   └── progress.make
        │   │       │   ├── nodelet_generate_messages_py.dir
        │   │       │   │   ├── DependInfo.cmake
        │   │       │   │   ├── build.make
        │   │       │   │   ├── cmake_clean.cmake
        │   │       │   │   ├── compiler_depend.make
        │   │       │   │   ├── compiler_depend.ts
        │   │       │   │   └── progress.make
        │   │       │   ├── nodelet_topic_tools_gencfg.dir
        │   │       │   │   ├── DependInfo.cmake
        │   │       │   │   ├── build.make
        │   │       │   │   ├── cmake_clean.cmake
        │   │       │   │   ├── compiler_depend.make
        │   │       │   │   ├── compiler_depend.ts
        │   │       │   │   └── progress.make
        │   │       │   ├── pcl_msgs_generate_messages_cpp.dir
        │   │       │   │   ├── DependInfo.cmake
        │   │       │   │   ├── build.make
        │   │       │   │   ├── cmake_clean.cmake
        │   │       │   │   ├── compiler_depend.make
        │   │       │   │   ├── compiler_depend.ts
        │   │       │   │   └── progress.make
        │   │       │   ├── pcl_msgs_generate_messages_eus.dir
        │   │       │   │   ├── DependInfo.cmake
        │   │       │   │   ├── build.make
        │   │       │   │   ├── cmake_clean.cmake
        │   │       │   │   ├── compiler_depend.make
        │   │       │   │   ├── compiler_depend.ts
        │   │       │   │   └── progress.make
        │   │       │   ├── pcl_msgs_generate_messages_lisp.dir
        │   │       │   │   ├── DependInfo.cmake
        │   │       │   │   ├── build.make
        │   │       │   │   ├── cmake_clean.cmake
        │   │       │   │   ├── compiler_depend.make
        │   │       │   │   ├── compiler_depend.ts
        │   │       │   │   └── progress.make
        │   │       │   ├── pcl_msgs_generate_messages_nodejs.dir
        │   │       │   │   ├── DependInfo.cmake
        │   │       │   │   ├── build.make
        │   │       │   │   ├── cmake_clean.cmake
        │   │       │   │   ├── compiler_depend.make
        │   │       │   │   ├── compiler_depend.ts
        │   │       │   │   └── progress.make
        │   │       │   ├── pcl_msgs_generate_messages_py.dir
        │   │       │   │   ├── DependInfo.cmake
        │   │       │   │   ├── build.make
        │   │       │   │   ├── cmake_clean.cmake
        │   │       │   │   ├── compiler_depend.make
        │   │       │   │   ├── compiler_depend.ts
        │   │       │   │   └── progress.make
        │   │       │   ├── pcl_ros_gencfg.dir
        │   │       │   │   ├── DependInfo.cmake
        │   │       │   │   ├── build.make
        │   │       │   │   ├── cmake_clean.cmake
        │   │       │   │   ├── compiler_depend.make
        │   │       │   │   ├── compiler_depend.ts
        │   │       │   │   └── progress.make
        │   │       │   ├── progress.marks
        │   │       │   ├── roscpp_generate_messages_cpp.dir
        │   │       │   │   ├── DependInfo.cmake
        │   │       │   │   ├── build.make
        │   │       │   │   ├── cmake_clean.cmake
        │   │       │   │   ├── compiler_depend.make
        │   │       │   │   ├── compiler_depend.ts
        │   │       │   │   └── progress.make
        │   │       │   ├── roscpp_generate_messages_eus.dir
        │   │       │   │   ├── DependInfo.cmake
        │   │       │   │   ├── build.make
        │   │       │   │   ├── cmake_clean.cmake
        │   │       │   │   ├── compiler_depend.make
        │   │       │   │   ├── compiler_depend.ts
        │   │       │   │   └── progress.make
        │   │       │   ├── roscpp_generate_messages_lisp.dir
        │   │       │   │   ├── DependInfo.cmake
        │   │       │   │   ├── build.make
        │   │       │   │   ├── cmake_clean.cmake
        │   │       │   │   ├── compiler_depend.make
        │   │       │   │   ├── compiler_depend.ts
        │   │       │   │   └── progress.make
        │   │       │   ├── roscpp_generate_messages_nodejs.dir
        │   │       │   │   ├── DependInfo.cmake
        │   │       │   │   ├── build.make
        │   │       │   │   ├── cmake_clean.cmake
        │   │       │   │   ├── compiler_depend.make
        │   │       │   │   ├── compiler_depend.ts
        │   │       │   │   └── progress.make
        │   │       │   ├── roscpp_generate_messages_py.dir
        │   │       │   │   ├── DependInfo.cmake
        │   │       │   │   ├── build.make
        │   │       │   │   ├── cmake_clean.cmake
        │   │       │   │   ├── compiler_depend.make
        │   │       │   │   ├── compiler_depend.ts
        │   │       │   │   └── progress.make
        │   │       │   ├── rosgraph_msgs_generate_messages_cpp.dir
        │   │       │   │   ├── DependInfo.cmake
        │   │       │   │   ├── build.make
        │   │       │   │   ├── cmake_clean.cmake
        │   │       │   │   ├── compiler_depend.make
        │   │       │   │   ├── compiler_depend.ts
        │   │       │   │   └── progress.make
        │   │       │   ├── rosgraph_msgs_generate_messages_eus.dir
        │   │       │   │   ├── DependInfo.cmake
        │   │       │   │   ├── build.make
        │   │       │   │   ├── cmake_clean.cmake
        │   │       │   │   ├── compiler_depend.make
        │   │       │   │   ├── compiler_depend.ts
        │   │       │   │   └── progress.make
        │   │       │   ├── rosgraph_msgs_generate_messages_lisp.dir
        │   │       │   │   ├── DependInfo.cmake
        │   │       │   │   ├── build.make
        │   │       │   │   ├── cmake_clean.cmake
        │   │       │   │   ├── compiler_depend.make
        │   │       │   │   ├── compiler_depend.ts
        │   │       │   │   └── progress.make
        │   │       │   ├── rosgraph_msgs_generate_messages_nodejs.dir
        │   │       │   │   ├── DependInfo.cmake
        │   │       │   │   ├── build.make
        │   │       │   │   ├── cmake_clean.cmake
        │   │       │   │   ├── compiler_depend.make
        │   │       │   │   ├── compiler_depend.ts
        │   │       │   │   └── progress.make
        │   │       │   ├── rosgraph_msgs_generate_messages_py.dir
        │   │       │   │   ├── DependInfo.cmake
        │   │       │   │   ├── build.make
        │   │       │   │   ├── cmake_clean.cmake
        │   │       │   │   ├── compiler_depend.make
        │   │       │   │   ├── compiler_depend.ts
        │   │       │   │   └── progress.make
        │   │       │   ├── sensor_msgs_generate_messages_cpp.dir
        │   │       │   │   ├── DependInfo.cmake
        │   │       │   │   ├── build.make
        │   │       │   │   ├── cmake_clean.cmake
        │   │       │   │   ├── compiler_depend.make
        │   │       │   │   ├── compiler_depend.ts
        │   │       │   │   └── progress.make
        │   │       │   ├── sensor_msgs_generate_messages_eus.dir
        │   │       │   │   ├── DependInfo.cmake
        │   │       │   │   ├── build.make
        │   │       │   │   ├── cmake_clean.cmake
        │   │       │   │   ├── compiler_depend.make
        │   │       │   │   ├── compiler_depend.ts
        │   │       │   │   └── progress.make
        │   │       │   ├── sensor_msgs_generate_messages_lisp.dir
        │   │       │   │   ├── DependInfo.cmake
        │   │       │   │   ├── build.make
        │   │       │   │   ├── cmake_clean.cmake
        │   │       │   │   ├── compiler_depend.make
        │   │       │   │   ├── compiler_depend.ts
        │   │       │   │   └── progress.make
        │   │       │   ├── sensor_msgs_generate_messages_nodejs.dir
        │   │       │   │   ├── DependInfo.cmake
        │   │       │   │   ├── build.make
        │   │       │   │   ├── cmake_clean.cmake
        │   │       │   │   ├── compiler_depend.make
        │   │       │   │   ├── compiler_depend.ts
        │   │       │   │   └── progress.make
        │   │       │   ├── sensor_msgs_generate_messages_py.dir
        │   │       │   │   ├── DependInfo.cmake
        │   │       │   │   ├── build.make
        │   │       │   │   ├── cmake_clean.cmake
        │   │       │   │   ├── compiler_depend.make
        │   │       │   │   ├── compiler_depend.ts
        │   │       │   │   └── progress.make
        │   │       │   ├── std_msgs_generate_messages_cpp.dir
        │   │       │   │   ├── DependInfo.cmake
        │   │       │   │   ├── build.make
        │   │       │   │   ├── cmake_clean.cmake
        │   │       │   │   ├── compiler_depend.make
        │   │       │   │   ├── compiler_depend.ts
        │   │       │   │   └── progress.make
        │   │       │   ├── std_msgs_generate_messages_eus.dir
        │   │       │   │   ├── DependInfo.cmake
        │   │       │   │   ├── build.make
        │   │       │   │   ├── cmake_clean.cmake
        │   │       │   │   ├── compiler_depend.make
        │   │       │   │   ├── compiler_depend.ts
        │   │       │   │   └── progress.make
        │   │       │   ├── std_msgs_generate_messages_lisp.dir
        │   │       │   │   ├── DependInfo.cmake
        │   │       │   │   ├── build.make
        │   │       │   │   ├── cmake_clean.cmake
        │   │       │   │   ├── compiler_depend.make
        │   │       │   │   ├── compiler_depend.ts
        │   │       │   │   └── progress.make
        │   │       │   ├── std_msgs_generate_messages_nodejs.dir
        │   │       │   │   ├── DependInfo.cmake
        │   │       │   │   ├── build.make
        │   │       │   │   ├── cmake_clean.cmake
        │   │       │   │   ├── compiler_depend.make
        │   │       │   │   ├── compiler_depend.ts
        │   │       │   │   └── progress.make
        │   │       │   ├── std_msgs_generate_messages_py.dir
        │   │       │   │   ├── DependInfo.cmake
        │   │       │   │   ├── build.make
        │   │       │   │   ├── cmake_clean.cmake
        │   │       │   │   ├── compiler_depend.make
        │   │       │   │   ├── compiler_depend.ts
        │   │       │   │   └── progress.make
        │   │       │   ├── std_srvs_generate_messages_cpp.dir
        │   │       │   │   ├── DependInfo.cmake
        │   │       │   │   ├── build.make
        │   │       │   │   ├── cmake_clean.cmake
        │   │       │   │   ├── compiler_depend.make
        │   │       │   │   ├── compiler_depend.ts
        │   │       │   │   └── progress.make
        │   │       │   ├── std_srvs_generate_messages_eus.dir
        │   │       │   │   ├── DependInfo.cmake
        │   │       │   │   ├── build.make
        │   │       │   │   ├── cmake_clean.cmake
        │   │       │   │   ├── compiler_depend.make
        │   │       │   │   ├── compiler_depend.ts
        │   │       │   │   └── progress.make
        │   │       │   ├── std_srvs_generate_messages_lisp.dir
        │   │       │   │   ├── DependInfo.cmake
        │   │       │   │   ├── build.make
        │   │       │   │   ├── cmake_clean.cmake
        │   │       │   │   ├── compiler_depend.make
        │   │       │   │   ├── compiler_depend.ts
        │   │       │   │   └── progress.make
        │   │       │   ├── std_srvs_generate_messages_nodejs.dir
        │   │       │   │   ├── DependInfo.cmake
        │   │       │   │   ├── build.make
        │   │       │   │   ├── cmake_clean.cmake
        │   │       │   │   ├── compiler_depend.make
        │   │       │   │   ├── compiler_depend.ts
        │   │       │   │   └── progress.make
        │   │       │   ├── std_srvs_generate_messages_py.dir
        │   │       │   │   ├── DependInfo.cmake
        │   │       │   │   ├── build.make
        │   │       │   │   ├── cmake_clean.cmake
        │   │       │   │   ├── compiler_depend.make
        │   │       │   │   ├── compiler_depend.ts
        │   │       │   │   └── progress.make
        │   │       │   ├── tf2_msgs_generate_messages_cpp.dir
        │   │       │   │   ├── DependInfo.cmake
        │   │       │   │   ├── build.make
        │   │       │   │   ├── cmake_clean.cmake
        │   │       │   │   ├── compiler_depend.make
        │   │       │   │   ├── compiler_depend.ts
        │   │       │   │   └── progress.make
        │   │       │   ├── tf2_msgs_generate_messages_eus.dir
        │   │       │   │   ├── DependInfo.cmake
        │   │       │   │   ├── build.make
        │   │       │   │   ├── cmake_clean.cmake
        │   │       │   │   ├── compiler_depend.make
        │   │       │   │   ├── compiler_depend.ts
        │   │       │   │   └── progress.make
        │   │       │   ├── tf2_msgs_generate_messages_lisp.dir
        │   │       │   │   ├── DependInfo.cmake
        │   │       │   │   ├── build.make
        │   │       │   │   ├── cmake_clean.cmake
        │   │       │   │   ├── compiler_depend.make
        │   │       │   │   ├── compiler_depend.ts
        │   │       │   │   └── progress.make
        │   │       │   ├── tf2_msgs_generate_messages_nodejs.dir
        │   │       │   │   ├── DependInfo.cmake
        │   │       │   │   ├── build.make
        │   │       │   │   ├── cmake_clean.cmake
        │   │       │   │   ├── compiler_depend.make
        │   │       │   │   ├── compiler_depend.ts
        │   │       │   │   └── progress.make
        │   │       │   ├── tf2_msgs_generate_messages_py.dir
        │   │       │   │   ├── DependInfo.cmake
        │   │       │   │   ├── build.make
        │   │       │   │   ├── cmake_clean.cmake
        │   │       │   │   ├── compiler_depend.make
        │   │       │   │   ├── compiler_depend.ts
        │   │       │   │   └── progress.make
        │   │       │   ├── tf_generate_messages_cpp.dir
        │   │       │   │   ├── DependInfo.cmake
        │   │       │   │   ├── build.make
        │   │       │   │   ├── cmake_clean.cmake
        │   │       │   │   ├── compiler_depend.make
        │   │       │   │   ├── compiler_depend.ts
        │   │       │   │   └── progress.make
        │   │       │   ├── tf_generate_messages_eus.dir
        │   │       │   │   ├── DependInfo.cmake
        │   │       │   │   ├── build.make
        │   │       │   │   ├── cmake_clean.cmake
        │   │       │   │   ├── compiler_depend.make
        │   │       │   │   ├── compiler_depend.ts
        │   │       │   │   └── progress.make
        │   │       │   ├── tf_generate_messages_lisp.dir
        │   │       │   │   ├── DependInfo.cmake
        │   │       │   │   ├── build.make
        │   │       │   │   ├── cmake_clean.cmake
        │   │       │   │   ├── compiler_depend.make
        │   │       │   │   ├── compiler_depend.ts
        │   │       │   │   └── progress.make
        │   │       │   ├── tf_generate_messages_nodejs.dir
        │   │       │   │   ├── DependInfo.cmake
        │   │       │   │   ├── build.make
        │   │       │   │   ├── cmake_clean.cmake
        │   │       │   │   ├── compiler_depend.make
        │   │       │   │   ├── compiler_depend.ts
        │   │       │   │   └── progress.make
        │   │       │   ├── tf_generate_messages_py.dir
        │   │       │   │   ├── DependInfo.cmake
        │   │       │   │   ├── build.make
        │   │       │   │   ├── cmake_clean.cmake
        │   │       │   │   ├── compiler_depend.make
        │   │       │   │   ├── compiler_depend.ts
        │   │       │   │   └── progress.make
        │   │       │   ├── topic_tools_generate_messages_cpp.dir
        │   │       │   │   ├── DependInfo.cmake
        │   │       │   │   ├── build.make
        │   │       │   │   ├── cmake_clean.cmake
        │   │       │   │   ├── compiler_depend.make
        │   │       │   │   ├── compiler_depend.ts
        │   │       │   │   └── progress.make
        │   │       │   ├── topic_tools_generate_messages_eus.dir
        │   │       │   │   ├── DependInfo.cmake
        │   │       │   │   ├── build.make
        │   │       │   │   ├── cmake_clean.cmake
        │   │       │   │   ├── compiler_depend.make
        │   │       │   │   ├── compiler_depend.ts
        │   │       │   │   └── progress.make
        │   │       │   ├── topic_tools_generate_messages_lisp.dir
        │   │       │   │   ├── DependInfo.cmake
        │   │       │   │   ├── build.make
        │   │       │   │   ├── cmake_clean.cmake
        │   │       │   │   ├── compiler_depend.make
        │   │       │   │   ├── compiler_depend.ts
        │   │       │   │   └── progress.make
        │   │       │   ├── topic_tools_generate_messages_nodejs.dir
        │   │       │   │   ├── DependInfo.cmake
        │   │       │   │   ├── build.make
        │   │       │   │   ├── cmake_clean.cmake
        │   │       │   │   ├── compiler_depend.make
        │   │       │   │   ├── compiler_depend.ts
        │   │       │   │   └── progress.make
        │   │       │   └── topic_tools_generate_messages_py.dir
        │   │       │       ├── DependInfo.cmake
        │   │       │       ├── build.make
        │   │       │       ├── cmake_clean.cmake
        │   │       │       ├── compiler_depend.make
        │   │       │       ├── compiler_depend.ts
        │   │       │       └── progress.make
        │   │       ├── CTestTestfile.cmake
        │   │       ├── Makefile
        │   │       ├── catkin_generated
        │   │       │   ├── installspace
        │   │       │   │   ├── livox_ros_driver-msg-extras.cmake
        │   │       │   │   ├── livox_ros_driver-msg-paths.cmake
        │   │       │   │   ├── livox_ros_driver.pc
        │   │       │   │   ├── livox_ros_driverConfig-version.cmake
        │   │       │   │   └── livox_ros_driverConfig.cmake
        │   │       │   ├── livox_ros_driver-msg-extras.cmake.develspace.in
        │   │       │   ├── livox_ros_driver-msg-extras.cmake.installspace.in
        │   │       │   ├── ordered_paths.cmake
        │   │       │   ├── package.cmake
        │   │       │   ├── pkg.develspace.context.pc.py
        │   │       │   ├── pkg.installspace.context.pc.py
        │   │       │   └── stamps
        │   │       │       └── livox_ros_driver
        │   │       │           ├── package.xml.stamp
        │   │       │           ├── pkg-genmsg.cmake.em.stamp
        │   │       │           └── pkg.pc.em.stamp
        │   │       ├── cmake
        │   │       │   ├── livox_ros_driver-genmsg-context.py
        │   │       │   └── livox_ros_driver-genmsg.cmake
        │   │       └── cmake_install.cmake
        │   ├── rpg_vikit
        │   │   ├── vikit_common
        │   │   │   ├── CMakeFiles
        │   │   │   │   ├── CMakeDirectoryInformation.cmake
        │   │   │   │   ├── progress.marks
        │   │   │   │   ├── test_vk_common_camera.dir
        │   │   │   │   │   ├── DependInfo.cmake
        │   │   │   │   │   ├── build.make
        │   │   │   │   │   ├── cmake_clean.cmake
        │   │   │   │   │   ├── compiler_depend.internal
        │   │   │   │   │   ├── compiler_depend.make
        │   │   │   │   │   ├── compiler_depend.ts
        │   │   │   │   │   ├── depend.make
        │   │   │   │   │   ├── flags.make
        │   │   │   │   │   ├── link.txt
        │   │   │   │   │   ├── progress.make
        │   │   │   │   │   └── test
        │   │   │   │   │       ├── test_camera.cpp.o
        │   │   │   │   │       └── test_camera.cpp.o.d
        │   │   │   │   ├── test_vk_common_patch_score.dir
        │   │   │   │   │   ├── DependInfo.cmake
        │   │   │   │   │   ├── build.make
        │   │   │   │   │   ├── cmake_clean.cmake
        │   │   │   │   │   ├── compiler_depend.internal
        │   │   │   │   │   ├── compiler_depend.make
        │   │   │   │   │   ├── compiler_depend.ts
        │   │   │   │   │   ├── depend.make
        │   │   │   │   │   ├── flags.make
        │   │   │   │   │   ├── link.txt
        │   │   │   │   │   ├── progress.make
        │   │   │   │   │   └── test
        │   │   │   │   │       ├── test_patch_score.cpp.o
        │   │   │   │   │       └── test_patch_score.cpp.o.d
        │   │   │   │   ├── test_vk_common_triangulation.dir
        │   │   │   │   │   ├── DependInfo.cmake
        │   │   │   │   │   ├── build.make
        │   │   │   │   │   ├── cmake_clean.cmake
        │   │   │   │   │   ├── compiler_depend.internal
        │   │   │   │   │   ├── compiler_depend.make
        │   │   │   │   │   ├── compiler_depend.ts
        │   │   │   │   │   ├── depend.make
        │   │   │   │   │   ├── flags.make
        │   │   │   │   │   ├── link.txt
        │   │   │   │   │   ├── progress.make
        │   │   │   │   │   └── test
        │   │   │   │   │       ├── test_triangulation.cpp.o
        │   │   │   │   │       └── test_triangulation.cpp.o.d
        │   │   │   │   └── vikit_common.dir
        │   │   │   │       ├── DependInfo.cmake
        │   │   │   │       ├── build.make
        │   │   │   │       ├── cmake_clean.cmake
        │   │   │   │       ├── compiler_depend.internal
        │   │   │   │       ├── compiler_depend.make
        │   │   │   │       ├── compiler_depend.ts
        │   │   │   │       ├── depend.make
        │   │   │   │       ├── flags.make
        │   │   │   │       ├── link.txt
        │   │   │   │       ├── progress.make
        │   │   │   │       └── src
        │   │   │   │           ├── atan_camera.cpp.o
        │   │   │   │           ├── atan_camera.cpp.o.d
        │   │   │   │           ├── equidistant_camera.cpp.o
        │   │   │   │           ├── equidistant_camera.cpp.o.d
        │   │   │   │           ├── homography.cpp.o
        │   │   │   │           ├── homography.cpp.o.d
        │   │   │   │           ├── img_align.cpp.o
        │   │   │   │           ├── img_align.cpp.o.d
        │   │   │   │           ├── math_utils.cpp.o
        │   │   │   │           ├── math_utils.cpp.o.d
        │   │   │   │           ├── omni_camera.cpp.o
        │   │   │   │           ├── omni_camera.cpp.o.d
        │   │   │   │           ├── performance_monitor.cpp.o
        │   │   │   │           ├── performance_monitor.cpp.o.d
        │   │   │   │           ├── pinhole_camera.cpp.o
        │   │   │   │           ├── pinhole_camera.cpp.o.d
        │   │   │   │           ├── polynomial_camera.cpp.o
        │   │   │   │           ├── polynomial_camera.cpp.o.d
        │   │   │   │           ├── robust_cost.cpp.o
        │   │   │   │           ├── robust_cost.cpp.o.d
        │   │   │   │           ├── user_input_thread.cpp.o
        │   │   │   │           ├── user_input_thread.cpp.o.d
        │   │   │   │           ├── vision.cpp.o
        │   │   │   │           └── vision.cpp.o.d
        │   │   │   ├── CTestTestfile.cmake
        │   │   │   ├── Makefile
        │   │   │   ├── catkin_generated
        │   │   │   │   ├── installspace
        │   │   │   │   │   ├── vikit_common.pc
        │   │   │   │   │   ├── vikit_commonConfig-version.cmake
        │   │   │   │   │   └── vikit_commonConfig.cmake
        │   │   │   │   ├── ordered_paths.cmake
        │   │   │   │   ├── package.cmake
        │   │   │   │   ├── pkg.develspace.context.pc.py
        │   │   │   │   ├── pkg.installspace.context.pc.py
        │   │   │   │   └── stamps
        │   │   │   │       └── vikit_common
        │   │   │   │           ├── package.xml.stamp
        │   │   │   │           └── pkg.pc.em.stamp
        │   │   │   └── cmake_install.cmake
        │   │   ├── vikit_py
        │   │   │   ├── CMakeFiles
        │   │   │   │   ├── CMakeDirectoryInformation.cmake
        │   │   │   │   ├── _catkin_empty_exported_target.dir
        │   │   │   │   │   ├── DependInfo.cmake
        │   │   │   │   │   ├── build.make
        │   │   │   │   │   ├── cmake_clean.cmake
        │   │   │   │   │   ├── compiler_depend.make
        │   │   │   │   │   ├── compiler_depend.ts
        │   │   │   │   │   └── progress.make
        │   │   │   │   └── progress.marks
        │   │   │   ├── CTestTestfile.cmake
        │   │   │   ├── Makefile
        │   │   │   ├── catkin_generated
        │   │   │   │   ├── installspace
        │   │   │   │   │   ├── vikit_py.pc
        │   │   │   │   │   ├── vikit_pyConfig-version.cmake
        │   │   │   │   │   └── vikit_pyConfig.cmake
        │   │   │   │   ├── package.cmake
        │   │   │   │   ├── pkg.develspace.context.pc.py
        │   │   │   │   ├── pkg.installspace.context.pc.py
        │   │   │   │   ├── python_distutils_install.sh
        │   │   │   │   ├── safe_execute_install.cmake
        │   │   │   │   ├── setup_py_interrogation.cmake
        │   │   │   │   └── stamps
        │   │   │   │       └── vikit_py
        │   │   │   │           ├── package.xml.stamp
        │   │   │   │           ├── pkg.pc.em.stamp
        │   │   │   │           └── setup.py.stamp
        │   │   │   └── cmake_install.cmake
        │   │   └── vikit_ros
        │   │       ├── CMakeFiles
        │   │       │   ├── CMakeDirectoryInformation.cmake
        │   │       │   ├── progress.marks
        │   │       │   ├── vikit_ros.dir
        │   │       │   │   ├── DependInfo.cmake
        │   │       │   │   ├── build.make
        │   │       │   │   ├── cmake_clean.cmake
        │   │       │   │   ├── compiler_depend.internal
        │   │       │   │   ├── compiler_depend.make
        │   │       │   │   ├── compiler_depend.ts
        │   │       │   │   ├── depend.make
        │   │       │   │   ├── flags.make
        │   │       │   │   ├── link.txt
        │   │       │   │   ├── progress.make
        │   │       │   │   └── src
        │   │       │   │       ├── output_helper.cpp.o
        │   │       │   │       └── output_helper.cpp.o.d
        │   │       │   ├── visualization_msgs_generate_messages_cpp.dir
        │   │       │   │   ├── DependInfo.cmake
        │   │       │   │   ├── build.make
        │   │       │   │   ├── cmake_clean.cmake
        │   │       │   │   ├── compiler_depend.make
        │   │       │   │   ├── compiler_depend.ts
        │   │       │   │   └── progress.make
        │   │       │   ├── visualization_msgs_generate_messages_eus.dir
        │   │       │   │   ├── DependInfo.cmake
        │   │       │   │   ├── build.make
        │   │       │   │   ├── cmake_clean.cmake
        │   │       │   │   ├── compiler_depend.make
        │   │       │   │   ├── compiler_depend.ts
        │   │       │   │   └── progress.make
        │   │       │   ├── visualization_msgs_generate_messages_lisp.dir
        │   │       │   │   ├── DependInfo.cmake
        │   │       │   │   ├── build.make
        │   │       │   │   ├── cmake_clean.cmake
        │   │       │   │   ├── compiler_depend.make
        │   │       │   │   ├── compiler_depend.ts
        │   │       │   │   └── progress.make
        │   │       │   ├── visualization_msgs_generate_messages_nodejs.dir
        │   │       │   │   ├── DependInfo.cmake
        │   │       │   │   ├── build.make
        │   │       │   │   ├── cmake_clean.cmake
        │   │       │   │   ├── compiler_depend.make
        │   │       │   │   ├── compiler_depend.ts
        │   │       │   │   └── progress.make
        │   │       │   └── visualization_msgs_generate_messages_py.dir
        │   │       │       ├── DependInfo.cmake
        │   │       │       ├── build.make
        │   │       │       ├── cmake_clean.cmake
        │   │       │       ├── compiler_depend.make
        │   │       │       ├── compiler_depend.ts
        │   │       │       └── progress.make
        │   │       ├── CTestTestfile.cmake
        │   │       ├── Makefile
        │   │       ├── catkin_generated
        │   │       │   ├── installspace
        │   │       │   │   ├── vikit_ros.pc
        │   │       │   │   ├── vikit_rosConfig-version.cmake
        │   │       │   │   └── vikit_rosConfig.cmake
        │   │       │   ├── ordered_paths.cmake
        │   │       │   ├── package.cmake
        │   │       │   ├── pkg.develspace.context.pc.py
        │   │       │   ├── pkg.installspace.context.pc.py
        │   │       │   └── stamps
        │   │       │       └── vikit_ros
        │   │       │           ├── package.xml.stamp
        │   │       │           └── pkg.pc.em.stamp
        │   │       └── cmake_install.cmake
        │   └── test_results
        ├── devel
        │   ├── _setup_util.py
        │   ├── cmake.lock
        │   ├── env.sh
        │   ├── include
        │   │   └── livox_ros_driver
        │   │       ├── CustomMsg.h
        │   │       └── CustomPoint.h
        │   ├── lib
        │   │   ├── fast_livo
        │   │   │   └── fastlivo_mapping
        │   │   ├── libimu_proc.so
        │   │   ├── liblaser_mapping.so
        │   │   ├── liblio.so
        │   │   ├── libpre.so
        │   │   ├── libvikit_common.so
        │   │   ├── libvikit_ros.so
        │   │   ├── libvio.so
        │   │   ├── livox_ros_driver
        │   │   │   └── livox_ros_driver_node
        │   │   ├── pkgconfig
        │   │   │   ├── fast_livo.pc
        │   │   │   ├── livox_ros_driver.pc
        │   │   │   ├── vikit_common.pc
        │   │   │   ├── vikit_py.pc
        │   │   │   └── vikit_ros.pc
        │   │   ├── python3
        │   │   │   └── dist-packages
        │   │   │       ├── livox_ros_driver
        │   │   │       │   ├── __init__.py
        │   │   │       │   └── msg
        │   │   │       │       ├── _CustomMsg.py
        │   │   │       │       ├── _CustomPoint.py
        │   │   │       │       └── __init__.py
        │   │   │       └── vikit_py
        │   │   │           └── __init__.py
        │   │   └── vikit_common
        │   │       ├── test_vk_common_camera
        │   │       ├── test_vk_common_patch_score
        │   │       └── test_vk_common_triangulation
        │   ├── local_setup.bash
        │   ├── local_setup.sh
        │   ├── local_setup.zsh
        │   ├── setup.bash
        │   ├── setup.sh
        │   ├── setup.zsh
        │   └── share
        │       ├── common-lisp
        │       │   └── ros
        │       │       └── livox_ros_driver
        │       │           └── msg
        │       │               ├── CustomMsg.lisp
        │       │               ├── CustomPoint.lisp
        │       │               ├── _package.lisp
        │       │               ├── _package_CustomMsg.lisp
        │       │               ├── _package_CustomPoint.lisp
        │       │               └── livox_ros_driver-msg.asd
        │       ├── fast_livo
        │       │   └── cmake
        │       │       ├── fast_livoConfig-version.cmake
        │       │       └── fast_livoConfig.cmake
        │       ├── gennodejs
        │       │   └── ros
        │       │       └── livox_ros_driver
        │       │           ├── _index.js
        │       │           └── msg
        │       │               ├── CustomMsg.js
        │       │               ├── CustomPoint.js
        │       │               └── _index.js
        │       ├── livox_ros_driver
        │       │   └── cmake
        │       │       ├── livox_ros_driver-msg-extras.cmake
        │       │       ├── livox_ros_driver-msg-paths.cmake
        │       │       ├── livox_ros_driverConfig-version.cmake
        │       │       └── livox_ros_driverConfig.cmake
        │       ├── roseus
        │       │   └── ros
        │       │       └── livox_ros_driver
        │       │           ├── manifest.l
        │       │           └── msg
        │       │               ├── CustomMsg.l
        │       │               └── CustomPoint.l
        │       ├── vikit_common
        │       │   └── cmake
        │       │       ├── vikit_commonConfig-version.cmake
        │       │       └── vikit_commonConfig.cmake
        │       ├── vikit_py
        │       │   └── cmake
        │       │       ├── vikit_pyConfig-version.cmake
        │       │       └── vikit_pyConfig.cmake
        │       └── vikit_ros
        │           └── cmake
        │               ├── vikit_rosConfig-version.cmake
        │               └── vikit_rosConfig.cmake
        └── src
            ├── CMakeLists.txt -> /opt/ros/noetic/share/catkin/cmake/toplevel.cmake
            ├── FAST-LIVO2
            │   ├── CMakeLists.txt
            │   ├── LICENSE
            │   ├── Log
            │   │   ├── Colmap
            │   │   │   └── sparse
            │   │   │       └── 0
            │   │   │           ├── cameras.txt
            │   │   │           ├── images.txt
            │   │   │           └── points3D.txt
            │   │   ├── guide.md
            │   │   ├── imu.txt
            │   │   ├── mat_out.txt
            │   │   ├── mat_pre.txt
            │   │   └── plot.py
            │   ├── README.md
            │   ├── Supplementary
            │   │   └── LIVO2_supplementary.pdf
            │   ├── config
            │   │   ├── avia.yaml
            │   │   └── camera_pinhole.yaml
            │   ├── include
            │   │   ├── IMU_Processing.h
            │   │   ├── LIVMapper.h
            │   │   ├── common_lib.h
            │   │   ├── feature.h
            │   │   ├── frame.h
            │   │   ├── preprocess.h
            │   │   ├── utils
            │   │   │   ├── color.h
            │   │   │   ├── so3_math.h
            │   │   │   └── types.h
            │   │   ├── vio.h
            │   │   ├── visual_point.h
            │   │   └── voxel_map.h
            │   ├── launch
            │   │   └── mapping_avia.launch
            │   ├── package.xml
            │   ├── pics
            │   │   └── Framework.png
            │   ├── rviz_cfg
            │   │   └── fast_livo2.rviz
            │   ├── scripts
            │   │   └── colmap_output.sh
            │   └── src
            │       ├── IMU_Processing.cpp
            │       ├── LIVMapper.cpp
            │       ├── frame.cpp
            │       ├── main.cpp
            │       ├── preprocess.cpp
            │       ├── vio.cpp
            │       ├── visual_point.cpp
            │       └── voxel_map.cpp
            ├── livox_ros_driver
            │   ├── LICENSE.txt
            │   ├── README.md
            │   ├── README_CN.md
            │   ├── images
            │   │   └── broadcast_code.png
            │   └── livox_ros_driver
            │       ├── CMakeLists.txt
            │       ├── cmake
            │       │   └── version.cmake
            │       ├── common
            │       │   ├── FastCRC
            │       │   │   ├── FastCRC.h
            │       │   │   ├── FastCRC_tables.hpp
            │       │   │   ├── FastCRCsw.cpp
            │       │   │   ├── LICENSE.md
            │       │   │   └── README.md
            │       │   ├── comm
            │       │   │   ├── comm_device.h
            │       │   │   ├── comm_protocol.cpp
            │       │   │   ├── comm_protocol.h
            │       │   │   ├── gps_protocol.cpp
            │       │   │   ├── gps_protocol.h
            │       │   │   ├── protocol.h
            │       │   │   ├── sdk_protocol.cpp
            │       │   │   └── sdk_protocol.h
            │       │   ├── rapidjson
            │       │   │   ├── allocators.h
            │       │   │   ├── cursorstreamwrapper.h
            │       │   │   ├── document.h
            │       │   │   ├── encodedstream.h
            │       │   │   ├── encodings.h
            │       │   │   ├── error
            │       │   │   │   ├── en.h
            │       │   │   │   └── error.h
            │       │   │   ├── filereadstream.h
            │       │   │   ├── filewritestream.h
            │       │   │   ├── fwd.h
            │       │   │   ├── internal
            │       │   │   │   ├── biginteger.h
            │       │   │   │   ├── clzll.h
            │       │   │   │   ├── diyfp.h
            │       │   │   │   ├── dtoa.h
            │       │   │   │   ├── ieee754.h
            │       │   │   │   ├── itoa.h
            │       │   │   │   ├── meta.h
            │       │   │   │   ├── pow10.h
            │       │   │   │   ├── regex.h
            │       │   │   │   ├── stack.h
            │       │   │   │   ├── strfunc.h
            │       │   │   │   ├── strtod.h
            │       │   │   │   └── swap.h
            │       │   │   ├── istreamwrapper.h
            │       │   │   ├── memorybuffer.h
            │       │   │   ├── memorystream.h
            │       │   │   ├── msinttypes
            │       │   │   │   ├── inttypes.h
            │       │   │   │   └── stdint.h
            │       │   │   ├── ostreamwrapper.h
            │       │   │   ├── pointer.h
            │       │   │   ├── prettywriter.h
            │       │   │   ├── rapidjson.h
            │       │   │   ├── reader.h
            │       │   │   ├── schema.h
            │       │   │   ├── stream.h
            │       │   │   ├── stringbuffer.h
            │       │   │   └── writer.h
            │       │   └── rapidxml
            │       │       ├── rapidxml.hpp
            │       │       ├── rapidxml_iterators.hpp
            │       │       ├── rapidxml_print.hpp
            │       │       └── rapidxml_utils.hpp
            │       ├── config
            │       │   ├── display_hub_points.rviz
            │       │   ├── display_lidar_points.rviz
            │       │   ├── livox_hub_config.json
            │       │   └── livox_lidar_config.json
            │       ├── launch
            │       │   ├── livox_hub.launch
            │       │   ├── livox_hub_msg.launch
            │       │   ├── livox_hub_rviz.launch
            │       │   ├── livox_lidar.launch
            │       │   ├── livox_lidar_msg.launch
            │       │   ├── livox_lidar_rviz.launch
            │       │   ├── livox_template.launch
            │       │   ├── lvx_to_rosbag.launch
            │       │   └── lvx_to_rosbag_rviz.launch
            │       ├── livox_ros_driver
            │       │   ├── include
            │       │   │   └── livox_ros_driver.h
            │       │   ├── lddc.cpp
            │       │   ├── lddc.h
            │       │   ├── ldq.cpp
            │       │   ├── ldq.h
            │       │   ├── lds.cpp
            │       │   ├── lds.h
            │       │   ├── lds_hub.cpp
            │       │   ├── lds_hub.h
            │       │   ├── lds_lidar.cpp
            │       │   ├── lds_lidar.h
            │       │   ├── lds_lvx.cpp
            │       │   ├── lds_lvx.h
            │       │   ├── livox_ros_driver.cpp
            │       │   ├── lvx_file.cpp
            │       │   └── lvx_file.h
            │       ├── msg
            │       │   ├── CustomMsg.msg
            │       │   └── CustomPoint.msg
            │       ├── package.xml
            │       └── timesync
            │           ├── timesync.cpp
            │           ├── timesync.h
            │           └── user_uart
            │               ├── user_uart.cpp
            │               └── user_uart.h
            └── rpg_vikit
                ├── README.md
                ├── vikit_common
                │   ├── CMakeLists.txt
                │   ├── CMakeModules
                │   │   └── FindEigen.cmake
                │   ├── include
                │   │   └── vikit
                │   │       ├── abstract_camera.h
                │   │       ├── aligned_mem.h
                │   │       ├── atan_camera.h
                │   │       ├── blender_utils.h
                │   │       ├── equidistant_camera.h
                │   │       ├── file_reader.h
                │   │       ├── file_reader_types.h
                │   │       ├── homography.h
                │   │       ├── img_align.h
                │   │       ├── math_utils.h
                │   │       ├── nlls_solver.h
                │   │       ├── nlls_solver_impl.hpp
                │   │       ├── omni_camera.h
                │   │       ├── patch_score.h
                │   │       ├── performance_monitor.h
                │   │       ├── pinhole_camera.h
                │   │       ├── polynomial_camera.h
                │   │       ├── ringbuffer.h
                │   │       ├── robust_cost.h
                │   │       ├── sample.h
                │   │       ├── timer.h
                │   │       ├── user_input_thread.h
                │   │       └── vision.h
                │   ├── package.xml
                │   ├── src
                │   │   ├── atan_camera.cpp
                │   │   ├── equidistant_camera.cpp
                │   │   ├── homography.cpp
                │   │   ├── img_align.cpp
                │   │   ├── math_utils.cpp
                │   │   ├── omni_camera.cpp
                │   │   ├── performance_monitor.cpp
                │   │   ├── pinhole_camera.cpp
                │   │   ├── polynomial_camera.cpp
                │   │   ├── robust_cost.cpp
                │   │   ├── user_input_thread.cpp
                │   │   └── vision.cpp
                │   ├── test
                │   │   ├── data
                │   │   │   └── scene_000.png
                │   │   ├── test_camera.cpp
                │   │   ├── test_patch_score.cpp
                │   │   └── test_triangulation.cpp
                │   └── vikit_commonConfig.cmake.in
                ├── vikit_py
                │   ├── CMakeLists.txt
                │   ├── package.xml
                │   ├── setup.py
                │   └── src
                │       └── vikit_py
                │           ├── __init__.py
                │           ├── align_trajectory.py
                │           ├── cpu_info.py
                │           ├── depthmap_utils.py
                │           ├── math_utils.py
                │           ├── ros_node.py
                │           └── transformations.py
                └── vikit_ros
                    ├── CMakeLists.txt
                    ├── include
                    │   └── vikit
                    │       ├── camera_loader.h
                    │       ├── output_helper.h
                    │       └── params_helper.h
                    ├── package.xml
                    └── src
                        └── output_helper.cpp

2403 directories, 16940 files
